loan_id,asof_date,grossapproval,exposure_at_default,collateral_value,total_assets,total_debt,current_assets,current_liabilities,maturity_years,days_past_due,loanstatus,origination_pd,default_flag,loss_severity
0,2002-01-01,94923.97572955559,94923.97572955559,45219.18104463304,763256.4235905226,555769.3293229564,97876.5547902384,124208.80610377001,1.6927644600290663,0,PIF,0.1308170061422011,0,0.0
1,2019-04-01,98331.33032985975,98331.33032985975,84602.11558559652,247870.3666550382,119258.27688720661,158295.85191257493,179306.68251073582,3.805105898305531,0,PIF,0.06637624857040855,0,0.0
2,2016-04-01,101896.89714994459,101896.89714994459,82094.64432475857,432101.7084923392,337566.8844118605,55617.1215540805,91590.77291354774,2.841317637549095,30,PIF,0.03208536727988539,0,0.0
3,2010-10-01,328806.1653396404,328806.1653396404,353854.9248519109,372754.18518049346,303139.17764444224,47997.184996164506,25449.468677170764,1.2828204755859391,0,PIF,0.04422019097634824,0,0.0
4,2010-10-01,104886.03389433029,104886.03389433029,85811.70399468225,828413.992408179,215251.0072930786,100095.21451772239,80314.98946406835,1.709496262515819,0,PIF,0.11457912717183184,0,0.0
5,2021-04-01,433572.04306861985,433572.04306861985,307590.910104989,834217.4805970644,283988.5589724042,19595.829386261626,31590.54991255864,1.5641229269354184,0,PIF,0.12164897435864808,0,0.0
6,2002-01-01,389422.1817220516,389422.1817220516,247473.677982493,613726.4595854065,224618.35445879752,53574.71940274611,91890.21426881471,3.4788713852750126,0,PIF,0.1267365317606707,0,0.0
7,2017-04-01,418913.9862071108,418913.9862071108,272433.20018866856,170806.91502360732,48315.36210246009,77203.93369566146,76917.90119558404,1.349297595531287,0,PIF,0.00933619743272504,0,0.0
8,2005-01-01,286727.2370987094,286727.2370987094,354126.23364451504,475398.08751980803,220598.02637885796,102649.64538657294,68744.62914519072,4.292187123109972,0,PIF,0.03186433185998335,0,0.0
9,2002-04-01,498504.74518361903,498504.74518361903,273465.11789559526,281169.26030372654,85595.39326743122,61192.97513281917,60486.88745165965,4.2266365237475885,0,PIF,0.027697388907562927,0,0.0
10,2013-01-01,69878.79632487257,69878.79632487257,90098.83972415194,805630.8438112752,504672.49663936306,116520.93399459722,121022.48998678099,1.3202479884831297,0,CHGOFF,0.10869172265703674,1,0.34580891485751597
11,2024-04-01,230569.233883751,230569.233883751,160067.5050463285,193490.29519328556,44752.82591295776,176898.7866245826,199435.18423977468,4.552788790920734,0,PIF,0.140885122359374,0,0.0
12,2018-04-01,195771.50102193627,195771.50102193627,93882.46056580372,124534.42620578004,45571.545406176796,113308.21765794439,88844.32899747397,4.836643302704795,0,PIF,0.014594848674093438,0,0.0
13,2019-01-01,476890.47442068846,476890.47442068846,297494.4560782833,657631.8075110641,448778.8073903664,64499.50912992204,54029.8436714023,1.1738723927249803,0,PIF,0.2837463746833049,0,0.0
14,2017-10-01,309587.43132391677,309587.43132391677,140110.89447639196,451694.58147388534,211770.72529482382,21776.384680439827,28697.413704879145,4.801318272547327,0,PIF,0.038082599716706245,0,0.0
15,2019-07-01,412785.93445012637,412785.93445012637,458616.23263702076,767459.2078345292,373883.2507708474,35966.59790218149,45695.98745042683,2.1178486775587433,0,PIF,0.03169399079554535,0,0.0
16,2012-10-01,126653.53714633349,126653.53714633349,109086.39027172109,141196.29755883565,111310.71779096288,116631.30002396622,154763.1479314414,3.659047763212762,0,PIF,0.24592150874319146,0,0.0
17,2003-01-01,490385.3647551975,490385.3647551975,344882.12131163426,736882.4287384308,690907.7759188503,139904.67923983216,129859.38007470113,1.6992629849478669,15,CHGOFF,0.25296837754957563,1,0.4510006565166576
18,2020-10-01,274387.7960943418,274387.7960943418,273247.617165723,110614.49733220982,66595.92564246415,19436.909275273407,16930.317173064173,4.269823398418413,0,PIF,0.0905504732189236,0,0.0
19,2011-04-01,272152.4343217906,272152.4343217906,263329.76223928016,103017.40976944471,21968.847626998646,45254.46764556152,40373.9607613291,4.367653366241695,15,PIF,0.010107588224560156,0,0.0
20,2012-07-01,486898.127845582,486898.127845582,606619.0157315393,458278.9164194443,106468.44828175334,70625.4414285484,122298.33940124768,4.9133656207859815,0,PIF,0.06304435402342533,0,0.0
21,2009-04-01,221329.56254771526,221329.56254771526,280011.65771876473,261458.8575381345,241797.30247605577,70756.89068729544,67455.5966559385,4.97013384868333,0,PIF,0.07617808177536067,0,0.0
22,2004-07-01,228886.26104974683,228886.26104974683,231773.75235225007,566849.3397453551,393046.4904205752,192097.33269381258,239849.91631167915,1.3034308311041123,0,PIF,0.045797886822493666,0,0.0
23,2023-01-01,313138.7162622215,313138.7162622215,355736.33314132213,101169.93525340575,76077.29187362672,48716.41360906029,55146.028385782294,3.631854405112298,0,PIF,0.07985842629124829,0,0.0
24,2019-07-01,107623.67474650411,107623.67474650411,119804.80103209688,109019.4247376424,75290.0146077866,21878.86640103069,35590.58263014906,2.0921847086091696,0,PIF,0.029466852771392785,0,0.0
25,2016-01-01,194488.5318853347,194488.5318853347,163793.02526052773,676261.7668609911,198614.07837450717,77072.81756934062,70657.54761529386,1.5023111425245808,0,CHGOFF,0.12737542407098185,1,0.3573097870629204
26,2010-01-01,136943.74510030873,136943.74510030873,141601.5386473468,252335.43324369556,128360.44306799099,35543.9744956391,35821.29647892243,1.5951816748603922,0,PIF,0.04230345758685859,0,0.0
27,2020-07-01,96477.56559817232,96477.56559817232,45386.2409319645,618262.0414018015,487477.57866258395,34050.57337579993,53796.90962955726,4.745748955713621,0,PIF,0.059387791692007606,0,0.0
28,2013-07-01,439765.072848959,439765.072848959,475922.106306961,694936.172430622,585893.9949866871,87415.62561225439,54664.544983373744,3.7345969533813803,0,PIF,0.027841394252859246,0,0.0
29,2011-01-01,315199.02475736424,315199.02475736424,398931.5531647752,128651.5558944733,43724.59997708017,68214.31645749023,84040.8814838136,1.2018438038761645,0,PIF,0.14438001662012762,0,0.0
30,2011-04-01,211402.75618756004,211402.75618756004,100728.60979044875,711198.2426606761,445757.3190662395,27428.08746951831,26327.439206452884,4.936920312584371,0,PIF,0.034229710541820696,0,0.0
31,2005-07-01,233901.21981502077,233901.21981502077,269572.1396563735,300105.39872825454,82733.51313907099,124817.65159121537,222188.9229173723,4.231248945442859,60,PIF,0.21822231093137226,0,0.0
32,2002-04-01,244183.5516593096,244183.5516593096,302709.95954469853,399427.6857237936,366124.0038294927,105322.95554386651,148498.8123869269,2.2367172226029,0,PIF,0.37799485741926486,0,0.0
33,2013-10-01,334917.1319651192,334917.1319651192,202145.93361544062,151044.1376821597,53131.804132813944,24648.937100748022,10223.855761397317,2.883466774422802,0,PIF,0.013023987407236709,0,0.0
34,2022-01-01,467046.22617004695,467046.22617004695,407418.46663024795,767676.5863591792,561408.107998119,173921.45006268742,273972.10530271946,3.906303916808169,0,PIF,0.17882458509652102,0,0.0
35,2001-07-01,469750.82884564216,469750.82884564216,580176.2849544937,539797.6047871264,180773.01170123433,64095.48106034322,88737.08609284037,3.7041283433577856,0,PIF,0.06298870050604422,0,0.0
36,2021-04-01,226171.39078879854,226171.39078879854,285926.64213859715,493825.5278346812,317452.35998850805,192662.3491399641,228371.4065365856,2.852323595256943,0,PIF,0.11990721342399216,0,0.0
37,2020-07-01,198168.1068189963,198168.1068189963,102075.23172993654,874214.9449402596,592203.209632951,186992.34018570188,136612.83888040888,3.0495596027962675,0,PIF,0.06167613077534446,0,0.0
38,2006-10-01,252970.92508336477,252970.92508336477,180647.499650435,354294.72315135004,146232.48366360212,92478.35898156303,56323.32591028292,1.17283072166573,90,DELQ,0.029232005866987237,0,0.0
39,2015-10-01,305570.4036928216,305570.4036928216,314227.26732633123,810439.0149108907,652457.7812538863,53427.71868328364,68374.62456445061,3.0025329779477943,15,PIF,0.13584339118574354,0,0.0
40,2004-01-01,257818.06015238672,257818.06015238672,154536.8283307136,670144.0624729755,575182.4498084615,168622.0153807423,171305.86778091153,2.3609875668961458,0,PIF,0.0361995812636283,0,0.0
41,2018-10-01,346439.03441751545,346439.03441751545,239837.5144591753,841393.0713988359,701768.8926115831,78644.3099082649,126323.87276501124,2.1402048018998254,30,PIF,0.16522967968396582,0,0.0
42,2017-07-01,299479.56052089366,299479.56052089366,126069.50098120165,824397.683265217,341827.08109376,41074.631987546665,31517.509774398346,2.078489699072744,0,PIF,0.11137760269377925,0,0.0
43,2008-10-01,194321.99601233425,194321.99601233425,104578.17392768105,892644.4401213771,665441.6210311276,114805.46600559882,148389.2762867472,3.5957875894257936,120,DELQ,0.115224918578659,0,0.0
44,2001-07-01,205578.86259318466,205578.86259318466,186274.29711577418,187974.9366704692,112332.43187197471,102986.4641132405,77073.0358958954,2.7170304828852743,0,CHGOFF,0.15189944272219993,1,0.3469004141271933
45,2024-04-01,220366.75440187892,220366.75440187892,217674.10617995617,732733.4415151079,457300.88962275715,171503.39697465173,221384.1156543426,2.703209633711698,120,DELQ,0.07418913745239099,0,0.0
46,2011-01-01,92587.89571222491,92587.89571222491,91108.4011344272,739685.3710569526,393468.2867315849,148563.4621694731,69480.53126266442,1.636747965405915,0,PIF,0.025114855074916342,0,0.0
47,2022-04-01,124728.1845862879,124728.1845862879,137266.41346102097,608386.2931063592,383410.46773279354,176466.5024989832,167359.13645752848,4.847454272974468,0,PIF,0.025481678923471255,0,0.0
48,2016-10-01,375401.2109654237,375401.2109654237,290467.9154342474,308665.98575532564,79797.35739282964,149593.55335360114,96003.1381880183,1.8957048098022056,30,PIF,0.014965849693014887,0,0.0
49,2019-04-01,225093.520184936,225093.520184936,145442.29732493346,871421.5827352183,415735.87979438493,132013.24252308143,164793.1332442338,2.6244368264031386,0,PIF,0.20673767422271014,0,0.0
50,2018-10-01,146542.53765206464,146542.53765206464,60671.92685119038,247626.15306997186,72340.86290468676,105033.65893263242,88587.41240966613,1.7608190567189559,0,PIF,0.03033934035613545,0,0.0
51,2004-10-01,303202.5847586858,303202.5847586858,177666.66151606353,489651.81025392,183171.11577992325,197635.12500432503,292528.77347697184,3.8125714095565915,0,PIF,0.02634946598307467,0,0.0
52,2009-01-01,389992.79411304224,389992.79411304224,265643.2137999964,507619.43251173274,128047.82862999513,192241.31656003275,107738.20563120338,2.7445149858434172,0,PIF,0.009524402609990849,0,0.0
53,2011-07-01,165840.06305541715,165840.06305541715,92934.47790623215,212700.06276555185,68063.27226933485,171282.06649179242,201889.8795130486,2.654599756072406,0,PIF,0.008846925891256548,0,0.0
54,2012-04-01,422055.446865685,422055.446865685,176474.05427370837,672473.6343132575,521532.49187932943,157310.6506192503,193672.85147633706,4.500379541556269,0,PIF,0.07586923233438592,0,0.0
55,2001-01-01,467377.1868312723,467377.1868312723,253179.55310263243,152871.0746277966,90173.9338682865,119736.3145225173,51599.854619853395,4.037919399173813,0,PIF,0.0443438932253426,0,0.0
56,2013-07-01,318827.53808322834,318827.53808322834,318664.80793734925,648340.178654303,109514.05374227927,59353.13849997929,26731.466232173512,3.0795002115567236,0,PIF,0.007826529413259791,0,0.0
57,2003-10-01,351026.4465462108,351026.4465462108,339311.5970060067,775864.7069583223,605810.3600874209,176333.41514671332,146627.62523950063,2.874361616164548,0,PIF,0.059429701896235074,0,0.0
58,2018-07-01,73659.19564537492,73659.19564537492,91493.21208908712,366505.0685675676,321635.5817332741,12055.065627001966,15101.44840226871,4.8396055911882225,0,PIF,0.06844795292969126,0,0.0
59,2017-01-01,475483.9509598579,475483.9509598579,531758.1718359678,661725.0630513441,565340.4538813137,53213.59369084731,93000.43948839647,4.825848658764947,0,PIF,0.24025190156042703,0,0.0
60,2023-01-01,226618.1304192247,226618.1304192247,206444.69892705657,208554.68668123684,168598.42551499658,86709.16456604926,45704.133056906496,3.8190834716395505,0,CHGOFF,0.05809674460270137,1,0.3592024081448206
61,2018-07-01,465755.1802454434,465755.1802454434,243962.8953767223,773678.1811913605,730176.6974302164,121369.85949447367,168027.8175786654,4.040591705945731,0,PIF,0.09941065150921455,0,0.0
62,2009-01-01,310539.88613760914,310539.88613760914,281866.0730352507,860665.9928136442,532856.8759227806,116567.07086846762,159673.87336628916,4.596371632615263,30,PIF,0.07858803532469874,0,0.0
63,2024-01-01,52078.459479497425,52078.459479497425,23718.382087359678,205208.82866981707,188806.50809215306,43405.00701320409,58043.95073348071,4.85723502348295,0,PIF,0.39065503893274484,0,0.0
64,2010-04-01,67343.89969554608,67343.89969554608,53053.28225862435,647324.7686573124,588467.0139352462,29911.657964571037,33579.015020755796,1.3290990650832932,0,CHGOFF,0.28420280043254226,1,0.47683373843032417
65,2008-01-01,356188.4625514649,356188.4625514649,267580.4439585157,494781.4991763512,198205.00781932365,52242.49624120314,91610.16002338857,4.989355329882327,30,CHGOFF,0.2688479802712961,1,0.40807040788492027
66,2022-07-01,303200.6062243699,303200.6062243699,238022.3082047488,515829.4521025505,433682.0668659002,76254.66989033189,84069.6445186147,3.8120888598775946,0,PIF,0.025382628116987275,0,0.0
67,2009-04-01,61939.596742733454,61939.596742733454,40374.912786277724,659321.5692525643,516893.69254466513,12670.20070481638,19938.02942312799,3.3709794167665104,0,PIF,0.10902219935364885,0,0.0
68,2001-10-01,384556.9825500734,384556.9825500734,391189.5917512948,480767.20945587853,370497.9720667035,141566.60590447258,108656.45338233595,2.652668501307591,0,PIF,0.045152014697031846,0,0.0
69,2011-07-01,433465.4016811318,433465.4016811318,501454.4588507245,572267.6414545277,496170.13267279766,57068.212790123376,87247.70413414948,2.3455595747441498,0,PIF,0.10372362806603871,0,0.0
70,2019-10-01,273387.8670976887,273387.8670976887,298448.04613054375,269338.8359173293,123182.6574220017,76766.84294418886,137809.07495926364,4.216840834095909,0,PIF,0.11533768733840487,0,0.0
71,2004-07-01,259590.84816076473,259590.84816076473,250499.16834725294,390375.4091206768,183493.6081513376,73631.3212109409,123267.695657861,3.61774022618645,0,PIF,0.11381385732558462,0,0.0
72,2011-07-01,52462.898975582364,52462.898975582364,46403.975529527175,789497.0870586317,522680.11000393203,107247.66216691914,88554.43822087998,1.8028206752859761,0,PIF,0.01760219584494939,0,0.0
73,2003-01-01,403992.3706221197,403992.3706221197,172898.9426621079,170120.0595516762,125930.29046112968,173361.9471979761,274712.8895880746,3.439644148536024,0,CHGOFF,0.07998228142546338,1,0.7740789379968572
74,2017-01-01,198822.23003574743,198822.23003574743,208890.7068240281,570011.7139655848,486670.1200748252,38384.09116605282,20472.537798791534,1.5646644068858615,0,PIF,0.11493948857341921,0,0.0
75,2011-10-01,445443.6289021428,445443.6289021428,396660.7120268999,231115.39103260997,196604.3756694928,74738.1515139413,100806.11498708173,2.9874993060245143,0,PIF,0.24171126570848758,0,0.0
76,2008-04-01,217877.26440112386,217877.26440112386,140240.39329220992,774162.470297165,562871.6229750515,141485.47346903887,124366.39986529275,3.3338305513385937,0,CHGOFF,0.09785462378263822,1,0.5770357044940141
77,2005-07-01,304285.0597838175,304285.0597838175,211495.71486647835,554816.0421599108,507941.97733385867,18403.968523282987,24332.588443916717,3.5427362829761293,0,CHGOFF,0.1455989097172988,1,0.34435833414504624
78,2014-01-01,171653.8046896974,171653.8046896974,213201.94000780815,410500.0017896223,120236.63898613151,167695.9406808225,163863.85544141254,1.5810487588937407,0,PIF,0.053104351758674846,0,0.0
79,2016-07-01,122264.74066321341,122264.74066321341,117609.63544652886,284856.23239449074,259296.61754883395,192746.77669451103,79536.2653949257,1.3823941146030814,0,PIF,0.06587516364718984,0,0.0
80,2023-07-01,398708.5565215976,398708.5565215976,330258.74647632305,438212.6533355002,88235.51373111815,125451.06849057825,90799.8745472195,2.0348326639014314,15,CHGOFF,0.08711715713448798,1,0.3483496122830222
81,2010-10-01,273465.7154808267,273465.7154808267,262207.0132185941,865242.1072558287,514384.2739443287,191736.59049583704,88072.4246794374,3.428119328618454,0,PIF,0.04625087479286138,0,0.0
82,2004-01-01,291419.56568851287,291419.56568851287,225083.17406425328,497551.61758976884,110534.85612731817,88481.74759203207,88320.52428479369,4.726731255883691,0,PIF,0.037273489606813474,0,0.0
83,2020-10-01,484437.17906678095,484437.17906678095,398771.2682966205,464981.41599388537,281035.13058591256,88856.028824476,140045.96938517812,4.116494123601415,0,PIF,0.09031014336028152,0,0.0
84,2015-07-01,483610.96049996914,483610.96049996914,319801.4488305734,691944.5270702534,319739.1034530863,30187.292788553117,43264.29105167879,3.9828421006897097,0,PIF,0.1003915405096173,0,0.0
85,2017-07-01,435038.9547660816,435038.9547660816,346233.57003225276,390818.5980821635,84138.37660036067,16734.91764995624,25177.299717760427,2.3209293782308635,0,PIF,0.034716267419739044,0,0.0
86,2002-04-01,134424.1817442651,134424.1817442651,136713.83006782713,430487.6389022511,287778.1643375244,56455.82044556144,86381.89398952064,1.4468295191006342,0,PIF,0.07990250501899236,0,0.0
87,2007-10-01,317422.71243571094,317422.71243571094,138379.71175505032,356297.13988872763,261863.57574969114,100844.44484921807,92849.0639592994,4.567757624481008,0,PIF,0.15341742933364624,0,0.0
88,2019-01-01,445166.34109499183,445166.34109499183,496594.03421663714,203754.19937010092,58955.93750078646,106459.65426394892,118003.7156003212,3.003414020066515,0,PIF,0.04780489685429583,0,0.0
89,2020-10-01,218508.771402022,218508.771402022,143053.66918577117,665323.5556461735,469418.61915634514,51339.32253087233,57080.6830694483,1.402043384817008,0,PIF,0.1809848665843512,0,0.0
90,2010-10-01,95497.77467101323,95497.77467101323,96863.75708584447,795885.3493845714,233383.8593756014,126433.07818567123,70611.85305655573,3.1398749204687166,0,PIF,0.032217589754505026,0,0.0
91,2020-01-01,414933.3060079648,414933.3060079648,405992.64811087213,822585.9723790678,213804.20934601055,44429.116219293704,54976.54269128637,3.701640970661025,0,PIF,0.12466514579240145,0,0.0
92,2021-01-01,266793.5981129772,266793.5981129772,263422.7261590665,802258.4091909793,214917.49719890993,71980.11665112904,101366.12096357148,2.2796001184093537,0,PIF,0.10161127669701668,0,0.0
93,2009-07-01,303976.70616163034,303976.70616163034,287962.00486122497,450462.7179991542,283459.4200358264,47184.807885972215,59233.68199150999,1.0369957267345433,0,PIF,0.24681113839347418,0,0.0
94,2022-04-01,491964.93334303,491964.93334303,621445.9979887627,312934.2776066209,241908.4127992132,142366.08399812612,205626.78208808563,3.4864278485910485,0,PIF,0.0744029282413904,0,0.0
95,2007-01-01,323245.14372233243,323245.14372233243,277185.86122672533,603097.4746726751,378452.6884064073,108148.77656223925,61260.63389318667,1.16038207371794,0,PIF,0.08303607632336385,0,0.0
96,2005-10-01,241240.72354974563,241240.72354974563,255494.96338650808,862858.027762946,688113.0229791598,149859.20882379694,219689.48273411972,2.731173163484749,15,PIF,0.23800014828912844,0,0.0
97,2017-01-01,216492.965531239,216492.965531239,224049.52218839832,676181.5314982561,421384.0731899213,20877.15222241344,14434.382559222946,4.299100912507388,15,PIF,0.017804005438069814,0,0.0
98,2015-10-01,237928.68169432052,237928.68169432052,145764.82254777793,485775.82050392835,382721.87958433066,90818.79524467688,147812.81606177648,4.995390529369921,60,CHGOFF,0.4,1,0.47495213120660396
99,2003-04-01,103279.58743040095,103279.58743040095,67645.57414121537,644823.0311010275,600470.8139604592,193722.1300064699,143916.91375001453,2.48121165593667,0,PIF,0.4,0,0.0
100,2020-10-01,407637.7512879073,407637.7512879073,318615.93927546014,713481.0882126054,330176.1066211389,20187.707794209087,21980.160988170242,1.0805077060007884,0,PIF,0.1343547021314592,0,0.0
101,2004-10-01,426972.5861841685,426972.5861841685,277501.4976667485,833800.794289018,225087.64411860812,89491.9510422328,96845.75660778896,2.9716124077550883,0,PIF,0.1133824252283473,0,0.0
102,2020-01-01,177978.710558034,177978.710558034,129936.70169146416,705836.9182571664,182329.99239111348,17675.661582567907,13723.214824487024,2.105101589727969,0,PIF,0.07311054889986734,0,0.0
103,2000-01-01,186708.47828447484,186708.47828447484,140379.48647993623,435216.2556214426,273308.0082908829,37864.13098445199,34319.799109694104,4.571100054356769,0,PIF,0.07341788662562422,0,0.0
104,2019-10-01,443450.4153506659,443450.4153506659,418385.7574675569,304357.345141697,178865.47108534645,97880.02579887978,64584.71074234194,3.846012601310776,0,PIF,0.041392423397971646,0,0.0
105,2019-07-01,60786.65998757996,60786.65998757996,36344.40713118354,489902.9650782648,145691.41133778563,39927.54555996999,47838.82842415365,2.61729307522381,0,CHGOFF,0.1238255712260477,1,0.6606999233083162
106,2019-07-01,284205.8496952525,284205.8496952525,319408.3477081186,349105.91457648686,298724.33498211775,108563.53074313019,182195.5768339351,4.048112923672678,0,PIF,0.07060922176844292,0,0.0
107,2016-07-01,258654.07160667545,258654.07160667545,205315.1327820808,853066.9660040075,780896.3872258001,185319.0197263132,156270.37481770964,2.36482347569173,60,PIF,0.0484504892572703,0,0.0
108,2011-10-01,360557.0463103069,360557.0463103069,373399.98031842493,496531.99162896903,175063.53280969942,48077.43605751108,53427.86111130367,3.0870543404551594,0,PIF,0.04134461347170308,0,0.0
109,2017-07-01,123526.26506725451,123526.26506725451,58464.762999841165,467086.1954904868,147368.65820877353,30365.43684531758,48786.1085428891,4.691141119196681,0,PIF,0.1322677900147884,0,0.0
110,2006-10-01,350748.8333578192,350748.8333578192,288655.36568003014,365520.8988869876,117382.46103066737,166802.54677676086,172390.20953309097,1.8006290649481178,0,PIF,0.03457018212118579,0,0.0
111,2019-07-01,219530.3035436944,219530.3035436944,93387.65963575272,604313.7320391122,277946.38018993655,97451.27100861349,152390.8341696119,2.2522320076268243,0,CHGOFF,0.04479247955297057,1,0.620501237248386
112,2013-10-01,328421.6501763389,328421.6501763389,331153.7874650048,506442.0484691772,421654.40204475104,177696.1087803862,182129.08138735822,4.542373650107837,30,CHGOFF,0.08262633465666527,1,0.34948403414941487
113,2011-04-01,68042.75444274917,68042.75444274917,48265.38410884868,185820.11677657036,116466.19362328124,68163.42598642356,69277.17910858744,2.847513441241647,15,PIF,0.03771016508677153,0,0.0
114,2012-07-01,257777.23873302923,257777.23873302923,323337.08784499386,792750.4048810055,161754.96901789118,129231.08098554703,80140.83879540686,2.2715553146943153,0,PIF,0.0048634307313571105,0,0.0
115,2014-01-01,285012.9022920674,285012.9022920674,197146.78571284568,374390.5223579147,197821.68776323827,185429.57531731622,106616.50859884474,1.149194680735762,0,PIF,0.014530913117545452,0,0.0
116,2000-10-01,146446.88128474395,146446.88128474395,132889.60638707405,434714.3125656865,96621.92727721998,42622.201895102124,53537.553528965065,2.6758121503476042,0,CHGOFF,0.0940164384082816,1,0.3977217583708596
117,2003-04-01,112830.64438060432,112830.64438060432,71269.3431713082,248646.98646413485,118100.18021553794,162138.42626802664,252654.94847347293,3.0024044454752365,0,PIF,0.11151291299449799,0,0.0
118,2006-01-01,134813.43635553564,134813.43635553564,129164.9375344848,533786.5302466692,252382.87285278417,129988.18247057419,76637.013356765,2.6253314692843492,0,PIF,0.042583185801973046,0,0.0
119,2002-10-01,204863.4851285066,204863.4851285066,168057.32524721508,655685.151191438,438444.9451916763,164459.88147914014,275327.47210794943,2.1098369350822352,0,PIF,0.21230201345049793,0,0.0
120,2010-10-01,93564.56718723715,93564.56718723715,68635.73246251428,802555.5629132704,473157.2046377913,42431.73554109055,38291.74419768132,2.4765206942154645,0,PIF,0.021776257258499344,0,0.0
121,2016-07-01,476293.908078322,476293.908078322,277831.95972792443,122318.28527725537,103946.5468026249,92476.42936403234,92047.34697412881,3.569779194214879,0,PIF,0.03936234062294042,0,0.0
122,2016-04-01,232247.32767311778,232247.32767311778,116209.41177354366,878132.1659534902,143153.23401727946,34479.07341062101,56967.52367903629,4.56511887985201,0,PIF,0.1033036201233128,0,0.0
123,2011-10-01,414036.32112803706,414036.32112803706,210285.41249430738,657130.5484566925,505464.19864281645,192415.60051721928,318412.22782895126,3.5987032903100076,0,PIF,0.10299398558893204,0,0.0
124,2021-04-01,488487.705398981,488487.705398981,634611.9713373334,313124.92121744424,52644.65116398938,21911.42736242555,24865.140964731247,3.5846497438950644,0,PIF,0.070938430075923,0,0.0
125,2014-01-01,86330.8760012326,86330.8760012326,66567.98201135405,247669.29911145216,97440.99370310627,22441.845618933774,17672.300866190028,4.267499447923511,0,PIF,0.05741442657762229,0,0.0
126,2001-10-01,343251.2605707473,343251.2605707473,137896.6414223503,322792.0932967703,275577.45860970544,180649.67651452342,115745.00468696642,1.6605711109330654,0,PIF,0.18940935483948376,0,0.0
127,2019-01-01,442134.0890335463,442134.0890335463,556043.7080949631,798095.1163664828,560527.2104035495,67144.80814615825,52387.18951193135,2.204390517832554,0,PIF,0.06421921135574665,0,0.0
128,2014-04-01,335405.4952850277,335405.4952850277,140193.43685786298,318939.94202067936,91726.27980377963,123433.80624095853,184271.6578191641,1.2023639318994839,0,CHGOFF,0.10754227940135383,1,0.7809417057168173
129,2015-10-01,243061.75461083572,243061.75461083572,188792.75216406715,459513.3303369333,249344.63182475793,64620.35049238829,55213.38016486744,2.3985511874929624,0,CHGOFF,0.2388706481593375,1,0.5258933636604743
130,2014-01-01,243984.36093707223,243984.36093707223,255141.72364458026,658705.2044786307,479223.41358786065,133264.091369231,182889.7793542016,4.995295129066022,0,PIF,0.11314815064271853,0,0.0
131,2013-10-01,66154.49870331152,66154.49870331152,80916.16855458188,795031.6882535862,715428.8678282696,46569.18016130517,31354.15122904493,2.3172495814623035,0,PIF,0.1375411089264429,0,0.0
132,2002-04-01,290570.3380801739,290570.3380801739,302657.38487480185,620028.3531238054,407641.9557707949,97185.19702977917,103978.93656318176,4.439091984103628,0,PIF,0.05942378394024462,0,0.0
133,2013-10-01,497094.34855408134,497094.34855408134,406256.9077660566,697549.5411582266,118402.28871207709,111363.51320827495,99441.90462320528,1.3431108557217297,0,PIF,0.06918389622918529,0,0.0
134,2019-10-01,481418.38668737037,481418.38668737037,614770.2375702191,222127.9729626836,122117.40488841756,73392.1491545547,81102.52671068815,2.8388494533439976,0,PIF,0.21455083586900528,0,0.0
135,2007-07-01,68179.65297897343,68179.65297897343,29684.564893089515,799474.4187067338,217752.2968544314,57823.11614110089,69267.6643077716,2.4058514615265465,0,PIF,0.0606406451756884,0,0.0
136,2015-01-01,367608.6516332697,367608.6516332697,473554.56134745426,306089.73056685075,57613.32337020674,36639.2668575312,65485.68959379202,1.8063314529256624,0,PIF,0.08208685432531748,0,0.0
137,2000-10-01,185794.19001361888,185794.19001361888,216348.4898241198,185270.09452634287,116499.4116689343,144167.42389850476,239296.7405846088,2.490025028227456,0,PIF,0.07733074956065997,0,0.0
138,2008-07-01,456345.11903276155,456345.11903276155,564059.4589278748,880520.3180793488,679354.4642889358,41973.716038940416,57680.82911564149,3.6051124456557884,0,PIF,0.17893332312746157,0,0.0
139,2010-10-01,70301.63556917534,70301.63556917534,44240.48052845251,245344.738872412,43879.52488834935,65504.014325747485,40300.746024859545,2.9612322995563716,0,PIF,0.06006249425806469,0,0.0
140,2024-07-01,471143.34590498626,471143.34590498626,248863.69390646124,192054.61546394072,149201.7412131531,74012.66527713831,124832.72019950801,4.377336124833847,0,PIF,0.10941039564690763,0,0.0
141,2005-04-01,426864.0847044996,426864.0847044996,425576.5565217432,593337.1380834649,424301.50109988544,96329.69142613732,158907.43363805293,4.6197864273933495,0,PIF,0.09473300681162428,0,0.0
142,2006-10-01,102876.97201367069,102876.97201367069,88913.84007368564,341467.78258679813,256643.60357777722,143488.05291451272,235519.10933736633,2.9275713246777793,0,CHGOFF,0.2746359862301711,1,0.44079778122440044
143,2010-01-01,76920.95179278463,76920.95179278463,66986.70045626692,189346.3482480045,65472.691186316246,91309.57558420404,97758.18744813687,4.926905256604479,0,PIF,0.1703288417031966,0,0.0
144,2024-10-01,425618.44894712116,425618.44894712116,524428.8621303581,572919.3161170183,266336.6487680021,175507.78807274185,112147.61540359499,1.2880830541463357,30,PIF,0.019148446853109728,0,0.0
145,2021-04-01,120090.95193856071,120090.95193856071,115055.87649844875,702367.8863222331,172642.49126103363,139159.27285783505,202638.79311449744,2.1053568853449924,0,PIF,0.05076780886774368,0,0.0
146,2000-10-01,290704.1688391417,290704.1688391417,197666.46581165277,730422.6668498684,249156.4919927268,169312.4760647342,159817.61096169116,2.6668450816343037,0,PIF,0.009676042015905393,0,0.0
147,2005-10-01,462085.1860454193,462085.1860454193,351212.42065578175,207520.33283006336,81396.06064651096,146107.25265287873,128924.39768267864,3.330806041433309,15,PIF,0.1305323820979966,0,0.0
148,2020-07-01,305351.6510971955,305351.6510971955,158827.51673278434,536630.9957107527,217630.33090951075,38240.04196904893,36216.94557304221,3.1837189652528424,90,DELQ,0.14310247676923696,0,0.0
149,2001-04-01,228754.98566277084,228754.98566277084,131095.5102385217,747216.2639587978,216716.5605757923,195806.18735417712,231579.73898876802,3.271907055128295,0,PIF,0.03891631302572774,0,0.0
150,2021-04-01,250257.2246842965,250257.2246842965,132389.84152976295,212091.3493678319,63833.014320805676,159451.39049598944,138232.61404464956,4.585002890434525,0,PIF,0.06646180389434783,0,0.0
151,2007-01-01,78402.72681674195,78402.72681674195,88537.23632696552,250299.4464519534,218054.95061643206,118817.13604046237,162291.00194790025,2.110260767813224,0,PIF,0.12732556656650296,0,0.0
152,2022-10-01,485938.5446127195,485938.5446127195,502648.08629133046,81977.34589397565,63705.81628875061,41393.87874024397,54094.071857554794,4.267414982354515,0,PIF,0.10383735711301939,0,0.0
153,2007-04-01,189794.38328648725,189794.38328648725,166508.60830645647,510200.00824413623,217132.0229656224,42809.32323000515,47621.41905297556,3.232002216510637,15,PIF,0.07023640375367944,0,0.0
154,2010-10-01,135213.57125278423,135213.57125278423,99643.07907337049,239638.99142679974,217619.722340692,126722.92322342691,60264.673262372526,2.961961931690765,0,PIF,0.014119319308968708,0,0.0
155,2016-07-01,178721.28582817788,178721.28582817788,179015.25755327797,673878.9120960572,229885.81903163253,89077.45527038215,152425.75656496343,2.1976537025018765,0,PIF,0.059418727054925256,0,0.0
156,2003-01-01,483967.9377011655,483967.9377011655,547665.287283976,869015.3616064367,413178.8830119978,138413.3050978777,135143.2625796378,2.2162752110400112,0,PIF,0.01999610987016994,0,0.0
157,2013-10-01,92428.72406960315,92428.72406960315,110277.62518690179,251179.5009792376,201149.63055497708,80761.26773094351,83122.28075112784,2.553919485779548,0,PIF,0.21095332028668787,0,0.0
158,2012-07-01,440286.3682255316,440286.3682255316,392873.95691986836,612259.5496460968,308768.06009912805,107440.58257675303,111571.19133578558,4.054041952398766,0,PIF,0.08444542041111473,0,0.0
159,2019-07-01,368529.7524806515,368529.7524806515,419348.7558983654,253704.25839597933,85675.99359885957,45712.02721315279,41645.446030043015,2.9069315503690842,0,PIF,0.02171160971523028,0,0.0
160,2024-10-01,423508.63062156265,423508.63062156265,364291.68799124175,94765.62436335727,42154.43860585734,39488.21741582705,53088.87067913228,1.6153347410249999,0,PIF,0.11119358853447951,0,0.0
161,2016-07-01,489153.89316555334,489153.89316555334,404567.97376163,702014.4392559596,386512.90416579775,24372.505102713214,10223.894798563973,4.039452709371199,0,PIF,0.02320006790473334,0,0.0
162,2010-01-01,428969.59498259233,428969.59498259233,505707.3953251581,435883.8348537321,281805.65845229884,165731.46793072493,268967.5319052134,3.6535199516634735,90,DELQ,0.23640125726487776,0,0.0
163,2010-01-01,474522.05807503377,474522.05807503377,354817.4831105878,856365.2264420155,406332.6254546899,115523.38780013564,62777.09965897089,4.796955073604668,0,PIF,0.017314624103990508,0,0.0
164,2010-04-01,107120.86555591389,107120.86555591389,81017.80419942623,518114.42335759255,256489.15935152498,189956.79758226583,341846.09054385877,3.117656406478173,0,CHGOFF,0.2418363018033348,1,0.43064283617790566
165,2020-04-01,408104.8543251365,408104.8543251365,275234.1618646785,209135.95256006086,75530.47199230507,152402.39345827233,194970.77174984443,3.6176885698312167,0,PIF,0.03685072221696727,0,0.0
166,2008-01-01,295554.0623364715,295554.0623364715,256195.58757916902,448815.0422737679,259539.7926373516,156065.00044740384,76900.25859406254,2.9173210910448457,0,PIF,0.1058171794054935,0,0.0
167,2004-01-01,294573.0177859373,294573.0177859373,262277.51391258155,246371.27174093353,80209.85988536302,106721.10249743293,126721.90529339851,3.7231208331118575,0,PIF,0.16810147284097915,0,0.0
168,2008-04-01,454514.7093442311,454514.7093442311,451976.25868223875,799984.0036029911,675203.2782945768,164936.24793987363,142477.0290594786,2.7444682528007336,0,PIF,0.24935223342634513,0,0.0
169,2000-07-01,487311.7183910201,487311.7183910201,383734.6258161268,646540.6083277704,483543.61945245997,188992.0546096252,327761.457462419,1.5514259149432976,0,CHGOFF,0.17329424616751987,1,0.27275569201413036
170,2002-07-01,367177.24536943145,367177.24536943145,218857.30524307373,359815.81981685694,172072.26942843283,147130.64794373317,214466.37298825983,4.946732945196524,30,PIF,0.13216345236580712,0,0.0
171,2002-04-01,267322.2752623027,267322.2752623027,315482.483280711,512812.66470185516,383472.22240635415,30061.898768530253,33363.312607708984,3.8814548111834215,0,CHGOFF,0.14649184156479855,1,0.4138716873159868
172,2019-04-01,255381.7360558304,255381.7360558304,181678.76635919246,628973.7543346833,97866.27417816114,133693.77325816618,133919.4963849977,3.4345033009194057,30,PIF,0.20444697593002753,0,0.0
173,2018-01-01,223853.65575043182,223853.65575043182,275485.2950239986,721943.3276492486,307252.855734391,32882.31032580747,58997.980854505004,2.9256830007420778,0,PIF,0.028749808079227186,0,0.0
174,2017-04-01,212719.5633076982,212719.5633076982,124785.12472968434,145720.7120938442,73186.9042890264,24672.26025954689,32921.127475942776,3.845716008754661,0,PIF,0.054324860828964254,0,0.0
175,2011-07-01,226178.07875799414,226178.07875799414,204476.68307544308,98465.45043610237,51776.954893171926,141651.0769720282,158578.6128855581,1.5070996885407237,0,PIF,0.021387581067227004,0,0.0
176,2017-10-01,90388.95586303787,90388.95586303787,79809.2525492414,173851.21167930966,130211.98144980239,168609.2320655673,161379.56568677124,2.3044535925667766,30,PIF,0.22991803109643352,0,0.0
177,2004-01-01,84846.23836719719,84846.23836719719,97215.3828917898,403896.97434150166,371684.5516437858,40179.883238579656,34330.33513392071,1.4987974030515434,0,PIF,0.041161668588924054,0,0.0
178,2022-07-01,400941.4297425403,400941.4297425403,210480.718070067,462699.42026731547,210064.4746074,24088.235513548498,33424.52710833086,1.5041003843928165,0,PIF,0.023153840565075003,0,0.0
179,2012-07-01,250732.80181410175,250732.80181410175,305629.1078819988,191898.5367753557,82608.45901075058,178439.34989648833,218238.41268934667,1.0853901795088032,0,PIF,0.035179709581853257,0,0.0
180,2023-04-01,468808.0198450792,468808.0198450792,411747.218115322,417145.57307767635,266310.8152132729,35119.77402826509,55751.19326141153,4.023573660566202,15,PIF,0.03576526287604189,0,0.0
181,2003-10-01,325499.4538672786,325499.4538672786,301900.2374804635,442130.684816701,165800.28516226113,16666.357811310063,19582.72064333032,1.9092344985007168,0,PIF,0.08636084115534734,0,0.0
182,2012-04-01,65829.1919829889,65829.1919829889,56557.12817146924,169453.7702155391,44579.94312129792,147000.3300656329,178644.2012059902,4.328030876278748,0,PIF,0.021508966848735166,0,0.0
183,2017-04-01,120885.50359286576,120885.50359286576,52273.60154145563,831661.167360502,764490.1373587754,171065.95527811517,182749.60482923192,4.617738056654929,0,PIF,0.057311877891640495,0,0.0
184,2012-04-01,142618.9068558534,142618.9068558534,120852.63685794012,571299.6606219201,455682.3007639056,107749.934878203,158141.27417074356,1.6742642386075706,0,CHGOFF,0.09230836913581267,1,0.4543091619007009
185,2011-01-01,489081.21097534726,489081.21097534726,311639.95374692505,398599.1349741513,365435.5444129451,112585.79637781969,110445.43304239036,3.835456169343764,0,PIF,0.0836529184613119,0,0.0
186,2004-01-01,148416.9017682357,148416.9017682357,105141.40691113911,495663.8904472095,160727.09725970952,74003.49741820194,117866.51344201271,2.8412229139602436,0,PIF,0.008760337076155455,0,0.0
187,2009-07-01,282090.0543296231,282090.0543296231,277630.61657398025,337641.9389044215,55456.80113384341,55308.00778458419,47446.67498803369,4.675844629624203,15,PIF,0.025565022095323093,0,0.0
188,2005-10-01,471279.61923808826,471279.61923808826,399610.9100022369,780551.4459485663,390126.84105238697,153494.09333336138,210237.03225325767,2.93766877520661,0,PIF,0.1010266844501675,0,0.0
189,2007-07-01,489736.7284614608,489736.7284614608,236981.83563889243,551512.334086173,494644.33675553265,171364.0375429981,282777.95316656376,2.515495545771108,120,DELQ,0.10501861018374313,0,0.0
190,2017-01-01,156362.19592259504,156362.19592259504,72823.68307229884,485814.5678027056,126632.5569465229,71036.50405138737,104899.84770852684,2.17826047612064,0,PIF,0.026165027211137597,0,0.0
191,2015-10-01,72102.93968751805,72102.93968751805,40888.99494166778,826926.03053839,201561.91196810274,62025.64512637376,54560.945541690184,4.614485760912629,0,PIF,0.06246115513304617,0,0.0
192,2015-01-01,119120.82464199132,119120.82464199132,68112.88632122813,767143.3525519355,157388.83894210675,60880.42671355952,84555.27855112634,1.9047172136341128,0,PIF,0.2482554386112401,0,0.0
193,2009-01-01,78497.81541615113,78497.81541615113,74374.37865087934,746497.5509691965,568841.8827654391,19613.129424247665,13528.719710618116,4.310859166437947,0,PIF,0.04163977415924593,0,0.0
194,2023-10-01,137805.90849155138,137805.90849155138,77175.85878128145,264999.5474701122,206366.07276903014,63404.2547196724,30524.780806562467,1.7767497903117504,0,PIF,0.020097916262302874,0,0.0
195,2002-01-01,305856.37161668093,305856.37161668093,365054.10187476885,205560.95140405255,145187.87357923115,14873.674224110953,22428.525544987166,3.5735874170139654,0,CHGOFF,0.12868802852202946,1,0.3681213397803903
196,2008-07-01,460601.9583330388,460601.9583330388,271195.33728700853,645879.1461644531,124417.94506478212,159797.44826899085,244683.8920165435,2.804262558896785,0,PIF,0.08487861339021634,0,0.0
197,2002-10-01,291748.497662453,291748.497662453,140628.11512864067,464286.6501999446,338293.4923814585,58626.09751588239,25332.531051748145,1.4184347000667175,0,PIF,0.045685041917459104,0,0.0
198,2008-04-01,331695.3005145863,331695.3005145863,394110.87446961296,640644.4246246117,326025.89958726196,141129.48597675908,243718.34675703009,1.5037320172682094,0,CHGOFF,0.25759163961944975,1,0.23729069421646956
199,2024-01-01,140840.26322429348,140840.26322429348,93770.71748655307,703714.3303311154,194447.20346657652,113205.79325270567,115952.13836354362,2.1260365996626787,0,PIF,0.30498378859619674,0,0.0
200,2009-01-01,410262.62930323253,410262.62930323253,321186.5577339089,322157.07602269575,124385.10748017463,169118.08969566776,281984.2905988222,4.066606739816281,15,PIF,0.021525850594463,0,0.0
201,2022-07-01,328005.00882751244,328005.00882751244,414310.9153294416,313413.3551607031,172664.89329936396,192471.9582358341,289370.87542979844,3.9157600090626072,0,PIF,0.07994589069826276,0,0.0
202,2012-04-01,438861.57313672616,438861.57313672616,548547.2542820247,482481.88433171064,199612.97346047527,79785.40668454135,132516.77387113552,1.8204810056294694,30,PIF,0.22883873735881202,0,0.0
203,2017-04-01,476979.39815260284,476979.39815260284,497692.32407468156,304310.43709172786,281730.41441103845,26784.75577903106,41964.37023894292,2.9048087782675993,0,PIF,0.1209286872059017,0,0.0
204,2011-04-01,206555.34909046654,206555.34909046654,95437.87795313042,627182.1263332836,332276.9469684627,152432.69523332533,268829.31315658794,1.387947850707981,0,PIF,0.07392056631106178,0,0.0
205,2006-07-01,90760.57634094771,90760.57634094771,84770.93311007286,692318.9656221878,309965.329894155,14047.441977844841,17991.14053021393,3.863785144732811,0,PIF,0.14852196489791222,0,0.0
206,2019-01-01,151668.03106255212,151668.03106255212,195677.56510276755,467071.9357636604,321594.13436236966,52363.03355238679,37605.16110755638,4.173208140069603,0,PIF,0.24457760596007233,0,0.0
207,2024-01-01,247028.70455412674,247028.70455412674,309335.4221276206,673515.8077908874,451549.27474677726,20117.62700989632,19018.970869209737,4.5740480001481085,0,PIF,0.3579249957107425,0,0.0
208,2006-07-01,475562.14332101296,475562.14332101296,235594.5526145435,498558.8066380365,75756.72077803001,180648.19060776493,262415.152389094,4.542983865560695,0,PIF,0.06781074849783246,0,0.0
209,2019-04-01,220239.42006803688,220239.42006803688,166582.6163058894,664554.8120129475,428490.9596493042,11006.445523298733,6821.321551687836,2.3515692285840237,0,PIF,0.014662605248379958,0,0.0
210,2006-07-01,396847.9461494165,396847.9461494165,271437.2770513575,264473.96319249476,91247.5319673043,103621.01135289404,176340.0891242084,2.018135333760091,0,PIF,0.061370820431380674,0,0.0
211,2017-10-01,293214.5114768398,293214.5114768398,151520.15173257934,685851.2976650944,308761.2786583041,90559.83416020623,62249.96778883516,4.586357498985475,0,CHGOFF,0.31655418458837076,1,0.7455589228588656
212,2019-07-01,132263.94669393945,132263.94669393945,135612.6687994165,666401.6992347545,476529.9357158405,134021.48626414652,217967.8053826078,1.5840278992780394,0,PIF,0.03111824880536282,0,0.0
213,2011-01-01,194330.35352905322,194330.35352905322,125627.4859251513,298616.6797803256,177948.36010586223,65051.37682815747,70074.22279435996,1.2373762867705067,0,CHGOFF,0.09285369869961452,1,0.4944697499037686
214,2018-04-01,343936.3482602684,343936.3482602684,244325.235774191,535896.2126529436,238433.1483201346,176002.1260891971,277532.15712116,2.256971912099098,0,PIF,0.011993381567179995,0,0.0
215,2006-10-01,352784.0276082021,352784.0276082021,169803.06265087207,781355.5676570093,221848.94354163596,149525.69090046472,260416.03311341658,4.041200175658651,90,DELQ,0.03488611232560069,0,0.0
216,2001-10-01,245641.88606407077,245641.88606407077,208346.2757290295,284608.57051739993,157782.93576528336,92135.94093852425,91307.31017192616,3.776799168621854,0,CHGOFF,0.09061363166860976,1,0.3688288756796243
217,2002-04-01,152890.52119795157,152890.52119795157,82920.33887865714,683503.4228920346,277155.72961187834,78024.98740738285,107303.57970921633,4.948221116107426,0,PIF,0.09800662069223923,0,0.0
218,2011-01-01,374858.05078070436,374858.05078070436,295718.53686189634,862252.7080604474,759077.4862599086,165018.76702454104,118385.22993813457,2.4381342844317424,0,PIF,0.04235575274748869,0,0.0
219,2022-07-01,125992.86872572165,125992.86872572165,66651.23548537171,790318.3742012032,456390.93054067454,153841.45672179645,234008.24033488636,2.1033892594275176,0,PIF,0.07380414116176824,0,0.0
220,2003-01-01,471501.361339307,471501.361339307,593367.9139980805,409246.46779782645,344901.13485314505,85810.01102456902,132824.96501586208,2.5128304369797063,0,PIF,0.025343156388563284,0,0.0
221,2011-04-01,134556.6105664145,134556.6105664145,71380.16665907198,577910.3410502735,267078.272151343,74860.65389592416,60887.462607770314,4.129025045721816,0,CHGOFF,0.08541394122615062,1,0.7934485427277247
222,2017-07-01,98290.56327463419,98290.56327463419,85483.14939585065,893251.5100872172,725275.3233577864,17388.71803588301,7543.174890836877,1.8571998044845524,0,PIF,0.039905032252285845,0,0.0
223,2005-01-01,273941.46606442047,273941.46606442047,158141.4343454654,546118.6773280891,106618.48818676788,25524.376633627668,25618.494007408153,4.790991936985812,0,PIF,0.015363527382426731,0,0.0
224,2018-01-01,283797.3191493623,283797.3191493623,133023.0752595882,174322.6339929006,67723.51012326569,20244.506555304593,12916.010324027304,3.05019733011878,0,PIF,0.053007042954665046,0,0.0
225,2007-07-01,278686.8116502102,278686.8116502102,162217.39421909984,117253.21891858394,24921.086670951347,14638.942406125094,22631.387931188554,4.132579983097878,0,PIF,0.05717587324374445,0,0.0
226,2020-01-01,246500.37020247776,246500.37020247776,110751.80205531859,728057.8979901032,127643.21593233789,39045.75260674837,29890.93665595394,4.309047297935667,0,PIF,0.019606724291448788,0,0.0
227,2014-04-01,497666.70177332376,497666.70177332376,261502.7730136189,427375.22682951385,378265.45244046254,172856.94535930923,297516.1730117883,2.9152604693510002,15,PIF,0.11197113849684337,0,0.0
228,2013-07-01,268826.2757017618,268826.2757017618,226925.86770508043,282386.57031593943,204305.2704255664,161650.26904361436,284590.55964135,3.9654855216103475,0,PIF,0.12449055653264744,0,0.0
229,2004-04-01,265075.96133292397,265075.96133292397,261532.94780362112,365091.0651419765,237341.3391855073,170659.03108735746,285405.09394189034,2.4587772957418434,0,PIF,0.08293249036430991,0,0.0
230,2011-07-01,239794.7282215526,239794.7282215526,114767.15578487412,701045.7505680909,403798.3195821975,128522.06867083967,159297.9977800315,4.243712057092817,0,PIF,0.06574555999037288,0,0.0
231,2021-04-01,80071.5896156583,80071.5896156583,63810.391885775774,461502.8152197399,279506.0551900316,128571.9892357273,99566.04632402383,4.2956120344697215,0,PIF,0.14055218956267004,0,0.0
232,2000-04-01,316830.4840173272,316830.4840173272,292473.29163276305,792169.5838712187,523586.3124970483,33547.03184507316,51332.38598747924,3.2648232777536754,0,PIF,0.19622071524128604,0,0.0
233,2018-10-01,152585.49750043207,152585.49750043207,93199.69619900877,682638.9827977135,553800.3196456785,142803.4171920535,197387.6719685536,1.8725912634921493,0,CHGOFF,0.17791613331280745,1,0.40539707173792033
234,2012-04-01,336924.04110307246,336924.04110307246,247595.56225490113,878691.6033652485,551388.5102026595,63205.018065389864,111748.72746569054,4.880892700721459,0,PIF,0.05557118480445758,0,0.0
235,2017-10-01,72875.05787681472,72875.05787681472,33861.496411195054,808573.0887676715,605511.7711716521,108658.13265937821,100851.35118352967,4.787919480700991,0,PIF,0.21205232313116762,0,0.0
236,2016-07-01,491624.19556385075,491624.19556385075,294049.2669399174,288728.7136645275,108210.45222789056,191397.29472216291,92306.1683685755,3.479282178317347,0,PIF,0.020895921299902243,0,0.0
237,2010-10-01,261052.2855557025,261052.2855557025,214083.14051313672,620428.5708980937,577872.9969158439,175416.9249205012,315354.1735308352,4.935524003124085,0,PIF,0.12131822316114993,0,0.0
238,2007-07-01,453539.9172158143,453539.9172158143,585700.524339483,96845.28831307798,16998.068724934823,54306.76638620051,85455.44924635472,3.0111851855649268,0,PIF,0.05037874745683597,0,0.0
239,2015-07-01,264002.52795482066,264002.52795482066,342315.85679802805,892707.5140322705,409985.99218729767,149963.61698305575,106486.99948760233,2.50193749970413,0,PIF,0.08355904524202454,0,0.0
240,2003-07-01,77148.86835839978,77148.86835839978,98878.58104964269,294025.0092181292,251579.453392098,29777.242492250105,42160.97268773915,2.842012063078651,0,PIF,0.2516665781858688,0,0.0
241,2014-07-01,419996.09574221313,419996.09574221313,327923.6056639227,625131.9767713388,184050.33772901018,15081.072291366192,6047.000928610343,1.18362807274204,0,PIF,0.004688335020081589,0,0.0
242,2002-04-01,341682.6783502104,341682.6783502104,161483.4503484123,776305.9693836435,204223.17960410553,15353.112208553435,18130.9919627091,3.1964873927654476,0,PIF,0.2368640533767258,0,0.0
243,2016-01-01,401790.6714082753,401790.6714082753,277724.178305374,211581.02343693658,93591.72604036314,42346.83200142235,38449.80285011152,3.6649297622527897,0,PIF,0.13211931685683345,0,0.0
244,2015-07-01,242676.438578993,242676.438578993,148989.48564424997,775261.0611045929,381859.3014713201,142040.19639782066,132646.54665764733,1.4380798949225961,0,PIF,0.05772774695683712,0,0.0
245,2002-01-01,337071.5349109902,337071.5349109902,139114.1136235059,90041.44594847439,80741.53758163113,79028.11975702355,58664.76463799281,2.022390286784679,15,CHGOFF,0.06456456111397897,1,0.5996490274840875
246,2018-10-01,435303.05170847336,435303.05170847336,211431.1537487601,442421.2532300341,362296.82990129676,13029.06340367144,10224.9913984242,3.884736439403256,0,PIF,0.10471455139141117,0,0.0
247,2010-04-01,333979.4492923494,333979.4492923494,269812.89331921894,467070.8504755335,243470.82098972253,197724.29996159996,204948.38057024684,4.174360713435461,0,CHGOFF,0.04120612355035626,1,0.4490840187029823
248,2019-07-01,206453.1356761565,206453.1356761565,145693.19692196013,386754.3848721634,359055.0670407409,111341.8966140787,83217.27308528019,4.943468197377781,0,PIF,0.08058793879039021,0,0.0
249,2001-01-01,348138.31746478996,348138.31746478996,195764.56406442382,560835.4919664098,372295.34361572104,84837.24087115034,89334.96572274482,2.0128947435630042,0,PIF,0.022659678597114284,0,0.0
250,2004-04-01,352334.38487633027,352334.38487633027,368009.7323553392,830170.7259361582,704754.3318903198,108581.48005927796,131197.5700354579,4.365757886658324,0,PIF,0.04597347405358116,0,0.0
251,2012-04-01,482264.1331279813,482264.1331279813,347907.2922046012,348131.07372623705,120747.72571070699,108794.47287312448,151828.77851386467,1.6884118604566662,90,DELQ,0.28533141865533057,0,0.0
252,2004-07-01,216910.54469375114,216910.54469375114,253065.42641487316,554993.1074764678,300346.31895355176,99344.94964766881,133917.380658779,1.5235135815945697,60,CHGOFF,0.10095096878820392,1,0.3104405747439878
253,2008-01-01,241286.79538135903,241286.79538135903,148844.8642365326,799519.2711095248,138935.47847614213,126460.29184834444,93426.96448069121,3.9168143247024823,0,PIF,0.06343596534219004,0,0.0
254,2016-07-01,415455.33253417665,415455.33253417665,367492.7348260278,713856.2239831301,112149.77858421158,178269.05777497822,81088.43101428113,2.783489485764616,0,PIF,0.01574115922458063,0,0.0
255,2003-07-01,277593.04163423355,277593.04163423355,157041.40548902279,113401.27714050672,81009.62854501147,67325.60149464644,105415.37108162511,4.175693993388004,0,CHGOFF,0.048677875056395044,1,0.5621671147071398
256,2016-10-01,381457.89190207986,381457.89190207986,322625.8528467416,853088.426584683,208695.2001990479,102524.03834073282,166215.86483639496,2.1302591813375833,30,PIF,0.04807246849694499,0,0.0
257,2002-07-01,256869.25900411644,256869.25900411644,137995.26686744686,118250.46149206243,69560.43070181523,10692.359277386053,18930.237523952856,1.8527755083987945,0,PIF,0.12421912902390325,0,0.0
258,2004-04-01,146972.8138157152,146972.8138157152,80162.02409500565,562781.9489869503,397777.65022616665,173364.71345045848,302278.05214166635,3.1951949752922006,0,PIF,0.1443257671533614,0,0.0
259,2014-07-01,385341.7292514549,385341.7292514549,366460.3850183642,551789.9686584352,96997.87235906148,68121.73889349209,87695.81464417404,1.4612418986837232,0,PIF,0.03843542377702591,0,0.0
260,2019-10-01,109019.82613311947,109019.82613311947,69490.04806215902,724839.9891758992,368938.56709601206,61546.41068239009,101673.46324635681,2.1149968559659853,0,CHGOFF,0.13990906537969752,1,0.5827089161276995
261,2004-04-01,139362.64858908864,139362.64858908864,77364.45733718958,201723.3025161617,140666.0058987143,199532.06215009658,204961.68613496123,1.6649480458331545,0,PIF,0.16335833219636547,0,0.0
262,2007-04-01,332071.24225289386,332071.24225289386,410702.8649478453,227083.7214914171,195697.29730236388,121034.65836158571,181826.7235826638,2.280189175089766,0,CHGOFF,0.16583952726204645,1,0.2742065340729981
263,2023-01-01,386271.4100864314,386271.4100864314,169458.3977060665,696727.6848454556,271294.6689094302,33378.21676678815,57993.595517458336,4.0619948234061924,0,PIF,0.08732154197661463,0,0.0
264,2024-07-01,452609.54909051675,452609.54909051675,411256.1088471846,202593.89697753257,188285.34314557107,60449.74427977849,91568.66693405535,1.4829693488313849,0,PIF,0.11074374274472021,0,0.0
265,2014-07-01,172663.92383715126,172663.92383715126,154264.41714092708,464945.0041938244,383874.03150998306,77113.05177059917,75730.53137292826,3.447475676685483,0,PIF,0.11518971203103047,0,0.0
266,2011-01-01,99825.91637024946,99825.91637024946,62445.90103212176,679951.4339729642,455912.91530007246,197351.40909542426,183312.4112286033,3.3390642819329055,0,CHGOFF,0.15594097872170729,1,0.553293692783787
267,2008-07-01,480220.9967851831,480220.9967851831,387775.84759289306,614018.3816017986,284622.3297744565,91818.118803823,74203.71765804067,3.1525225166691446,0,PIF,0.016178250891536707,0,0.0
268,2015-04-01,119490.3896099641,119490.3896099641,57231.59553963841,252695.43261273805,181659.79021122208,53725.457775633724,49099.10133735047,2.936990413894246,0,PIF,0.030242793159269237,0,0.0
269,2014-10-01,138950.14201458776,138950.14201458776,145778.58709214084,329247.4121225901,264370.7291250211,118248.88380843526,183144.73759402597,3.655442416753065,0,PIF,0.1590129701716136,0,0.0
270,2007-04-01,181098.25410130958,181098.25410130958,108573.37149977733,874559.4206576536,343386.9233917091,86904.33503083198,120110.52052751441,4.407242621823024,15,PIF,0.03837388462200332,0,0.0
271,2000-07-01,288226.1093118293,288226.1093118293,165455.28259934045,447909.9085270048,422945.22512334486,20442.47374695538,15328.397493551585,1.6481465533953639,0,PIF,0.03891102065648966,0,0.0
272,2003-10-01,447271.5047153351,447271.5047153351,305661.15558962245,116455.13067783204,102118.97955462351,173574.72636632185,242336.2118878158,4.256525289486372,0,PIF,0.1839710853597123,0,0.0
273,2023-10-01,392245.7102284401,392245.7102284401,475453.9413275334,260059.61756239276,140016.39775561594,12980.630183827743,12086.961206851658,1.2459025773762078,0,PIF,0.03465564042374567,0,0.0
274,2010-04-01,368670.89922918583,368670.89922918583,411739.02757754875,360796.7735227069,262755.27716236806,180711.89079164056,213399.33044611636,2.9284977993708234,0,PIF,0.037360394265401574,0,0.0
275,2012-01-01,128831.25553520165,128831.25553520165,161322.89266510977,899581.3115215604,512048.0836643356,160453.15368434243,147378.94645480224,3.045862083563438,0,PIF,0.21004058969164136,0,0.0
276,2011-07-01,210957.18418668842,210957.18418668842,208165.40031807378,328207.0689310733,249025.2892970122,24406.409927058114,27586.10371394826,1.7903433264566502,0,PIF,0.03459062250523151,0,0.0
277,2019-07-01,265282.21673900506,265282.21673900506,264388.04586910876,101644.59600168688,82493.30701126269,147486.10478448024,209684.74915502933,1.35869242142615,0,PIF,0.09019245154334796,0,0.0
278,2001-07-01,116341.67906851364,116341.67906851364,96799.52285776996,500595.6935953755,84389.44292402358,156478.9196064706,222760.71586296844,1.2996439018478925,0,PIF,0.01466068402516776,0,0.0
279,2002-01-01,173043.36595700262,173043.36595700262,210190.18577509976,148556.4156786612,31687.91890996383,124438.34395145005,180990.04758641394,1.148935940173152,0,PIF,0.07869394678687582,0,0.0
280,2006-10-01,188749.9417787799,188749.9417787799,162285.20567430725,304735.4309304919,127737.14901658452,119757.45202966341,113464.71452158169,3.29437209647593,0,PIF,0.04867020275817297,0,0.0
281,2012-01-01,107274.28924806765,107274.28924806765,77189.65076064144,893754.2043970301,790159.9644013098,19440.53498711507,26569.25513780683,1.6218984422184235,0,PIF,0.3085632195333683,0,0.0
282,2016-10-01,297607.8613587159,297607.8613587159,290565.7179957329,657803.5855227266,308259.1706369734,21304.310646328686,15641.545710268276,4.234818997719765,0,PIF,0.046237642701905675,0,0.0
283,2012-04-01,367262.6884358868,367262.6884358868,327424.0681210607,121546.6360119537,104531.29474364186,148184.8434687824,158320.65543396512,4.595810884133568,0,PIF,0.16532877806317514,0,0.0
284,2011-01-01,81469.23416458754,81469.23416458754,41681.113102912714,447923.1092452727,232896.33515996812,30057.383994592867,36560.28950940003,2.169632640800465,90,DELQ,0.028937992981844792,0,0.0
285,2023-04-01,266505.39579341735,266505.39579341735,200799.2560029461,220742.7603556564,84121.16682644379,55950.37913423074,76152.66575916443,1.6578657199148346,0,PIF,0.012651972251778781,0,0.0
286,2004-01-01,401995.03787050775,401995.03787050775,274157.7495970492,180814.61824973943,157402.0447005903,104778.95282643817,175692.76012766227,2.6384475024803313,0,PIF,0.24031351128625522,0,0.0
287,2014-04-01,386595.5580286011,386595.5580286011,449282.1814385463,561393.6389460177,336014.6484130372,41191.0979864095,34051.69587381673,4.526280805138237,0,PIF,0.05228336916462662,0,0.0
288,2013-07-01,416782.89329843933,416782.89329843933,308818.74461922375,494637.82950497686,216843.00983717962,160069.51650450486,253454.1173332035,2.599276733364929,0,PIF,0.009874280520608354,0,0.0
289,2011-10-01,251708.28492677317,251708.28492677317,286796.3466928459,689150.5991387167,127855.08039565958,163401.82451802684,136534.30840939417,1.4333451840544917,0,PIF,0.009026713354300477,0,0.0
290,2020-01-01,419250.6871879373,419250.6871879373,334625.20199816255,811691.107150125,193788.41574974297,170007.21013956948,199362.89686775295,4.938672371050023,0,PIF,0.034228099090947664,0,0.0
291,2006-07-01,158338.88204642126,158338.88204642126,170713.14597216228,282279.1230939628,73801.3861637615,19417.942947193944,30279.17100750224,2.9987018848770863,0,PIF,0.21258193691206165,0,0.0
292,2023-10-01,212364.7526378819,212364.7526378819,110802.1030113418,836853.4290574256,369779.6148983791,91295.90063438864,128947.19256285408,2.369485884763647,0,CHGOFF,0.09042849717786772,1,0.5991755189876508
293,2008-04-01,129360.00938801059,129360.00938801059,159395.4887412845,504753.2534943583,320955.61631719593,170914.3578157238,274833.2845950586,4.57448315937682,0,PIF,0.1429320465972213,0,0.0
294,2013-07-01,260368.04274285733,260368.04274285733,216757.41146637496,292244.6329117961,115749.94299799681,79011.6841582728,121743.86323677767,4.709613975490772,0,PIF,0.10446070589874211,0,0.0
295,2013-01-01,226427.01008694945,226427.01008694945,143513.6100194793,773544.3872441397,156582.48473314155,142205.87188137427,111899.8334081536,2.9872178660346242,0,PIF,0.0067953019237878935,0,0.0
296,2021-01-01,158417.20238644048,158417.20238644048,97797.37801572011,109134.53278379845,39490.002176925635,121956.72179610182,218316.1107247872,2.2268655751736315,0,PIF,0.037181173546200354,0,0.0
297,2010-10-01,388301.3191538517,388301.3191538517,247957.40240978973,538797.6895278277,256977.0368348767,75969.63717436393,130044.65816855237,2.9305352782486267,0,CHGOFF,0.12101656892467735,1,0.4067532755477964
298,2007-01-01,191231.04745024096,191231.04745024096,139608.56192128002,671729.6587245726,633989.1612484616,62516.917527180514,62657.234856408584,1.8771278046807485,0,PIF,0.12624625937171674,0,0.0
299,2000-07-01,172761.94856562605,172761.94856562605,180668.84476529364,309581.7034680374,143766.49985094718,134021.18749888727,62466.37298978717,2.9129523917557254,0,PIF,0.02613222804434665,0,0.0
300,2009-01-01,108900.64888272277,108900.64888272277,136631.40835070313,788063.3724018387,174442.81986099968,35388.58603055043,29191.879793015305,1.9177244227044183,0,PIF,0.048831785400752135,0,0.0
301,2020-07-01,247469.7658108769,247469.7658108769,247997.78886061633,277033.34195354756,170345.54458297577,173423.27862667415,272380.9500539016,3.4888110443140437,0,PIF,0.1291320406625536,0,0.0
302,2000-01-01,186334.0829767859,186334.0829767859,166293.7859896913,768696.9118400262,680844.1238417369,119524.25380533366,206922.6098207612,4.03955672427872,0,PIF,0.19580261048502326,0,0.0
303,2022-04-01,216172.77860343587,216172.77860343587,173746.28261240158,144406.87034261494,112544.44157908951,31185.665973909443,48785.00766114785,4.8777111531022195,0,PIF,0.285945880559304,0,0.0
304,2013-07-01,156198.7681792487,156198.7681792487,178906.16727943005,211140.62533211368,172918.81917258177,143670.25258673908,137268.3824557834,4.3702818772175345,0,PIF,0.0574808772808161,0,0.0
305,2003-07-01,393419.9704189552,393419.9704189552,458212.8884749086,392407.35879956465,350257.0937897679,91911.38447765961,44039.44093463191,1.3445393792262146,0,PIF,0.049408085700230295,0,0.0
306,2007-07-01,468501.5063096228,468501.5063096228,310960.335213369,780325.520494507,514417.7405515496,48775.46891900338,54853.67185699677,1.8460915197666354,0,PIF,0.38458237170861675,0,0.0
307,2013-10-01,274069.33375499945,274069.33375499945,344800.6606052741,198559.99940396158,187825.48535503144,192603.16565572456,178530.7140485729,3.126767431514822,0,PIF,0.15232813157887365,0,0.0
308,2007-10-01,339349.29050337465,339349.29050337465,256413.62255531191,797859.3566312781,140922.11304017738,146733.07915274086,83954.99549106111,2.030363976755996,0,PIF,0.10515902927510942,0,0.0
309,2002-07-01,440227.5244730177,440227.5244730177,493085.7587960114,268379.85182249086,219500.29663653,122668.78843231926,67246.37782720916,1.0574608283332023,0,PIF,0.03916516216027863,0,0.0
310,2016-07-01,499473.3368001464,499473.3368001464,634400.010251458,451056.88684751355,376906.9846989787,171284.76440127872,105211.94694694788,4.019163799644081,0,PIF,0.016975858841205525,0,0.0
311,2016-10-01,326082.41812842444,326082.41812842444,336938.448807757,369242.21149347693,326173.91537352744,113335.260077609,77992.01540549139,2.431088030350283,0,PIF,0.054308888225680245,0,0.0
312,2002-10-01,450400.7599429409,450400.7599429409,245646.616943833,176863.5058239093,94186.10719790123,93879.41634325174,136622.80595948902,1.2644001296794474,0,PIF,0.09467428608025945,0,0.0
313,2007-01-01,458873.7109500389,458873.7109500389,425616.040151072,854333.9864056949,666555.4247940441,45994.90337353458,42976.941289645845,3.0353456660905453,120,CHGOFF,0.18211881468243465,1,0.4066920994081705
314,2006-01-01,406153.16951343004,406153.16951343004,205878.80231523243,439306.1984168151,134455.95258137066,39144.180772453954,39602.69152561492,4.908834852593562,0,PIF,0.01509725025027932,0,0.0
315,2016-04-01,257419.1259828996,257419.1259828996,285793.8791546392,646071.6343120795,408643.00937393314,92074.17011065116,113963.31880384425,3.714154505691044,0,PIF,0.08298486544044763,0,0.0
316,2018-04-01,86519.30019075469,86519.30019075469,56512.992855249824,551719.4948645055,241055.14206773383,96635.17001522801,168549.79456662817,1.6350644529707146,0,PIF,0.08826937160791505,0,0.0
317,2018-01-01,57112.49994806023,57112.49994806023,58579.910870539505,491407.05181881005,308082.2066079083,149329.37599383818,217880.02184085103,3.057182343718789,0,PIF,0.13282894008519713,0,0.0
318,2023-04-01,264740.28497731604,264740.28497731604,322739.7737066538,585593.6513166162,404322.20295519975,93996.15190700651,122570.76208250925,4.606889819573942,15,PIF,0.12758560969539737,0,0.0
319,2019-01-01,272441.540090578,272441.540090578,153359.75827556377,816640.6910859917,349240.42035561334,122700.24810742939,176855.8415245127,1.2169746678083535,0,PIF,0.134469393617395,0,0.0
320,2008-01-01,233313.07453833753,233313.07453833753,175818.21297780678,653436.1480691698,211053.759299573,168178.51957448674,236628.7797096087,3.5515728030597464,0,CHGOFF,0.18159519112999944,1,0.5102537693818006
321,2002-07-01,305675.308081114,305675.308081114,300297.5346509637,516633.66515328136,210450.89248458645,198733.59214700293,271539.4380186906,3.8850919591235904,60,PIF,0.20843683810529742,0,0.0
322,2015-04-01,298473.2164869922,298473.2164869922,232120.45161482797,609052.4877461006,414865.72267370345,71279.80987874366,78049.25109206386,3.8160467972580365,30,PIF,0.1487849029420645,0,0.0
323,2022-10-01,426475.8684647118,426475.8684647118,237690.80134401872,577243.3100173976,399163.39499123575,181371.34810839006,216482.28597816557,1.6006816741883392,120,DELQ,0.0605330621397667,0,0.0
324,2024-04-01,98895.69646801808,98895.69646801808,42145.83036481265,435159.39013877674,323346.72914465127,163149.6656521838,170668.91609434783,4.629114126861046,0,CHGOFF,0.33119123263202305,1,0.6656626617728395
325,2005-10-01,151329.94974749547,151329.94974749547,115909.40888745688,592306.4883069693,148804.7366588238,22921.271160715085,21842.639595545857,2.2890853308522905,0,PIF,0.01566513307473739,0,0.0
326,2005-10-01,406852.24053183367,406852.24053183367,400459.828547244,443727.23613461416,357117.8528647758,73490.19686223933,57254.39720122209,1.2069680935640204,0,PIF,0.1936525743754853,0,0.0
327,2000-10-01,431526.59025064454,431526.59025064454,395531.1394818415,701243.7898549681,491234.0663446004,51618.162368532845,46316.89872490489,1.3328837379301945,0,PIF,0.15413840681821292,0,0.0
328,2003-07-01,497670.8961293905,497670.8961293905,269049.4044753975,874508.2364882742,152517.78812977744,136233.01176036964,136225.03725660584,2.830309527198794,0,PIF,0.11021386311145354,0,0.0
329,2013-10-01,442810.4073741879,442810.4073741879,356738.73568148905,867089.593147728,362858.16115447175,115506.83588136076,139893.92893496115,1.1599280083161885,0,PIF,0.0698380087466081,0,0.0
330,2013-07-01,450454.55318254896,450454.55318254896,329968.7447923382,753003.344868484,394098.6111585512,104021.69999201519,114405.68034942995,4.1182100710730545,0,PIF,0.014567972175482093,0,0.0
331,2009-04-01,191456.57418345718,191456.57418345718,123830.6969917545,573442.2955887779,251451.00155181997,155077.11512343973,85467.42342324911,4.4632940238812715,0,PIF,0.009693612857613394,0,0.0
332,2007-07-01,230747.73530421936,230747.73530421936,243749.01327063606,694452.2302180072,169400.1704379738,73328.65220427685,64233.194797209675,1.0534927000852194,0,PIF,0.044514292185143176,0,0.0
333,2020-07-01,170638.29716924796,170638.29716924796,115809.9644746548,225999.6021111946,71388.0825545721,82722.93615512046,76656.93406119653,4.240054013308975,0,PIF,0.03262056408796824,0,0.0
334,2011-07-01,322834.729186722,322834.729186722,286072.81448812754,472795.1349974165,80209.27666742125,174470.45016283536,242460.94797624345,4.924825876397591,0,PIF,0.05057198513457341,0,0.0
335,2020-01-01,472462.40939316724,472462.40939316724,581554.5380510316,290989.90729291877,65316.097736394055,194719.61675940125,168636.7134268658,1.1214726444229979,0,PIF,0.04284897240447338,0,0.0
336,2024-01-01,205088.39893022797,205088.39893022797,181574.6825758131,82865.88450966461,30083.638516667463,157507.89474588813,64757.50316756723,3.899868978478466,0,PIF,0.013927200774604178,0,0.0
337,2007-10-01,300650.80184665264,300650.80184665264,287217.910166436,872724.8112311023,703395.4379183132,51243.48520767299,26547.777597178505,4.996376315190548,0,PIF,0.0242811469877983,0,0.0
338,2005-01-01,183334.83370406827,183334.83370406827,85419.62010579398,788355.8207185098,450395.5702019316,31403.81011113099,34412.225565309855,4.188474345175817,0,PIF,0.21638640056388375,0,0.0
339,2023-10-01,126409.98819771838,126409.98819771838,70830.13678629056,501232.86714534,245402.76595040274,49748.97807550238,33028.033423328656,3.0214280121405506,0,PIF,0.07896564047672171,0,0.0
340,2015-10-01,137833.48841839505,137833.48841839505,67656.40573070968,288404.8762575856,196037.54897041697,90324.65935435031,98677.10487269379,4.539291888292499,0,PIF,0.07668466492349428,0,0.0
341,2007-04-01,76075.40504215847,76075.40504215847,82795.27136175557,648239.672363374,378058.8534196169,54972.43527205126,66180.62881863638,3.8317296996101433,0,PIF,0.19537479255256765,0,0.0
342,2015-07-01,477182.0853541658,477182.0853541658,549870.7422667327,436536.88933094055,111409.07779131965,181197.81813368225,309270.8030858597,2.1698066018415854,0,CHGOFF,0.08397696917580352,1,0.3823636663819962
343,2012-10-01,231295.82382843332,231295.82382843332,131332.02711332406,738746.6174066135,242381.79819563354,137437.35133581364,181116.57628233428,1.897279128309079,0,CHGOFF,0.09991904326717344,1,0.5810953032221474
344,2022-07-01,425354.40140094864,425354.40140094864,254083.14448260583,899604.8503483785,295086.4837587555,89178.55650877267,39546.856175923276,3.050177570818482,0,PIF,0.021152392335012683,0,0.0
345,2006-04-01,356598.262710361,356598.262710361,246368.94721975038,366247.73814169347,230722.16131061094,62024.22924369655,57870.01542211745,2.4919620960864415,0,PIF,0.2579714111937979,0,0.0
346,2024-10-01,136364.52263498842,136364.52263498842,127087.62442251804,280410.49565199914,145617.02821035555,82325.59097678322,124380.77603864702,2.317871963232007,0,PIF,0.027502502381784054,0,0.0
347,2023-04-01,128958.01096058953,128958.01096058953,123750.24472202,299253.64081170177,137677.0389982086,100449.61311967875,76822.60230465373,1.7116992669075395,0,PIF,0.04667091283036897,0,0.0
348,2004-07-01,415394.69067974517,415394.69067974517,422904.42963517545,156543.92145815102,93192.37138683206,145626.24691338843,246830.9984232965,4.381144012686791,0,PIF,0.09475715678964607,0,0.0
349,2004-01-01,169120.26977879182,169120.26977879182,205425.90673088277,403117.8811301274,373324.49818196154,26974.89606348699,30767.970857360826,3.820058002579507,0,PIF,0.08710422642341824,0,0.0
350,2013-04-01,460978.3326658891,460978.3326658891,306797.7338983991,94288.54322786564,37843.15609476948,171278.2585598997,90679.29495242545,2.3252858786349737,0,PIF,0.05885045542848142,0,0.0
351,2001-01-01,113024.93211027078,113024.93211027078,112220.54387302209,173804.357069046,98400.43987469855,34236.4059147342,25278.065361636898,1.9506683263407472,0,PIF,0.09289635848720947,0,0.0
352,2007-04-01,354968.8765045113,354968.8765045113,320803.32134945825,302790.5127635896,161779.7635970467,59865.5155747632,99904.70257571813,1.5125516520345434,0,PIF,0.019158783751016262,0,0.0
353,2010-10-01,416513.24421392026,416513.24421392026,281252.03277067206,211087.4762457742,152682.6165891466,198782.08019679092,355431.03655660636,1.4500518186894116,0,CHGOFF,0.2649072591972367,1,0.5842482795600229
354,2024-01-01,155865.37478704023,155865.37478704023,189637.29724610355,680370.4615905947,499549.91061671375,46139.64046840772,74202.79638957462,3.5019127408683595,0,CHGOFF,0.13622932810280688,1,0.3152290649140872
355,2024-10-01,174293.31355545472,174293.31355545472,84695.23365613919,166595.92851167824,122157.5603043394,29217.015679405675,24803.708284655284,1.4352687122677015,0,PIF,0.07151909240438706,0,0.0
356,2003-10-01,484033.49876264075,484033.49876264075,503782.51283115597,790115.1661201102,245896.21602182148,131297.00736457168,193839.89271241426,4.840850495907869,0,PIF,0.039801868936074146,0,0.0
357,2022-04-01,169068.9224057712,169068.9224057712,178382.31083970546,261313.89304298136,133080.50459758675,84694.52517173273,60227.86072487819,2.116540406448267,0,PIF,0.01542940987709626,0,0.0
358,2002-04-01,243480.6724550215,243480.6724550215,297970.15561209316,169044.3059166855,135056.21598526472,27448.732511016653,25756.002182169737,1.1032194423273265,0,PIF,0.11013922251152365,0,0.0
359,2018-07-01,244632.01695906476,244632.01695906476,212028.08142009028,88287.44843363199,40190.57747103032,10711.061386318557,14738.799425365083,4.421318895372739,0,PIF,0.11511692869467112,0,0.0
360,2021-01-01,163865.6374683576,163865.6374683576,112978.81951606745,666468.10354416,624749.9286707069,25040.699512480784,43983.03401345748,2.470349583401201,0,CHGOFF,0.2991268494120992,1,0.36170673217563093
361,2022-04-01,399105.9888966907,399105.9888966907,456963.0282937197,290425.7316696044,128318.62486113705,109319.75996666227,110946.17426038608,2.3718635318998387,0,PIF,0.05934224920345668,0,0.0
362,2005-07-01,397332.20445311983,397332.20445311983,434573.85542728356,497788.85621297534,272854.7290381052,53869.659574879035,58942.61871820075,1.4744824472655331,0,PIF,0.025706065978870644,0,0.0
363,2022-04-01,220243.10640070355,220243.10640070355,187269.2011507501,171525.15827116772,90843.23594245662,157734.90552060047,111713.52916602601,3.6416882328756333,0,PIF,0.04354510045450881,0,0.0
364,2002-10-01,425806.6059863302,425806.6059863302,464585.51109471545,887942.6570537244,441246.26978410716,172926.64028363116,166789.7919788905,2.435173486357734,0,PIF,0.061822644874283815,0,0.0
365,2012-10-01,145883.72047955106,145883.72047955106,93524.30870287793,182815.48603736336,151097.9305918383,37518.27336590592,18317.398437291926,4.291978118266892,0,PIF,0.01886081045470635,0,0.0
366,2011-07-01,51937.59905045539,51937.59905045539,48330.828703762694,417779.2598463401,114563.50802917,74033.77543954932,118603.60772518211,3.522473214520517,0,PIF,0.014767390789103888,0,0.0
367,2007-10-01,307025.31292508345,307025.31292508345,361880.0240195005,778352.591914262,470227.52524759714,37849.08383895752,16376.103488505276,4.519649410375865,0,CHGOFF,0.028377982935836092,1,0.29876116946419773
368,2000-07-01,497334.99760357034,497334.99760357034,341264.3395987113,280807.2977539336,181087.36452188797,64471.61368056997,87483.75161493247,3.4902446319523053,0,PIF,0.17677585192394327,0,0.0
369,2019-04-01,67389.93942209808,67389.93942209808,56283.739390047165,298916.8639838622,248393.05276904925,55448.83956260855,43389.29262958047,4.117112918878995,0,PIF,0.0874230411676552,0,0.0
370,2008-04-01,143599.13316880725,143599.13316880725,180351.94826501637,742969.6030304009,473539.20124364615,159504.33117806545,170119.85560485147,3.7861571396189007,0,PIF,0.05305626282660576,0,0.0
371,2016-07-01,283511.5891191879,283511.5891191879,317076.7126417202,304138.5188974504,279204.1111846902,75641.13882267258,60072.817005062294,2.8503696985626648,0,PIF,0.1311022383112587,0,0.0
372,2010-04-01,414473.33140019176,414473.33140019176,496677.9486146067,82354.47509774665,69814.70257702305,104157.3117613935,100001.32411933153,3.754695967842205,90,DELQ,0.0444166554352693,0,0.0
373,2009-04-01,90068.90228377395,90068.90228377395,67256.46280771703,430889.25080175884,184848.02367654585,138040.0700398665,160884.18884849598,3.6544680702333734,0,PIF,0.04063169801457427,0,0.0
374,2022-01-01,227855.59419150246,227855.59419150246,295495.60592069186,90278.87193634949,75646.93787177463,166228.76333891545,215640.39223577164,1.0268144797044978,0,PIF,0.15354719058500824,0,0.0
375,2002-04-01,386184.1102834488,386184.1102834488,207500.21518758676,826029.6727400809,757289.3429944083,67229.72716126585,115393.14406020794,3.7945517549114065,0,PIF,0.23819702819050623,0,0.0
376,2018-04-01,217194.4437828627,217194.4437828627,188284.45695846484,606286.8438269611,215691.24022521163,49751.92686376364,43039.459702411164,2.0486380072913835,0,PIF,0.013090473401333706,0,0.0
377,2018-07-01,134976.38921403754,134976.38921403754,112212.08721548712,558071.6983014187,356142.9667881635,195906.14101361483,238770.506178757,3.1672912880001234,0,PIF,0.032539276993972306,0,0.0
378,2009-04-01,137973.1223284643,137973.1223284643,154335.21303041137,245303.39890713774,92097.47585435462,70828.03348302442,117745.30240200003,1.4453295536434196,0,PIF,0.06726890135266941,0,0.0
379,2006-07-01,234521.95411174741,234521.95411174741,285590.5156404944,653955.8720514817,437924.0499663781,137502.93884436635,110871.9926927467,1.0920900062893604,0,CHGOFF,0.1098448913581635,1,0.28780445024732604
380,2000-01-01,265737.683662651,265737.683662651,281157.22947375197,635348.8078162435,142898.9965560524,138789.7977287828,223600.07575948312,1.060478835102281,0,PIF,0.045441123435749256,0,0.0
381,2023-04-01,437816.4880172063,437816.4880172063,422114.03002814227,129580.13061879924,95545.96341086013,107665.5946639128,187400.27229234795,1.6327780494917437,0,CHGOFF,0.1885405458581552,1,0.4960187284256936
382,2023-07-01,339013.5883555971,339013.5883555971,266019.30872397136,802294.1552646694,389799.31908670755,53405.01464206583,84726.58511811587,1.0795700264406065,0,PIF,0.08619952160976392,0,0.0
383,2006-01-01,360680.87953197566,360680.87953197566,309930.67236974434,555118.9576024405,344088.12269580114,36876.90998129349,44171.33616633378,1.5295896834040739,0,PIF,0.10005611751327964,0,0.0
384,2000-10-01,492344.22719115816,492344.22719115816,422613.653087064,729822.8424516603,124573.40406561177,102533.06753374191,144670.23701451256,3.2366944214358973,0,PIF,0.06349450828234897,0,0.0
385,2003-01-01,235329.54813543818,235329.54813543818,98445.79259169311,295589.53914565226,208790.60627057002,107076.61197516162,114945.90946793254,2.601091326291984,0,PIF,0.02398335523572746,0,0.0
386,2001-07-01,231509.48146210774,231509.48146210774,197417.678669453,180079.1957978324,98466.05870995687,156939.68378721154,194002.2654414699,4.922992490362613,15,PIF,0.050828795121835066,0,0.0
387,2020-10-01,465506.1354766155,465506.1354766155,544816.1475335411,656008.6500131633,426537.3530801115,144868.35435091678,255585.977957469,4.234777440868809,0,CHGOFF,0.3336224386115592,1,0.2578609215616041
388,2022-04-01,160644.0141522764,160644.0141522764,166804.16751631,730983.8027292329,294246.1102872747,183287.84297881468,137753.42028307208,1.5871030179545218,0,PIF,0.17563645590445387,0,0.0
389,2003-10-01,378416.86083629,378416.86083629,422365.34736693866,396547.4975678189,105741.82452730664,194463.50675865,293555.4925124837,2.667157573844222,0,CHGOFF,0.1073148001624987,1,0.38597523643976706
390,2018-07-01,389557.9121981606,389557.9121981606,292728.03050231485,99427.66575937522,49549.09650930691,148291.75197791273,164414.98175217665,2.723883186253283,0,PIF,0.22272080089374285,0,0.0
391,2004-04-01,94004.59885044939,94004.59885044939,82355.16478494347,750968.300216169,679763.9619540038,24537.137277748145,15890.803531406975,2.4484671158051428,60,PIF,0.01752886281816263,0,0.0
392,2009-01-01,260704.13256211282,260704.13256211282,112138.0273542706,248997.00319096135,82725.5744639238,86972.4787512495,113146.80561409211,2.9823591227021446,0,PIF,0.023532959498564203,0,0.0
393,2014-10-01,140253.11209469932,140253.11209469932,104446.23282148424,358006.19235594035,247264.5699288638,125672.45026972976,189689.70351338718,3.679498181781861,0,PIF,0.10087643714483846,0,0.0
394,2017-10-01,133418.87276111855,133418.87276111855,110333.99764087572,595149.4263772469,113003.8992692001,122137.06357549193,146107.4573592779,3.563558862638611,0,CHGOFF,0.37529477087533675,1,0.3963044950379943
395,2021-10-01,258722.64970829428,258722.64970829428,162914.55034338892,161962.86975326823,117338.83205582017,44474.319307813654,69931.6830293212,2.4283966565342134,15,PIF,0.09666449216926931,0,0.0
396,2001-01-01,180243.36837862924,180243.36837862924,77165.22870770034,139036.52823353978,47376.66215875223,120759.49859566556,110158.75398291614,3.8201824925940904,0,PIF,0.12073506848204332,0,0.0
397,2004-10-01,408227.20143164194,408227.20143164194,416949.91365594656,101077.09269172489,51671.989302715025,76439.29649747438,128362.64690980127,2.1579415946537304,15,CHGOFF,0.07204557007378574,1,0.4551844374084129
398,2007-01-01,458422.2011257171,458422.2011257171,362877.3764345547,831644.6853963535,369418.6321275925,74396.10052030603,97283.92246720713,4.341871376905521,0,CHGOFF,0.10594445747316136,1,0.5424287290457314
399,2007-10-01,411224.27237976453,411224.27237976453,318332.97520794824,335333.8503002976,80571.42698009765,168461.33100723487,256806.33684727465,4.857488173056103,0,PIF,0.04489612934466237,0,0.0
400,2024-10-01,169713.89267974935,169713.89267974935,106069.15970199768,621740.2283960482,265150.7959267862,90167.3001469618,70526.98442304158,2.1789466177955807,0,PIF,0.02796199822792152,0,0.0
401,2019-04-01,173360.47715987376,173360.47715987376,153258.87200519288,891172.9041945486,383293.436359689,110205.23127224599,112914.03581539907,4.138754211081725,0,PIF,0.004133422809462682,0,0.0
402,2008-01-01,164627.75755286033,164627.75755286033,130751.33309497213,628949.6507207936,357044.97505381424,116945.84359655097,195704.70323110797,4.2537032154309085,0,PIF,0.18458366458118922,0,0.0
403,2024-04-01,110767.14322530624,110767.14322530624,91558.57269964866,510577.73260206764,473755.49267482484,116969.38817180708,55122.26523274418,2.963053498139516,0,PIF,0.03941771472267096,0,0.0
404,2012-04-01,474709.26564667,474709.26564667,438054.2163849513,507154.3454841356,266770.2950185833,50493.08761884069,48754.83273063339,1.3509892466121767,90,DELQ,0.012013541505910367,0,0.0
405,2012-07-01,230921.5091706812,230921.5091706812,93683.05104528717,389072.0617335524,342982.9450000929,123896.13899831135,184908.31208902388,4.144727560397136,15,PIF,0.2204503557325854,0,0.0
406,2010-10-01,151110.2635456432,151110.2635456432,183890.05590094987,571819.31788317,296914.9660688703,73578.48569938273,106051.65624170714,2.6299129529300793,0,CHGOFF,0.15207209005147393,1,0.27599600648412626
407,2003-07-01,431001.9727287096,431001.9727287096,199975.71657901484,866208.9394274775,204455.31578885077,134453.85597327224,214087.1051938496,1.8322851020070083,0,PIF,0.11444180410754609,0,0.0
408,2023-04-01,229637.8861960057,229637.8861960057,185049.61970480398,726196.1076326143,242638.3255127037,37682.54380348815,54079.96966556577,3.506600930243118,0,PIF,0.14747231513626755,0,0.0
409,2000-04-01,65802.56499934997,65802.56499934997,38602.12639157733,427865.82596725476,203670.18354520123,198881.9629803972,343256.149242236,2.7477524227230568,0,PIF,0.07060241667636113,0,0.0
410,2004-04-01,122873.70661233403,122873.70661233403,107072.65570933413,352604.7598066773,144671.97640439784,156688.22537614516,171975.25785676626,1.3502897947207284,0,PIF,0.042194252967208044,0,0.0
411,2005-07-01,337662.65316027653,337662.65316027653,220225.9790927617,804495.8542909595,677919.2360185117,89277.77236201843,113740.397264321,4.9346985162668275,0,PIF,0.07093195951275649,0,0.0
412,2006-10-01,402307.37337727577,402307.37337727577,472311.2091415702,191344.37701380692,132585.6725244382,67256.85166421375,106722.36930742444,1.9786474809765813,0,CHGOFF,0.2783947363344291,1,0.38795105594945156
413,2003-04-01,144920.47481992084,144920.47481992084,109664.77973160936,776659.9107107274,475818.1791109418,83682.3866153907,115679.79733671567,3.043860221918582,0,PIF,0.01735509669029376,0,0.0
414,2000-04-01,462828.015169764,462828.015169764,451201.7755173744,289162.94430071255,157010.7483356022,147029.57182703624,79819.3266801094,3.669153046924095,0,PIF,0.06128263934775374,0,0.0
415,2016-10-01,432948.704023474,432948.704023474,270156.4217927945,666815.9733362525,311947.511210293,134527.4819210674,122930.54486658535,1.4603574575947662,0,PIF,0.1263629164317057,0,0.0
416,2024-01-01,431771.3393274864,431771.3393274864,180249.65336198802,741100.8762353606,474122.21430263756,143397.5772801116,168295.28530334713,3.9576403754430354,0,PIF,0.135381636055155,0,0.0
417,2003-01-01,152447.51605964635,152447.51605964635,116430.12597649399,471137.1441560475,117636.22287848375,178909.84713579246,260600.89941848058,3.593155319356502,0,PIF,0.11728011345402382,0,0.0
418,2007-04-01,72741.19489252596,72741.19489252596,64218.6794217604,237672.86043666495,66554.711273022,96696.09299897777,112263.6414595837,2.975011589227207,0,PIF,0.07607457182665313,0,0.0
419,2012-07-01,440340.59276716266,440340.59276716266,358257.77559881913,772709.5496391478,303283.153183012,137209.01820505632,204245.08250492153,3.113319966674724,0,PIF,0.010339863700930183,0,0.0
420,2023-01-01,187610.1029323553,187610.1029323553,237479.2936095567,381356.8429437181,109429.46635685895,93886.51144237498,147650.9289515971,4.81918010976131,0,PIF,0.23499512008502282,0,0.0
421,2017-04-01,328512.37152808666,328512.37152808666,340389.82057143573,342957.81359566585,237216.70905149163,131238.63484277652,101208.55508958331,4.643591349075856,0,PIF,0.16006485506947696,0,0.0
422,2019-01-01,391985.09766532853,391985.09766532853,508052.9907026388,498213.2695298205,84603.91554032979,100216.49102295996,126527.07226513216,1.4479332954851492,0,PIF,0.08197640162109404,0,0.0
423,2014-07-01,107731.96633000407,107731.96633000407,71701.44987553115,436770.71770521253,121484.27805218758,157566.08919419968,185920.8204784917,2.475008212267602,0,PIF,0.02124049718305646,0,0.0
424,2010-04-01,401377.25953357155,401377.25953357155,445588.1425086527,640102.8179717539,558225.0182272362,10999.423423909278,7900.271568478631,3.0670857270784744,15,PIF,0.017415825468523986,0,0.0
425,2004-10-01,472330.1565324796,472330.1565324796,425098.3787583048,192502.20286558563,182498.73321881634,50985.08160005855,55361.096735372266,4.679903383607126,0,CHGOFF,0.3165828142721423,1,0.41964779423044674
426,2021-07-01,377768.7345858841,377768.7345858841,359101.03530719306,437265.5163192558,236155.0290797714,66323.14878101647,77465.14584800383,4.266253317816183,0,PIF,0.02967919472937045,0,0.0
427,2020-01-01,248550.23681625113,248550.23681625113,319950.73651890014,811195.4852046673,443152.8961733054,189624.9561877121,292833.23571201984,2.5459308119776565,0,PIF,0.07151241105967183,0,0.0
428,2000-07-01,444505.16243826627,444505.16243826627,439432.6827874319,109571.42174057486,84229.63482169177,106338.7804637144,111164.97925415235,4.544841622042582,0,PIF,0.14298181223367915,0,0.0
429,2017-10-01,287355.9335326515,287355.9335326515,347394.7038682132,455017.4331857276,81426.12595145091,79226.85719964684,40665.74946416638,2.5126311825284935,0,PIF,0.0677781460038924,0,0.0
430,2002-01-01,385146.91751753935,385146.91751753935,405627.1862177895,621636.2124358723,305607.0451755228,86819.30196659766,93957.09370944944,2.084771743217238,0,PIF,0.11564737832695897,0,0.0
431,2018-04-01,419227.67473637185,419227.67473637185,215754.47873846503,807923.091374428,185711.0644112069,95846.23385218189,150778.71258077706,3.439570506230398,0,PIF,0.08012736051070095,0,0.0
432,2020-07-01,387208.7877645527,387208.7877645527,398624.2214127406,566904.7060852041,266865.348410124,174887.77412165448,209822.94196605447,2.4236070192592134,0,PIF,0.03199948446705981,0,0.0
433,2003-04-01,179534.69422166928,179534.69422166928,150070.1836979599,756077.1024162495,708487.698910069,192843.8144792262,163225.1873325263,3.4896302396903423,0,PIF,0.13557826821604724,0,0.0
434,2010-10-01,103029.75540762398,103029.75540762398,126409.0814004375,262606.6355466149,197718.27557817457,170391.28155064382,287852.1007573863,2.6387363001808977,15,PIF,0.22384614580902076,0,0.0
435,2003-01-01,157252.33821292705,157252.33821292705,177089.87831946096,369303.7377068448,346420.4596186371,169914.7850496002,104992.37420581399,4.183076558507528,0,PIF,0.020129432262420397,0,0.0
436,2014-01-01,276293.7216411589,276293.7216411589,136412.07300830932,852548.464620995,636716.3579716092,47812.87108153763,41005.69111395213,4.817243893495653,120,DELQ,0.25243212001890303,0,0.0
437,2023-01-01,277374.61503189313,277374.61503189313,144380.16610739584,806499.5927360028,513327.35911094036,61048.833634828516,61780.721659891846,2.0812367154857156,0,PIF,0.011091543516548969,0,0.0
438,2002-01-01,312189.9571915419,312189.9571915419,144434.6529810271,537521.4458047377,404956.11492759496,123249.34430603882,176637.14484132305,3.040040336977126,0,CHGOFF,0.289427578442826,1,0.5747231407961744
439,2009-10-01,227795.8268965509,227795.8268965509,192241.54245306258,469900.4369917731,318251.03766612953,134666.10855384907,211431.918946254,3.8977297412103544,0,PIF,0.11611369941100286,0,0.0
440,2024-04-01,404101.12165251246,404101.12165251246,191016.4113051892,449875.260992656,234498.75020485575,48514.02095475545,23383.01422225427,1.6340763808285987,30,PIF,0.029818133862004843,0,0.0
441,2007-07-01,460919.1876562435,460919.1876562435,484569.182979084,128207.52248495315,49236.44092863383,151793.5558218383,229033.7292657459,4.1836245923094735,0,CHGOFF,0.1188431265646376,1,0.39943538690939606
442,2003-04-01,161026.27406576206,161026.27406576206,144460.32951359646,811749.2252443848,459565.69310968986,47993.07505472149,67609.75405894706,3.3318878465817092,0,PIF,0.10900673105728485,0,0.0
443,2012-01-01,381435.4479658496,381435.4479658496,439526.7376928323,750882.5969005751,267910.990307052,59972.022851988695,99104.56099705752,1.598962095648326,0,PIF,0.051037072587099205,0,0.0
444,2012-07-01,355087.3336452701,355087.3336452701,231451.67996613387,454125.93867685104,244928.77292941528,68291.15221650602,113405.66597485666,4.47291834721635,60,PIF,0.0906794347201479,0,0.0
445,2016-07-01,285390.7246756917,285390.7246756917,247498.458010686,309140.7776299682,82512.24706506768,170738.36913316025,254150.1718363121,2.7068050381032376,0,PIF,0.1265346733556743,0,0.0
446,2007-10-01,134838.6052433721,134838.6052433721,68192.15939069535,361194.8972697551,217553.49434190875,149095.94040546782,99340.2034713013,1.7064773836985951,0,PIF,0.17250849775740526,0,0.0
447,2023-10-01,407854.5163622193,407854.5163622193,487854.77286498825,180991.68041576937,62664.19796529728,110830.23278759446,93033.12612235414,1.7815854573546015,0,PIF,0.014319736564348087,0,0.0
448,2013-01-01,482281.8285329747,482281.8285329747,268874.27330712863,671867.5878706925,258592.75304021183,165752.36664563007,283577.035087739,4.1420255990653,0,PIF,0.007707008997181478,0,0.0
449,2007-01-01,374826.34950512607,374826.34950512607,184461.80190276905,536469.2823749833,294641.0076417829,164456.36699382548,203505.3176148733,4.742864642339914,0,PIF,0.03815740309284941,0,0.0
450,2024-01-01,463036.9984815803,463036.9984815803,270666.2117019559,271964.8067164138,76155.8577989478,84068.28823025744,97037.08508020033,2.5129996890165973,0,PIF,0.025865751600601956,0,0.0
451,2023-01-01,492883.36922659987,492883.36922659987,554793.6309751645,590864.5691037055,543538.625572445,158473.08462260978,266550.6532635852,1.3153123012289312,0,PIF,0.13903972739878373,0,0.0
452,2012-04-01,208422.8034076572,208422.8034076572,103217.86581423174,882968.7756890792,448155.6163242751,49186.12668031493,79872.26920530947,1.4032923178154295,0,PIF,0.05217011567633647,0,0.0
453,2000-07-01,337200.5988168516,337200.5988168516,321347.0267968115,180364.01109046693,77885.39756704241,105613.48149154677,149812.1547294502,3.617914036775404,0,PIF,0.15889424014282408,0,0.0
454,2014-10-01,263269.7319371351,263269.7319371351,282110.14866535633,455957.70871276874,79043.5900350791,32465.92877384737,53086.76816390799,2.4830068423587024,0,PIF,0.016822022892300722,0,0.0
455,2013-10-01,493982.93608845357,493982.93608845357,531512.3236418279,485210.2331561439,400106.0518819193,91090.95226233902,50953.4519678332,2.7045259893831743,0,PIF,0.05490348989234281,0,0.0
456,2003-07-01,92213.52080347622,92213.52080347622,52658.97349043992,216773.71533551798,141047.53170347874,108869.49625576622,159010.60055176428,2.3481895125937555,0,PIF,0.23083512224838415,0,0.0
457,2015-10-01,235568.71143375107,235568.71143375107,107292.5018755891,515895.77301779814,249241.6933490273,25184.488004053354,44120.610925463494,2.8621542639583124,0,PIF,0.09023494284089659,0,0.0
458,2021-01-01,443992.5700372563,443992.5700372563,356937.0578170412,576901.3520094338,199853.7659222372,97896.42472903249,45871.08389427735,3.574197811520259,0,PIF,0.03663384433308429,0,0.0
459,2002-07-01,177823.08973693196,177823.08973693196,103535.1486408239,209022.52183116614,155953.7801645105,133817.40316242527,95313.30713798062,3.1645566556191436,60,PIF,0.2015646252265044,0,0.0
460,2018-01-01,404506.78278749273,404506.78278749273,416376.519841289,206873.59718727865,187506.02080432765,126676.7646015002,191478.99121687195,1.6569656966059103,0,PIF,0.10103890794917006,0,0.0
461,2003-07-01,222252.42325111508,222252.42325111508,160249.22447212366,782205.9468196799,355628.1851170816,20327.23869930083,22930.467464507317,2.965154607775216,0,PIF,0.06568119504329505,0,0.0
462,2018-07-01,490990.3429505712,490990.3429505712,394961.7382328719,335337.6980694368,86483.8789463734,28114.540322558205,14655.145439016791,2.842452236425366,90,DELQ,0.058569540397880517,0,0.0
463,2010-04-01,447588.4263906684,447588.4263906684,224750.45891970827,596873.3774044774,141671.3566902773,76757.6867314768,59498.04853538925,3.182948992214564,0,PIF,0.09320902805155346,0,0.0
464,2000-01-01,185594.1609481769,185594.1609481769,169038.28168429888,593953.9220536756,92116.06304381815,170110.28735406007,145220.33526938068,1.4426801241615355,0,PIF,0.08787333003384967,0,0.0
465,2024-01-01,396586.9010920348,396586.9010920348,224853.57753617017,768120.1179777607,572375.7304452817,175253.65010179888,148875.83952188905,1.6141084921709408,30,CHGOFF,0.016085133551481542,1,0.6094090027184131
466,2004-01-01,201585.4447249709,201585.4447249709,203820.44166566266,686713.5976098492,642157.0845456712,68826.44524450594,112100.51170527854,3.1209767124317875,30,PIF,0.17422677118729363,0,0.0
467,2014-10-01,322863.2780969908,322863.2780969908,149825.33065030072,769272.6754193878,726388.9564045895,146589.4961958767,194502.4255247363,2.1017401701985334,0,PIF,0.0787266554900058,0,0.0
468,2004-07-01,346316.3457769814,346316.3457769814,442697.9624669391,592676.1275135458,460721.41265560803,119704.2125468122,171043.4567506174,3.516126754845388,90,DELQ,0.1943568262064998,0,0.0
469,2023-04-01,423317.9340885672,423317.9340885672,430122.4653979781,448554.8716214751,125481.88982535533,196850.2291642922,82479.87681620456,2.4910055307166408,0,PIF,0.022631310768616873,0,0.0
470,2018-04-01,61002.87839690669,61002.87839690669,34378.57541248069,402724.5474767212,375406.76067856676,27982.343335041427,27940.84003938264,1.882938990661743,0,PIF,0.16922669993516395,0,0.0
471,2020-01-01,149071.05101853487,149071.05101853487,61519.41365887317,390804.4086623774,161109.41229452088,114097.34102564842,96406.42042978884,3.6255791533093134,0,CHGOFF,0.025611104099582352,1,0.6897363083248123
472,2010-10-01,370363.01476486045,370363.01476486045,259630.62248163362,423082.3402855094,176381.20316222092,122582.15328553822,195236.0516575636,2.575630678570058,0,PIF,0.08710577847140773,0,0.0
473,2011-07-01,303585.4566362918,303585.4566362918,163186.8787471512,186033.58676609164,130199.244945679,68457.02848071206,118801.52628367438,1.6304498820388984,0,PIF,0.0761752209095952,0,0.0
474,2015-10-01,273022.2851905144,273022.2851905144,162876.95922803038,427645.864222597,80927.42523008522,18921.117023379447,18782.561267489422,4.235235917081161,0,PIF,0.10488835058257245,0,0.0
475,2019-07-01,74844.48051859121,74844.48051859121,88726.27795116155,399344.82390614937,323715.2174874926,19899.861780686944,35069.22514015357,2.7270348477624577,0,PIF,0.3197565038106387,0,0.0
476,2021-01-01,206724.1475576553,206724.1475576553,194916.93125969754,108348.7639209498,102697.05632348389,96187.43029812125,40408.617032583534,4.660281358890574,0,PIF,0.06085733572062225,0,0.0
477,2000-04-01,439295.10435979173,439295.10435979173,245483.3265360896,305607.2193675988,235334.61866347704,141570.01999434462,121184.95159063951,1.7736037140616099,0,CHGOFF,0.1192897560006382,1,0.6365392105664974
478,2016-07-01,63901.776666214486,63901.776666214486,57575.08289817614,696563.7192869778,540074.5450887063,143033.39930259422,212390.81656787556,4.505400938425893,0,CHGOFF,0.2668426117143822,1,0.47309041412876296
479,2002-07-01,228396.30591416545,228396.30591416545,143935.9430955881,553915.3685558927,256047.8978308034,44384.271447146595,40129.572224688105,4.2636398827962765,0,CHGOFF,0.06315538288698619,1,0.6120506131802605
480,2007-01-01,475316.72945184767,475316.72945184767,607730.8337020174,741057.3473399447,150239.82584251752,173014.7067910994,292281.92129481566,1.4156632963529234,0,PIF,0.02756849788248765,0,0.0
481,2020-07-01,72896.33054525658,72896.33054525658,31307.625914647106,525004.1963922272,411673.61291205965,81660.86093425154,57640.38806112909,3.1267252626012696,0,PIF,0.03288109136257998,0,0.0
482,2006-04-01,387367.58797008655,387367.58797008655,410255.8139271201,780348.6876897193,489845.52672102937,193229.90137475939,292537.2050982075,3.6147314405857873,0,PIF,0.05412158428669112,0,0.0
483,2019-10-01,165925.6772819164,165925.6772819164,181804.3205097144,732775.0216734078,642988.7953549341,32450.330540870997,22143.558882168545,2.98192877890902,15,PIF,0.06794172730913964,0,0.0
484,2011-07-01,439973.9744691526,439973.9744691526,202584.4711629837,160593.34751664265,38987.298387920295,168926.39274074155,114185.26892380325,2.5610523367437428,60,PIF,0.050396747265871476,0,0.0
485,2005-10-01,385730.59053171426,385730.59053171426,213957.98043602827,881145.2217731137,347257.9665444869,182584.24911663507,186975.23629913884,4.775368509454815,0,PIF,0.020617061800700425,0,0.0
486,2008-04-01,448567.32688626327,448567.32688626327,334575.60045547277,92092.9064590896,40385.034711857734,166308.34996730895,286535.4540742216,3.803283438968878,0,PIF,0.08896241035320851,0,0.0
487,2013-04-01,147166.1556940697,147166.1556940697,173853.16980840926,569407.1911022873,396662.58232904086,163679.81682793997,199629.95202643488,4.863479510257964,0,PIF,0.06719699937083892,0,0.0
488,2019-01-01,289081.7396683722,289081.7396683722,255345.88462719455,729859.4376397451,569433.5090426801,78648.90292693955,101382.05787683168,4.384921243412766,0,PIF,0.18580803433299353,0,0.0
489,2015-01-01,400671.4746086603,400671.4746086603,396575.0755656837,352153.1946777408,323564.1048284702,145535.19027698488,60197.10098626703,4.2685255928646235,0,PIF,0.02782689486651837,0,0.0
490,2023-04-01,160564.88434774143,160564.88434774143,177377.88257022912,570827.2296836695,220525.2443044722,120075.84754214708,57547.705168762644,3.9025291612000386,0,PIF,0.027959273297874884,0,0.0
491,2021-07-01,153835.83737024764,153835.83737024764,176189.8012784571,376940.4752949076,205398.30526789898,90651.0349719315,44755.10817018604,3.584316968581067,0,PIF,0.011847719727368334,0,0.0
492,2018-10-01,62231.96007391326,62231.96007391326,51568.892631670395,129704.27950615156,22460.727181941005,198691.22225019915,307474.4765878317,4.547448364449448,0,PIF,0.03212396397545147,0,0.0
493,2015-01-01,481331.8822889535,481331.8822889535,412941.27617897146,86938.44565325134,30636.26516150844,65186.396447572784,47689.90941077181,3.453639090652253,0,PIF,0.04314540481004434,0,0.0
494,2007-01-01,369507.59602458053,369507.59602458053,386580.79477549874,157786.8646911744,70878.30244743475,88497.36421567899,76140.78331786804,1.3011536037007665,0,PIF,0.07748701552218255,0,0.0
495,2010-04-01,336002.15930458315,336002.15930458315,214036.10477621263,160695.86717843838,100442.14271160237,181543.59709424232,227643.66892360343,3.330254075973206,0,PIF,0.09900767124748046,0,0.0
496,2002-10-01,384797.6252127459,384797.6252127459,449844.1092750055,580929.617462875,305961.9166039806,64911.573028292085,79032.17988107269,1.4113406063470988,0,PIF,0.059068248616058104,0,0.0
497,2009-04-01,289225.8134129477,289225.8134129477,121101.2029607468,511209.4893892609,225739.91077136446,39009.41700442218,38024.08971033737,4.797204280489707,0,PIF,0.035082564916496986,0,0.0
498,2023-01-01,264260.2194906847,264260.2194906847,152265.26970926026,453479.9061419765,294427.4400708976,68899.95243720216,27974.778562659623,3.586675904405145,0,PIF,0.04634795486659323,0,0.0
499,2010-07-01,252289.50850558438,252289.50850558438,282609.64870362217,647375.6099939824,526246.8050384532,154269.2186493403,158811.46059788513,3.222585133653427,0,PIF,0.11918530780309963,0,0.0
500,2002-10-01,338197.6454466386,338197.6454466386,238846.13167404212,93797.43235020769,32204.870629701,173372.26184343055,248691.35519121125,1.791284530932351,0,PIF,0.08718181014115747,0,0.0
501,2016-04-01,140690.73892657243,140690.73892657243,75248.3783228768,302206.45476089936,128226.41132958721,31744.54764824861,23152.41097502586,3.0630681994991216,0,PIF,0.027245878274125113,0,0.0
502,2024-01-01,449626.41275669134,449626.41275669134,255423.44889086997,717462.0396558548,512224.07355325704,128125.40940421705,178312.28786121213,2.370124015317369,0,PIF,0.057965134116466345,0,0.0
503,2021-07-01,415288.5670486693,415288.5670486693,364490.7858702119,826181.2273440372,638103.1190480677,117784.51206300115,49612.47930917983,3.7015446720345637,0,PIF,0.017487078489764385,0,0.0
504,2006-10-01,207303.62515341523,207303.62515341523,240796.2987753354,439436.0089148169,356082.68700590124,137071.57924753937,229075.5208880927,3.4176391898374288,0,PIF,0.2252896182609557,0,0.0
505,2011-04-01,310374.18356563593,310374.18356563593,143885.015829462,146816.8637135424,46609.21198566717,137500.71051409125,237883.77670211816,2.9972283600282346,0,PIF,0.06715798284719038,0,0.0
506,2013-04-01,113462.28497750658,113462.28497750658,48497.504228729646,734957.5661673602,427314.30160563503,192298.81935064038,77582.20423920765,2.0109640057774034,0,PIF,0.019154483576645048,0,0.0
507,2006-01-01,487555.8115701191,487555.8115701191,399138.20981409,805839.7552836415,701087.7420030874,75840.54960108046,78945.90000924528,3.102972521604486,0,PIF,0.09187387265796675,0,0.0
508,2006-07-01,456301.7094336276,456301.7094336276,575199.6405985566,419201.42196884996,194325.16378788045,66955.71512979797,65573.12757503203,2.846787542980899,30,PIF,0.0442926861479656,0,0.0
509,2005-10-01,464853.8779246402,464853.8779246402,302670.46135629946,279551.30821462715,138072.20043282004,120432.80430614679,190119.64455533714,4.4050635098493025,0,CHGOFF,0.2984303465316376,1,0.5155609436093018
510,2024-10-01,199473.37146655322,199473.37146655322,251985.4317018072,116056.76794281515,108844.80948345583,91589.50725534573,105969.99665841273,4.5773493654511395,0,PIF,0.1192797827931567,0,0.0
511,2018-07-01,126110.61832228508,126110.61832228508,151195.66717645075,564687.9139537818,135774.7573771079,100013.31173938987,125607.88415973393,4.036996616433637,0,PIF,0.027544718167225552,0,0.0
512,2021-01-01,145297.47355983965,145297.47355983965,95143.91957168568,826092.9822612493,590228.2287502541,23162.62876585363,15831.85142762811,2.2785598264492437,0,CHGOFF,0.014367184287986385,1,0.41380818994870794
513,2020-04-01,90500.62597029044,90500.62597029044,102741.13046847467,635868.1809266671,527864.2545903747,38166.01362118267,19384.157084356983,1.1523580416726147,0,PIF,0.019286003145191917,0,0.0
514,2023-10-01,104049.78354562295,104049.78354562295,105847.82335422447,340143.85027368215,92054.76741641489,187721.23795264374,257039.84607178578,4.701343836975514,0,PIF,0.06679434000681571,0,0.0
515,2002-07-01,82087.04038318043,82087.04038318043,70647.4027496088,607168.4259177728,438110.02124636463,22975.375817323133,29154.520173731686,4.968049006634677,30,PIF,0.10654987061190861,0,0.0
516,2022-01-01,495420.3811421931,495420.3811421931,386737.3015566158,762296.0941073808,400808.1036293118,122127.66260931797,191161.57296925792,1.5080830492900321,60,CHGOFF,0.17669046991834927,1,0.5218547837275781
517,2001-07-01,83325.95751608312,83325.95751608312,94487.67620147722,470180.64866655547,391337.3288184762,153369.25551339914,242715.5622755109,3.7424640951328096,0,PIF,0.13421609045247376,0,0.0
518,2011-10-01,109643.93642813613,109643.93642813613,122118.2903820421,752193.7617982277,658893.041752388,12254.070403757225,15727.47910582892,2.7005861419588815,0,PIF,0.1565070817667586,0,0.0
519,2014-10-01,422264.5680158314,422264.5680158314,456570.4826273765,401365.9348664104,340353.4652791334,52322.14810734311,60364.3728625359,1.5940816193563179,0,PIF,0.05172966578236499,0,0.0
520,2008-10-01,311108.0975343244,311108.0975343244,403952.19786514697,365774.65644853195,73706.55972996367,81643.68586138349,137129.67993042804,4.992405243862268,0,PIF,0.036430977850086775,0,0.0
521,2003-07-01,398487.7420561996,398487.7420561996,331008.3119181386,558050.6732204143,421598.47838867764,106295.31494304701,161756.99911940546,4.732915417847097,0,PIF,0.10849091909138685,0,0.0
522,2004-10-01,333910.40349769476,333910.40349769476,376060.14080294647,461042.8625094746,409047.3982187262,74903.10600357548,122496.16451499569,4.930435505130855,0,PIF,0.2241912681004361,0,0.0
523,2020-07-01,446978.7816480266,446978.7816480266,525750.0893640601,881231.7747780882,570226.3575191469,133309.85904831951,239181.5173161688,1.5755850174805803,0,PIF,0.07545741111016321,0,0.0
524,2007-10-01,337310.38749413326,337310.38749413326,199162.32886806424,503439.32729310327,317519.61083302234,53015.52827763541,51155.11281318929,2.9676981012919783,0,PIF,0.12041779964761176,0,0.0
525,2007-10-01,284956.29180641787,284956.29180641787,124770.90432580399,395841.0637111377,73628.14389299072,14841.75792151361,20833.502153171452,4.583096653285456,0,PIF,0.08700796427618723,0,0.0
526,2023-01-01,370737.36219258484,370737.36219258484,283344.76435818564,403845.5053653997,337140.89657459204,10298.499655468288,14039.89248352903,3.700633783116163,0,PIF,0.029432182771630663,0,0.0
527,2003-07-01,251326.73830644926,251326.73830644926,294319.44816085865,529310.7595027557,99046.13714630599,75647.2822704305,48701.705095327176,2.738407213166335,0,PIF,0.03029526882155874,0,0.0
528,2022-10-01,205728.7203071306,205728.7203071306,135820.65139191746,371027.87116672023,148710.8221527856,78715.93184690695,101635.49540571708,3.066776963518311,0,PIF,0.05381583629672215,0,0.0
529,2023-01-01,260443.60360259563,260443.60360259563,268259.29181639355,672783.4136112474,599241.762922092,190234.78230344335,190106.3712059441,1.154406418804225,0,PIF,0.046515302460420294,0,0.0
530,2014-10-01,126371.3472943523,126371.3472943523,51384.27372803234,392143.6007153455,356770.72413279035,18508.335378844895,19080.0546411935,3.4460687072571687,0,PIF,0.18903019254930117,0,0.0
531,2004-01-01,408457.27841121115,408457.27841121115,294018.9813471869,394998.39695069933,372689.05828062224,110712.3614256844,72205.84770517984,4.438862066801049,0,PIF,0.07073154239827639,0,0.0
532,2003-10-01,167316.70160117507,167316.70160117507,159614.28147312204,585918.0644889798,311193.8737568897,119784.5297101308,172805.36515099058,1.0111745061651276,0,PIF,0.023873039971501815,0,0.0
533,2007-01-01,119089.19585167136,119089.19585167136,61543.08982018691,129894.43561072816,37921.853971872355,142862.25226056672,196738.0913267931,1.6398587105908962,0,PIF,0.03014006600790731,0,0.0
534,2014-04-01,160858.50880245207,160858.50880245207,194147.5693039875,617391.0328544198,333610.69548738527,131359.5740267255,150433.7978958212,3.0719604880212863,0,PIF,0.0168033755186853,0,0.0
535,2003-10-01,428931.5682975079,428931.5682975079,231900.38519902903,494077.21807012346,114551.97102863845,11546.503807549141,7151.983756506614,3.243857304083463,15,PIF,0.03978429429209975,0,0.0
536,2011-04-01,198590.58301897912,198590.58301897912,242045.02068391404,451481.41371504613,382869.28085340693,130052.95794771222,153411.86069674196,2.373409380665704,0,CHGOFF,0.10133333922537287,1,0.33957486912539253
537,2002-10-01,358722.4412776551,358722.4412776551,213350.30748048873,669787.4523805201,400820.762204276,71253.70854294911,38490.31216508027,1.1117379199781632,0,PIF,0.006055301693477014,0,0.0
538,2013-07-01,435384.3337950827,435384.3337950827,563757.755762589,701769.7412439861,332361.4613385337,156845.10265608237,137258.4174528718,3.9744003821993554,0,PIF,0.03376122199901471,0,0.0
539,2000-07-01,84985.10011626895,84985.10011626895,80249.20699665714,773933.9079982167,165331.29210118245,45789.42336578283,42185.840616400325,1.9717004729805718,0,PIF,0.048705320450690155,0,0.0
540,2017-07-01,394260.9823301193,394260.9823301193,187632.90377424867,387338.5590703068,183673.0557284096,146079.07387566406,239101.5780030809,3.5783092076032053,0,PIF,0.025818595736840352,0,0.0
541,2001-04-01,188449.4598705635,188449.4598705635,86451.09756963822,348170.9076477725,293491.81093922036,128844.11340092159,126497.4634035188,3.236586964310589,15,CHGOFF,0.13069390154285584,1,0.6056539656937968
542,2004-10-01,147480.0638828192,147480.0638828192,68936.53644862775,665760.523225506,474503.9998005891,133935.26821222022,165792.81860474774,2.7233523298397015,0,PIF,0.1870730626078873,0,0.0
543,2004-04-01,360005.6536038375,360005.6536038375,335130.5130817132,557079.9844951656,120309.45240751494,43430.06054663531,70560.41039208624,3.36115801311346,0,PIF,0.07226435601732466,0,0.0
544,2020-10-01,459408.4802299552,459408.4802299552,518498.1879622852,598077.2680084896,166221.07911896877,137143.06025316782,136603.15740893263,3.7801549758826476,0,CHGOFF,0.03613290036872777,1,0.2761394893183678
545,2001-04-01,182758.64392057792,182758.64392057792,139383.88938107726,535528.7838267849,248403.30870482695,150025.89764196382,245620.13844395019,3.288977271783848,0,PIF,0.010671273043406985,0,0.0
546,2010-07-01,305975.21242294356,305975.21242294356,244887.92931480758,713608.2790271606,164914.9204874617,102987.94963518307,60870.598948375606,3.230101728410729,0,PIF,0.05596725508248069,0,0.0
547,2014-10-01,180425.35123227118,180425.35123227118,167860.3373124026,235833.5285635656,211597.6133897284,74669.47976763359,68007.5001457347,2.7443109874283467,0,CHGOFF,0.2621138043580758,1,0.48507463990076066
548,2012-10-01,299428.51357689255,299428.51357689255,263418.2058013327,535683.9488479453,359890.494943166,41645.42136475342,22181.107228836972,2.720138089888461,0,CHGOFF,0.23497414587272178,1,0.207325381559471
549,2017-01-01,329837.91379445326,329837.91379445326,336189.1274649083,209643.46693377645,47349.7382308065,65092.499771040704,77154.23638020303,2.963863940117655,15,PIF,0.03067342878188129,0,0.0
550,2020-01-01,324650.9249555809,324650.9249555809,267709.47337081766,413946.5902186134,323062.9480917719,155127.38886597898,269951.888561421,2.808311648624159,0,PIF,0.04517421950805212,0,0.0
551,2009-10-01,330595.8663392357,330595.8663392357,344637.7989975424,624474.9352011813,277719.4549783332,87786.1376637886,115854.22502110306,2.7560983372280567,30,CHGOFF,0.14417121170192812,1,0.385370314803844
552,2020-07-01,110785.90649788584,110785.90649788584,143753.539804952,484318.7188176197,167524.15729949146,143515.51597871893,183198.39776318846,1.841480284841654,15,PIF,0.029809936470758757,0,0.0
553,2007-10-01,362093.2113140238,362093.2113140238,258993.7080802153,391265.0600711886,237101.9130488432,150617.35174971248,118900.66387658216,3.8993516842222764,30,PIF,0.07520726848425009,0,0.0
554,2024-07-01,353637.6603711005,353637.6603711005,145342.92710160132,805675.401160797,129470.1891471337,138092.34258361504,235247.1359246309,1.5318098756380176,90,DELQ,0.09910659178449643,0,0.0
555,2012-07-01,357164.6549975974,357164.6549975974,183247.80544720177,713717.0858879323,372787.37228212686,137972.3004997602,146271.15482953071,4.6348416906732925,0,CHGOFF,0.04598731464283642,1,0.6220331390058128
556,2018-04-01,83331.74873241785,83331.74873241785,74845.47397781284,511558.44370030746,422058.221798497,126053.55882194979,97540.60612764943,3.4993848430886345,0,PIF,0.16155825521377873,0,0.0
557,2021-10-01,251077.47908636866,251077.47908636866,178222.8312514653,859043.5876539,766650.0795920021,108500.17595560558,193431.94071790352,1.1956027164930991,0,CHGOFF,0.19329085747923383,1,0.625233169709972
558,2019-10-01,234065.8094205784,234065.8094205784,291642.33174136374,427979.53733669495,181482.05372742916,47585.170505351256,47222.26255046516,3.6359947989930164,0,PIF,0.0267599401478037,0,0.0
559,2021-04-01,89020.1676394396,89020.1676394396,85877.88756923898,726219.8006222469,482173.10686906107,170132.64351515155,156538.80292279497,2.446057046023269,0,PIF,0.05517466174061979,0,0.0
560,2013-04-01,150065.56755356482,150065.56755356482,130304.88370163977,217707.7166371627,72161.12777322956,193210.19277264312,86740.89958119443,4.719059377522582,0,PIF,0.0030397312120621603,0,0.0
561,2001-01-01,248433.18430911654,248433.18430911654,277806.8187785668,314349.83123068954,188034.7821384191,98631.9724640316,64072.60781996686,4.744301945958831,0,PIF,0.053349673392413824,0,0.0
562,2012-04-01,384307.839436137,384307.839436137,243163.43895310714,357230.176693843,126181.62210314754,187315.3636180846,287129.7075239986,4.383713527411386,0,PIF,0.03621772606197556,0,0.0
563,2004-07-01,156677.93464309844,156677.93464309844,178262.62115214902,166773.0172177091,101245.43166327746,199618.96216742386,214744.71902053783,3.2713956078958084,0,PIF,0.12575730365343982,0,0.0
564,2022-01-01,423387.4595562102,423387.4595562102,170521.4138931432,491479.94836237567,141240.37412632033,102377.22339130592,177811.28187730824,4.676710765220845,0,PIF,0.05646811791603074,0,0.0
565,2005-10-01,295609.2285827586,295609.2285827586,283107.80372512783,237653.30998372645,214597.622560468,147627.52101249393,76388.40285425242,3.599232756291435,0,PIF,0.0578530395540281,0,0.0
566,2005-07-01,392189.7583330779,392189.7583330779,486817.8663851156,600032.42934872,515748.26280271064,132320.1642675993,167030.49817583524,4.500516221884442,0,PIF,0.254787871261614,0,0.0
567,2006-01-01,262650.1925015857,262650.1925015857,291298.4882600217,235875.734849875,98958.03196594413,55080.31504014197,77551.86115488819,1.6402127970845695,0,PIF,0.1275421079248952,0,0.0
568,2016-01-01,274637.4014400005,274637.4014400005,320850.84925651655,181275.13101820578,139823.0032102086,18946.994313320567,24056.172155845976,4.6167212537248155,0,PIF,0.11081730154814164,0,0.0
569,2014-04-01,328873.7252208381,328873.7252208381,249042.66249879348,874651.1166311181,198023.9031649063,96137.5091231468,109772.555928309,3.6463627782618695,0,CHGOFF,0.14783409813060464,1,0.4454408451263837
570,2023-07-01,467586.7736746209,467586.7736746209,533897.6160593834,619757.0507651072,460038.6722396047,159568.94950529173,193017.41747008858,2.213095692554892,0,PIF,0.21643781872890408,0,0.0
571,2010-04-01,271315.66163580946,271315.66163580946,243030.596537201,847889.7500609605,318778.8231569458,71775.5859110424,98000.19067448436,4.9912541087236,0,PIF,0.03910171741512056,0,0.0
572,2007-01-01,287895.8921487309,287895.8921487309,275426.0307556703,481707.9894344502,124527.97735291345,159043.35702670502,255832.20758111693,3.7475358694178924,0,PIF,0.05191870598840631,0,0.0
573,2001-01-01,320898.63358738826,320898.63358738826,145374.7201361323,107390.01971196689,74373.27756411656,134412.31957296154,117057.33716913078,4.633664232082915,0,PIF,0.14007337335914716,0,0.0
574,2000-01-01,381881.8117839766,381881.8117839766,222024.7592701737,550984.359753784,289732.6209424106,142152.85684534156,148338.73971169873,1.02234208390807,60,PIF,0.09619638834454117,0,0.0
575,2009-04-01,82332.65096880545,82332.65096880545,73759.18521436048,537829.6872052809,308774.3060198456,64290.7687917041,82952.67020456736,3.209353638196743,0,PIF,0.035810289245106,0,0.0
576,2023-01-01,282059.3473348874,282059.3473348874,127750.58812702203,92279.99686800706,52269.58901016243,99309.00274017891,83409.86311490471,3.850130494290812,30,PIF,0.13673779481817055,0,0.0
577,2013-01-01,266716.21514271956,266716.21514271956,284666.7834415456,786218.4764095019,155324.05299503647,44523.722004791256,28953.598873599236,1.0549475564748456,0,PIF,0.10214723654250056,0,0.0
578,2022-04-01,464758.2429069067,464758.2429069067,537284.3744628069,588375.9581054682,112441.11634590138,56850.30033514802,99637.89773024204,4.050236900491399,0,PIF,0.10103561563140633,0,0.0
579,2002-07-01,272077.9611963535,272077.9611963535,334200.4678191983,690646.7588884399,435752.52435391117,27071.508187558884,18208.849865385768,3.6057927726705876,120,DELQ,0.1675084590719147,0,0.0
580,2002-04-01,260744.24061244895,260744.24061244895,128179.68189140335,485015.307049162,314819.4169126767,34086.94719627952,24741.203905836293,2.0990386143707855,0,PIF,0.14333575987009206,0,0.0
581,2020-10-01,482989.9948406159,482989.9948406159,601683.9279059854,587089.9990847756,110220.06813574299,49997.56106620894,63304.938952053904,3.7557797853909944,0,PIF,0.11887979823337674,0,0.0
582,2002-07-01,252759.4086203967,252759.4086203967,116486.19727351726,291125.3124473898,131807.41185768638,120244.50016140903,61122.15932134533,1.5236041559877753,0,PIF,0.03540164876471976,0,0.0
583,2001-04-01,131397.99364494067,131397.99364494067,108620.22954102121,878481.3695702907,562474.950564463,93830.11271405156,42004.6183588024,4.296148795075226,0,PIF,0.03052851913433486,0,0.0
584,2010-01-01,147612.25526260474,147612.25526260474,170673.11543246097,408590.4061890854,275939.29362489434,60718.50738745678,29728.93762075662,4.464900469034016,0,PIF,0.011601955911333332,0,0.0
585,2023-01-01,92834.39225163836,92834.39225163836,43008.3195360921,213107.82949685585,173175.8138519573,173611.36491056092,99404.50366843118,2.941907721113989,0,PIF,0.041387939638536604,0,0.0
586,2017-01-01,50255.658166525005,50255.658166525005,20926.856381539,125850.64306719441,61237.139219916484,109778.06135497737,109874.18379261372,3.029768671793286,0,PIF,0.1148681103757945,0,0.0
587,2002-04-01,244375.54745021687,244375.54745021687,103237.17015500135,601660.9851300044,354141.4011375611,185390.7999908008,289388.5317261958,2.608217443465406,30,PIF,0.08965905089001706,0,0.0
588,2020-10-01,396159.16158419964,396159.16158419964,340753.61509181873,886371.4779646937,543211.2538708606,130643.34283273786,114804.22890947024,2.3813359408151995,15,PIF,0.021327851818532383,0,0.0
589,2021-01-01,380059.8992599261,380059.8992599261,429633.79899595305,814551.487413951,325524.28283431864,12999.643340456161,12980.715606342448,4.4915931154137905,0,PIF,0.03527309159890366,0,0.0
590,2020-01-01,64467.08951128259,64467.08951128259,33180.17975365888,655725.7453388592,126594.62350818071,183560.38129298209,227679.39977866612,2.2194927031501583,0,PIF,0.08763946557182625,0,0.0
591,2022-07-01,306492.3066173148,306492.3066173148,156969.79842783322,892290.3017741459,136860.14764118436,172918.033779357,142311.92150649833,2.611400047417567,0,PIF,0.012590315298833777,0,0.0
592,2005-10-01,119427.4064360642,119427.4064360642,108881.03127680546,672719.1748745273,550889.956249479,130701.53232837084,131427.3218944017,2.1996651857780494,0,PIF,0.07927737018655516,0,0.0
593,2024-04-01,473484.32814411377,473484.32814411377,289235.4968814452,358185.92118914466,111104.06401962152,111606.97558885542,105003.90084332656,3.626851043170906,15,PIF,0.04897536188281976,0,0.0
594,2008-01-01,125314.24983988068,125314.24983988068,132481.26773416376,572998.869109342,374857.99821765954,96055.95393053116,84398.31118909006,4.25687332444633,0,CHGOFF,0.2319475080387503,1,0.3946839364380191
595,2020-01-01,331987.6479638667,331987.6479638667,416535.55623519415,145408.64683816046,88937.45145051178,101613.22069569802,95897.52146447111,1.6573433077765651,0,PIF,0.311948698117334,0,0.0
596,2014-04-01,196807.26297382553,196807.26297382553,214407.74947911888,261779.64198248347,122959.58930016562,156151.92176004645,64891.24128900009,2.018970063580927,0,PIF,0.016130806604475557,0,0.0
597,2019-04-01,338702.5966839585,338702.5966839585,402872.4555793509,422382.9934613636,345000.1680263966,107496.9044481503,176377.15147936787,1.4164308341149767,0,PIF,0.20064139319187516,0,0.0
598,2015-07-01,235516.3684088338,235516.3684088338,204340.46658316226,245491.1647216971,173984.81164446208,43444.69275346372,76822.62096162164,1.6407358281075686,0,PIF,0.07569261229042479,0,0.0
599,2016-01-01,391839.37353787763,391839.37353787763,450257.6766884234,861870.8321590999,144960.78803893353,21053.737762868615,33843.771194915076,2.6275264978228607,0,PIF,0.10751938589456003,0,0.0
600,2015-04-01,153805.60639753603,153805.60639753603,86840.62417161503,896389.9719306125,691435.1186814891,33975.39249443737,13863.291418499828,4.103505158836556,0,PIF,0.07449485361678845,0,0.0
601,2019-04-01,457606.33381141705,457606.33381141705,211191.31831748568,384167.45449976565,213443.0744518664,57773.810679103364,83843.6514546155,3.1664717398756594,0,CHGOFF,0.22424740271032007,1,0.677106504266426
602,2018-04-01,275094.34219100844,275094.34219100844,272441.82728051033,661567.7685833029,282896.5866746179,79869.48307354427,96030.29357682144,1.2131051115486535,0,PIF,0.012811929978669654,0,0.0
603,2003-04-01,390241.91647078376,390241.91647078376,174343.4067571129,414371.9991438572,303116.31848417054,179559.04231328965,95497.55648800316,3.500346998735913,0,PIF,0.037998979087786974,0,0.0
604,2020-07-01,432378.58613055217,432378.58613055217,520252.3031920843,194397.54759668926,135855.21285439396,55426.574117936914,94557.89002057268,4.18121667555328,120,DELQ,0.10197992064598609,0,0.0
605,2013-04-01,499472.8749296622,499472.8749296622,510660.4341946105,356280.015115729,141967.10793353277,70723.72602048161,105145.24501955781,2.573871206306252,0,PIF,0.03631034859230995,0,0.0
606,2008-01-01,150775.5495172812,150775.5495172812,189521.94866876677,271364.79294684384,254114.43080020385,52372.762510087035,31602.500069275837,1.980050405488666,0,PIF,0.018486455666247195,0,0.0
607,2012-10-01,179101.5861035547,179101.5861035547,122236.47264361956,349024.1407340842,233485.55883929483,113690.94555416534,198920.27259500627,4.055750912788351,0,PIF,0.1336938276566956,0,0.0
608,2024-01-01,162694.88902934972,162694.88902934972,136263.88056136848,256317.78448612755,162665.35869917946,127246.47229595251,73380.27346300503,1.095624955843702,0,PIF,0.01835976707924986,0,0.0
609,2021-04-01,168292.09947190218,168292.09947190218,179655.40561113303,172122.99762776203,35440.86375440446,111104.23106046053,115165.29401679678,4.2623640976629344,0,CHGOFF,0.21781823529707797,1,0.35939351398016434
610,2020-10-01,312100.13369271986,312100.13369271986,193034.2719151824,258291.3120771786,96460.18822200836,190852.76373121864,118818.44661436538,4.2170383261768,0,PIF,0.06723358112362347,0,0.0
611,2011-07-01,497085.13541562937,497085.13541562937,441244.548874258,822720.7661004711,417595.9498118736,199121.8233542836,121517.50028985667,4.55194372277683,60,PIF,0.021222729341419166,0,0.0
612,2019-07-01,495625.1391917395,495625.1391917395,492413.75964698434,149881.77413675355,98097.70562305227,169105.238063057,296767.52292650635,1.3579197624944985,0,PIF,0.025297621309023535,0,0.0
613,2009-07-01,287047.9541130385,287047.9541130385,367687.70119965874,346300.4478792923,194001.28716440735,163006.26752915743,195765.94584009462,1.4310339276184996,0,PIF,0.1792360867288901,0,0.0
614,2017-01-01,337562.2446191032,337562.2446191032,361270.2418693712,513328.91349216097,390348.8303819086,79550.02758242562,60684.33162458199,4.491011295708574,0,PIF,0.08494311867994216,0,0.0
615,2015-10-01,436986.7446657227,436986.7446657227,221254.15200353085,370700.37806625257,133472.21693381175,120158.86617077969,178671.3218069529,2.9010510686487954,15,PIF,0.0888189882820276,0,0.0
616,2006-01-01,469820.0563040773,469820.0563040773,388917.0925245374,504437.8179154875,359021.30671483645,76779.75960028818,124793.38023803847,2.56935402964346,0,PIF,0.18124313930181696,0,0.0
617,2006-07-01,141737.28229829477,141737.28229829477,131800.60652914084,115604.44939217025,92862.4689937256,159027.61077301047,267905.15069378074,3.293174260521463,15,CHGOFF,0.0808001853245888,1,0.38516545614909137
618,2001-07-01,287843.7780241038,287843.7780241038,153121.61465870042,611827.0993587897,466236.7108441634,42647.91642744884,72764.97766878486,1.2343322806257602,15,PIF,0.1959920428594277,0,0.0
619,2003-04-01,424776.6745976805,424776.6745976805,335050.8645402174,542052.6172759694,415579.41954674374,51167.625715982176,85338.1112545514,3.5748646795843233,0,PIF,0.2760225696995502,0,0.0
620,2010-10-01,186440.93448556625,186440.93448556625,122231.65261151476,638392.338000847,549531.7287928041,17351.87346535868,22462.0931079943,4.780332614357592,0,PIF,0.04729800498704164,0,0.0
621,2011-10-01,247914.06911621,247914.06911621,125678.74521921556,545151.4089783344,118484.7521779353,125698.53793421855,110545.99521445538,3.702879576668207,60,PIF,0.01081192645141259,0,0.0
622,2004-01-01,493529.4956804036,493529.4956804036,424848.81574265513,439080.9375890438,310760.9637088525,140822.26916990185,238805.66451812355,2.858140449236734,0,PIF,0.4,0,0.0
623,2010-04-01,493271.0135243919,493271.0135243919,270840.2033794714,367116.06468114763,339561.27301120287,10638.834383961972,6080.042137193843,4.8435239544459545,0,PIF,0.1330020154520717,0,0.0
624,2015-01-01,457748.0648443317,457748.0648443317,426384.84633620386,265676.8558818165,161776.0892088549,107049.29515890761,68117.57977736462,3.754065655613654,0,PIF,0.02588703674730577,0,0.0
625,2005-10-01,409301.75517262594,409301.75517262594,226232.22906165553,490055.53598142235,158705.97979482735,81606.16231305705,82206.66588501511,1.227841742840266,0,PIF,0.010441936465721668,0,0.0
626,2008-04-01,171108.72532526258,171108.72532526258,179875.5546566636,101363.01094955573,96193.80600291495,160552.34854556585,127981.24115954227,3.6801861272525263,0,PIF,0.165481074234643,0,0.0
627,2009-01-01,194382.53333023435,194382.53333023435,111909.4184985063,349157.4790414471,101165.52842208286,17389.241739742247,21945.67415097988,1.2387834510117703,60,PIF,0.025981995256387554,0,0.0
628,2012-07-01,296277.2785421936,296277.2785421936,357504.93082716345,635855.2807229141,266071.19919885776,19227.48087543492,32060.337924589414,2.228919531159872,0,PIF,0.03279269064431996,0,0.0
629,2009-01-01,302349.81855290546,302349.81855290546,128071.88219839089,169147.9725428146,48655.37213905714,127839.72875791718,139018.5277082985,3.4627339216108695,0,PIF,0.07442408597826602,0,0.0
630,2018-04-01,277476.26871068013,277476.26871068013,241348.20599503006,131570.81870201344,68628.69355655591,122411.38237015514,143884.64394041902,1.8624640647474537,0,PIF,0.12821549897848308,0,0.0
631,2008-01-01,336501.62596233777,336501.62596233777,231544.84716414,614786.4563389196,298233.40652612457,167907.10436962196,166628.86461991866,1.1527567383771964,15,PIF,0.16851882440671942,0,0.0
632,2010-10-01,233745.36018484496,233745.36018484496,140847.6783016397,406175.2713367272,220550.2142460123,122530.70893989861,170390.81469016385,3.4718147551195475,0,PIF,0.32016835621581724,0,0.0
633,2009-04-01,387128.37079198984,387128.37079198984,319165.08232005645,737496.5299704925,658132.1094244528,190380.45743238524,102989.0293245574,2.143429131532044,0,PIF,0.05660391204647512,0,0.0
634,2004-07-01,200097.4669152599,200097.4669152599,231676.36544658558,848595.2692564856,452012.33917962265,69733.0820245402,32636.884311048037,3.131856897356793,0,PIF,0.007585267409278811,0,0.0
635,2017-01-01,198804.64862585865,198804.64862585865,243287.08636632835,864773.172060713,485744.00824568636,85605.06721691204,111104.57938446463,2.0445823156184844,15,PIF,0.0618851884714548,0,0.0
636,2005-10-01,107251.6828513226,107251.6828513226,72172.20529735417,428986.140193227,368647.3883860766,195758.18663555416,224892.87035171784,3.745715387715249,0,CHGOFF,0.4,1,0.49533038309888366
637,2007-04-01,134920.49451301366,134920.49451301366,72697.76099689634,296748.3239055265,238646.89985322658,30429.606240637844,29525.88468708592,4.582805564638816,0,PIF,0.094683785286061,0,0.0
638,2019-10-01,432734.3955146109,432734.3955146109,453560.34534274903,579063.2657688321,197910.86768783972,161221.92210729313,139874.47881375134,1.3462592111825677,0,PIF,0.0971477899847712,0,0.0
639,2023-07-01,250827.0523611987,250827.0523611987,231713.7432501696,595118.1992611538,95421.70684879198,12198.055785483655,5763.952443751378,4.145274741819034,0,PIF,0.009601741188860584,0,0.0
640,2016-10-01,152540.5039487752,152540.5039487752,88612.99573851531,590322.8475822352,385834.8205937918,102437.51738663693,138575.2841624683,1.6243802204813962,0,PIF,0.11879739123733782,0,0.0
641,2022-10-01,391703.49501007434,391703.49501007434,424710.8636957887,343858.46324948256,283985.77916851494,39146.44410004815,38757.11510340631,2.3176391487172445,0,PIF,0.02467199796694272,0,0.0
642,2021-04-01,299291.5066175867,299291.5066175867,259496.92726104107,132276.42386218847,78344.6922416578,123783.72370833236,126677.1998553988,2.429461183299827,0,PIF,0.057825535489951944,0,0.0
643,2012-01-01,59520.20514048207,59520.20514048207,58809.276737431224,252203.96783699113,80438.32088981621,161652.29424448733,266859.2917141153,1.8252399560730437,0,PIF,0.0442986944318709,0,0.0
644,2019-04-01,192362.65580152182,192362.65580152182,139156.13213632436,206623.93097823166,153538.95211557896,16278.037446630584,23319.379849212626,1.30093736345215,0,PIF,0.16885245049625136,0,0.0
645,2008-01-01,129650.63500460346,129650.63500460346,103096.60388848465,181598.28354231437,124509.49012043448,41116.8180524316,29078.652845717304,4.073945921051251,0,CHGOFF,0.3197715099878689,1,0.517191768535886
646,2011-07-01,345142.7874422783,345142.7874422783,194076.5120505967,839552.3232786899,505432.3520993265,75095.97242076146,99129.16890641209,4.174510157093103,0,PIF,0.08126760065094447,0,0.0
647,2013-04-01,173763.9682836138,173763.9682836138,187815.26662186356,91355.0696986537,76799.36953564284,58601.80351257805,34291.28166885391,4.987333161512095,0,PIF,0.011905970664178683,0,0.0
648,2024-01-01,79226.05064447463,79226.05064447463,42885.868664895155,573523.3461737838,445853.54070110404,82811.77906318847,55623.795433482665,4.738416995981309,15,CHGOFF,0.07091925929561596,1,0.5350990598968065
649,2021-01-01,74720.74513895117,74720.74513895117,82228.11289662108,856928.5125069121,586449.0305790801,190854.97696531584,267160.50243182754,2.7385696935392896,0,PIF,0.08660500211371507,0,0.0
650,2012-01-01,311777.2840814217,311777.2840814217,348631.56313697045,375243.56454518484,255843.66470304586,29229.164213645694,16843.20607658939,1.5335520581670932,0,CHGOFF,0.05466507848980177,1,0.24348298285435369
651,2016-04-01,59775.55506684033,59775.55506684033,64075.860362585845,512220.4331214192,348188.04109173856,90423.60064649669,71640.04460586519,1.0428000320781008,30,CHGOFF,0.0900196814276816,1,0.49214005236872493
652,2005-01-01,431956.4509112399,431956.4509112399,180333.3991014852,650542.6040496309,370895.02317790996,96847.36060544074,160503.61750852512,3.126070153988601,0,CHGOFF,0.20505633676037868,1,0.5505067911713067
653,2020-01-01,119928.70366577402,119928.70366577402,77452.34237069756,340079.14961975586,177227.9351635058,63264.98984754091,90699.32567188638,4.442265643331392,0,PIF,0.1089006514341845,0,0.0
654,2013-10-01,322954.85083794344,322954.85083794344,265308.6916137758,471674.6299199443,338511.62178805645,62916.24596063825,107035.84345555733,2.0716149583220815,0,PIF,0.06546718147149194,0,0.0
655,2013-04-01,250109.61260483557,250109.61260483557,234100.081506795,750024.3372728566,478812.22568968555,145802.91073237092,238324.5795472651,1.7957654719522766,0,PIF,0.051637136053339805,0,0.0
656,2019-01-01,249283.18455435612,249283.18455435612,305945.2248408543,691191.645529816,374615.12373678194,127390.3301036867,106703.56609015119,2.755813487083289,0,PIF,0.01928768479720524,0,0.0
657,2015-10-01,82308.71406202063,82308.71406202063,60747.56572874404,742928.5174241293,186719.54311446985,164438.08374929908,211356.94044502306,4.574131203808937,0,PIF,0.09450582325037324,0,0.0
658,2001-10-01,411238.512595497,411238.512595497,488354.3643272775,889618.9341746779,633002.1527887232,86963.91227082993,80891.56572966605,2.8066953270817785,0,PIF,0.10599421115295507,0,0.0
659,2007-01-01,451873.61813896365,451873.61813896365,247213.8926218263,383668.5294476668,255829.7366963042,125275.09512613788,172371.77409068024,3.8908516239908577,15,PIF,0.06563716701621318,0,0.0
660,2004-04-01,54957.50032290281,54957.50032290281,40347.182890089716,692614.8356073339,293529.2951751057,179781.74672969105,159617.3955095541,2.8501048406987732,0,PIF,0.0751314322569061,0,0.0
661,2018-04-01,130371.87906370297,130371.87906370297,58283.245218285454,574283.345023626,249846.86959626692,171752.40962611325,69017.73036312869,2.491835525771777,0,PIF,0.024374777751276645,0,0.0
662,2000-10-01,456756.88495796546,456756.88495796546,487926.14011067897,626615.909121381,217672.52319661167,184804.4445749922,98226.05738085997,2.76364821798457,0,PIF,0.015100811508991854,0,0.0
663,2005-01-01,297272.12576002616,297272.12576002616,159215.22921233292,686696.6019630063,631439.640632237,61105.25428036274,90400.16765813631,4.0736021306935175,0,PIF,0.07375206101743426,0,0.0
664,2014-10-01,117517.81021169455,117517.81021169455,74191.11056230182,694779.6798959781,582337.2940164089,197230.02506110285,102087.70916881709,4.017624223512039,0,PIF,0.08545986004940354,0,0.0
665,2017-04-01,141255.70367412147,141255.70367412147,155057.78816476578,806311.0224217521,482850.66659053974,165114.08393956916,204608.01170596326,2.7270327144616013,0,PIF,0.10453339470466039,0,0.0
666,2012-07-01,346993.8099067014,346993.8099067014,305786.57586206065,366443.7736935654,172713.20184667213,161013.48314784764,257764.86172120474,2.070469701714662,0,PIF,0.0473487225898381,0,0.0
667,2021-07-01,376167.5700110929,376167.5700110929,155197.50352351804,615854.7120117667,455400.0552631689,136839.93418214528,196713.11593335174,1.556508156334981,0,PIF,0.049572413306317654,0,0.0
668,2022-10-01,319742.06386097084,319742.06386097084,128540.04562556448,309838.15390942176,177283.98217190537,196820.91494069243,192651.12859197985,1.0054787775009268,0,PIF,0.039220849956818564,0,0.0
669,2003-04-01,478916.7709606366,478916.7709606366,411674.25511288596,567546.3381959195,528204.4954679679,93897.01332883128,64981.04322889671,1.4530303322931588,15,PIF,0.08890479247139241,0,0.0
670,2023-10-01,272328.6216477997,272328.6216477997,183674.75191001323,695963.6149409809,135085.2091613541,150892.46790485803,255242.5287261001,1.658621060767592,15,PIF,0.06662971585559851,0,0.0
671,2015-04-01,185122.36046413702,185122.36046413702,104090.65663685086,728620.890652545,129278.17526405722,142774.1447178191,170323.78007655716,3.7597511639243546,0,PIF,0.055125209797282686,0,0.0
672,2015-10-01,264754.8094891084,264754.8094891084,252108.67527097408,424502.0924510806,256776.56740401086,149096.89222494245,144264.37612529498,4.271663507715024,30,PIF,0.12710598205033521,0,0.0
673,2002-04-01,211849.83214997494,211849.83214997494,128294.73823123246,497150.583025115,155420.89471511298,152778.31469215878,262607.70851623267,3.9477826649248358,60,PIF,0.2681026119719678,0,0.0
674,2015-07-01,150987.15170360883,150987.15170360883,140868.96435594224,353756.87795954174,224084.93508230595,46243.61931303054,32417.925895635308,3.892931068809421,0,PIF,0.09817127716063381,0,0.0
675,2018-01-01,70683.46220306303,70683.46220306303,52400.432316081446,218609.80416249702,169452.85881538558,76319.77924345643,77784.70851404271,4.977282458896475,0,PIF,0.09883580732425064,0,0.0
676,2014-07-01,208495.6221043059,208495.6221043059,118440.4407875424,293624.2722578764,76485.54333437537,84528.25920692194,46668.38941501858,4.850390957283962,0,PIF,0.05343373717603504,0,0.0
677,2002-01-01,370134.206469384,370134.206469384,194059.24139239403,827952.344017856,416034.94121169014,152119.96465619278,87443.47908648854,2.0753887805169464,0,PIF,0.04196891406571876,0,0.0
678,2013-01-01,58297.01129383722,58297.01129383722,35746.24324755384,333355.02477563906,233659.7598486874,146087.1153866678,139956.53429417193,1.5804029981934269,0,PIF,0.11994112615519933,0,0.0
679,2023-04-01,247630.3309426706,247630.3309426706,105700.73367904394,879302.6535074003,718470.1583108294,168339.57899478666,232228.57327013847,1.6131929517427528,90,DELQ,0.08342737950936342,0,0.0
680,2018-01-01,339804.2306524408,339804.2306524408,230154.25301118358,278012.029876613,152093.50687210637,159818.63999916386,139753.6529618094,4.582426682845131,0,PIF,0.02253829511464768,0,0.0
681,2003-04-01,324681.8491284382,324681.8491284382,393436.2246258386,672918.2917344567,211917.35938875325,123246.43708398804,168285.26523472148,1.4093873918231368,30,CHGOFF,0.043123508104887014,1,0.3753740429784097
682,2023-10-01,399491.7961499222,399491.7961499222,458706.8324879947,550600.7007289053,340623.2895988722,36590.21243261408,55883.01141917139,2.3605766755256816,0,PIF,0.10335702873562808,0,0.0
683,2023-10-01,414733.8720469089,414733.8720469089,304747.85141506995,651433.4406103349,334585.11040807056,130736.49925414937,212918.64984000716,3.1213861136842898,0,PIF,0.05023558902652785,0,0.0
684,2004-01-01,370267.6194137245,370267.6194137245,339998.33658309747,608045.5162195285,466699.4632296673,178541.26389112102,82594.49304052204,3.45380201473275,15,PIF,0.09259679793573512,0,0.0
685,2020-01-01,96258.96326513725,96258.96326513725,87655.7705934547,659533.8385500232,392067.047166731,132203.12904404892,196086.89577664196,3.382930551259499,0,PIF,0.068326166817703,0,0.0
686,2010-01-01,263760.09980196226,263760.09980196226,302233.1463634144,822548.5797170764,307253.37837430753,180169.02142977092,109182.24161298989,4.145630888559699,0,PIF,0.005716488657550386,0,0.0
687,2014-10-01,321532.6808694239,321532.6808694239,196990.563171062,542044.9867712348,408438.66816815286,199820.07344601088,275265.5812027185,3.286773054171068,0,PIF,0.041995801316865235,0,0.0
688,2011-01-01,160504.71746425322,160504.71746425322,107016.31811949705,135636.0019812761,76525.50819791792,78248.42427447125,72014.17292301952,4.404186157325709,0,PIF,0.022619246072887688,0,0.0
689,2019-07-01,69148.31794104943,69148.31794104943,46440.48678677692,302076.85624645767,88217.69191667627,147425.04192609168,205055.05599317703,1.3385208962887392,0,CHGOFF,0.0836447417130744,1,0.42591815956302814
690,2024-10-01,150615.6443942211,150615.6443942211,65786.3516189498,660739.5639351864,396746.26359572896,112592.14019409602,78741.75711799588,4.435861814240576,0,PIF,0.037274256081318055,0,0.0
691,2019-10-01,254702.48077968747,254702.48077968747,174017.59381778975,485141.19494005217,440826.4808564067,96444.64213455145,125666.11554413957,3.360012643108014,0,PIF,0.21264504542479234,0,0.0
692,2023-04-01,236268.6435745704,236268.6435745704,281188.6048827173,529812.6257481433,378505.03203456884,55574.74495156762,31995.47670744173,1.891730263401402,0,PIF,0.09967080794247979,0,0.0
693,2023-07-01,129500.14159722274,129500.14159722274,158092.33318477147,569195.973411839,221441.5321588189,56723.773239226895,36169.5604308051,4.910972754791466,0,PIF,0.02116015916549492,0,0.0
694,2002-04-01,420986.9942075718,420986.9942075718,209934.34688963759,393756.00384734734,282991.8651735746,45144.734484394496,56893.50244101129,4.75893709491532,0,PIF,0.07493181251331149,0,0.0
695,2006-04-01,466559.00093152607,466559.00093152607,378963.80236369296,714594.3305720412,268748.24368663505,129981.86623479889,113276.60826506678,4.382903286694846,0,PIF,0.053391216797547686,0,0.0
696,2018-01-01,140606.74357372185,140606.74357372185,104500.90192537704,673298.6047951698,393308.1004428308,36990.08836218958,51241.973701467636,4.646384542453886,0,CHGOFF,0.27042976969260557,1,0.4224312289932341
697,2014-10-01,468307.8120052497,468307.8120052497,393576.7859919109,665725.5179983533,380313.41779831867,91963.42926523964,124998.82748838906,2.528566884181226,0,PIF,0.020945811844995894,0,0.0
698,2001-04-01,58037.43162883137,58037.43162883137,52190.01945719257,666554.3427086546,231902.7231544371,109433.31546171688,139011.7821649205,1.9112194897983579,60,PIF,0.0847853211953936,0,0.0
699,2002-04-01,466233.11271812546,466233.11271812546,194994.0193558451,810093.5613564833,346967.0903151592,93264.55066590426,132692.7697163849,1.7316154466369276,120,DELQ,0.007763034164109247,0,0.0
700,2013-01-01,478367.9555364086,478367.9555364086,553958.7141985546,568222.079143485,513527.95600669103,172436.60756004415,260639.54235539082,4.49503987404367,0,PIF,0.1483390977640557,0,0.0
701,2015-04-01,55423.33835716634,55423.33835716634,70736.67737919897,872999.2035875059,305967.73870682035,94202.17836083345,157882.15340901125,4.306525395604346,0,PIF,0.17538954833634188,0,0.0
702,2004-01-01,393358.6835495366,393358.6835495366,388663.6844270314,177738.00120032308,140559.05669394878,25738.097663217493,13196.493060978111,4.92375353333975,0,PIF,0.33013847327610346,0,0.0
703,2004-04-01,486590.70765642956,486590.70765642956,483869.2129541572,598206.3608069688,409111.2149040039,198517.912822803,238254.96961476732,4.3930084058163885,0,PIF,0.08117303804899215,0,0.0
704,2003-01-01,457655.99846800027,457655.99846800027,400532.2334930553,667879.7676673523,384767.7421774396,170546.8823014404,247000.92923948137,3.529463655705961,0,CHGOFF,0.025414573432330365,1,0.46074591851889624
705,2014-01-01,486819.5725382959,486819.5725382959,341185.5844768601,471320.7369825748,122548.99824529293,135408.26222713996,95289.23680462543,1.5691270034862002,15,PIF,0.014144514959051509,0,0.0
706,2000-01-01,297645.5775639377,297645.5775639377,158966.56249549417,316330.8768946879,99219.26800669506,153701.48795363543,118207.1418856867,1.6593901534169215,0,PIF,0.02716604464238939,0,0.0
707,2014-04-01,85170.26294842473,85170.26294842473,78838.45080773257,531030.7112231012,155688.69848205135,34356.232953420375,26583.138067310938,2.894798107185503,30,PIF,0.01597780293412189,0,0.0
708,2011-10-01,432405.13901226624,432405.13901226624,190451.66005353103,379093.09783837624,234823.68741826375,155523.8108796032,186825.49109391132,4.071182124577462,0,PIF,0.0395559021735079,0,0.0
709,2011-07-01,326222.7151140552,326222.7151140552,372563.40567148,825481.7382756094,766630.3033296923,49472.29892529808,45150.339319210456,1.6931015607110087,0,PIF,0.08758880231244484,0,0.0
710,2016-10-01,326631.53488473006,326631.53488473006,254387.34495801665,372569.778277269,317351.7368441461,102905.46461905539,137124.89004515312,4.662070031715411,0,PIF,0.20058195145273042,0,0.0
711,2013-01-01,237764.1244364088,237764.1244364088,183857.95724232012,224079.73401574584,38138.70827056701,43816.72997161388,54960.88229649919,3.7351629219474236,0,PIF,0.04877745438110545,0,0.0
712,2018-01-01,307328.8894344991,307328.8894344991,213425.70670545826,552639.0949356713,203913.49144248472,153219.14322311644,202242.61418699537,2.249236361785678,0,PIF,0.02304396001365424,0,0.0
713,2019-01-01,119110.90058875154,119110.90058875154,151558.91344038796,404713.92493190285,111622.51548476124,56727.437297364915,42729.63942013827,4.5430383686422005,0,PIF,0.02280934036128336,0,0.0
714,2023-01-01,382896.51195476763,382896.51195476763,213436.18676980564,158636.47873668963,147617.94958658,58109.59951342162,85672.14046336143,3.394521472723763,0,PIF,0.11562203801628242,0,0.0
715,2019-10-01,83757.78830819405,83757.78830819405,44909.002955722906,543170.7278182849,183856.87525908835,30752.24637465682,40889.71735214046,3.932633928100506,60,PIF,0.0315489338774032,0,0.0
716,2012-10-01,378401.3451697064,378401.3451697064,207734.14663522324,521034.05715587514,162067.92902116865,146915.22682313563,85638.27519300043,2.541768825022231,0,PIF,0.012960766379513291,0,0.0
717,2012-04-01,432040.2901811843,432040.2901811843,428875.4803772898,222021.61103921998,143581.42800434848,66210.47984836678,45039.14879421553,2.57420215725331,60,CHGOFF,0.12627774606277065,1,0.3270631243466081
718,2005-10-01,262610.90490401967,262610.90490401967,339478.6364610846,570063.2985470712,339158.7415342759,108473.2025083738,89094.59557191847,1.0504702819258815,0,PIF,0.07853958766910812,0,0.0
719,2014-10-01,279423.6647256722,279423.6647256722,170987.0674492733,545234.358563141,180298.74489646734,73126.27589973746,125079.43173804483,3.1516080910200373,0,PIF,0.023242466223092374,0,0.0
720,2003-04-01,190496.4228149352,190496.4228149352,231463.75624827042,714362.3508941046,490261.0891042215,157193.23917622434,134697.28470102555,4.043187223335467,0,CHGOFF,0.18033467800772174,1,0.3620507809963607
721,2023-04-01,486256.3626765144,486256.3626765144,316433.71226641623,376487.34247096017,85690.69111532916,53031.89473386024,22688.673480582176,4.875298054346415,0,PIF,0.01978483388418824,0,0.0
722,2021-01-01,379906.0135517954,379906.0135517954,373489.3736725147,283982.8094041842,46997.806840217956,188758.5550088144,112929.71943308446,4.56890734683295,0,PIF,0.008446696780163259,0,0.0
723,2002-10-01,216044.84898515523,216044.84898515523,94292.57055311344,860000.307316036,185701.44236528143,71054.59522904445,31622.17636182197,1.3479643654110198,0,PIF,0.017363704444281564,0,0.0
724,2019-07-01,128663.32380485228,128663.32380485228,108860.56856539332,540198.3686818862,238710.73166705586,29731.808045242622,28660.71793003649,4.922080481427233,0,PIF,0.03234096628687992,0,0.0
725,2002-10-01,148810.8164909411,148810.8164909411,147190.7086155572,102254.76628502784,95098.2683274946,55657.99423483716,84378.34084756854,1.5979227560034022,15,CHGOFF,0.32432521906124245,1,0.4920333438751433
726,2018-01-01,258765.02874952252,258765.02874952252,228408.7338145649,752983.5809716295,442601.9410173059,24048.776522763288,24784.911804443247,1.164457193568332,0,PIF,0.08852028578231141,0,0.0
727,2002-01-01,474155.78014145204,474155.78014145204,291156.2322740622,241341.60995353144,181918.69171359585,99060.35888856072,155979.6276926335,3.9957193418729013,0,PIF,0.1367270644082701,0,0.0
728,2012-01-01,380365.85559241317,380365.85559241317,435765.0977622313,724549.7804695916,295034.20843146474,57547.7319374591,26848.37927775553,4.623545801316605,0,PIF,0.014136344602985558,0,0.0
729,2016-04-01,146859.68668061742,146859.68668061742,186970.42434233474,658233.1902678912,477529.25690611586,178348.7484445265,188623.77828820643,4.799131624100759,0,PIF,0.03121013770644828,0,0.0
730,2018-01-01,436802.51003850414,436802.51003850414,355241.21049375937,874427.2538957889,807048.2255562693,108254.4378418278,162587.93786535616,4.2999044310648475,0,CHGOFF,0.3976995573713228,1,0.3720452862894648
731,2010-04-01,220190.2353543565,220190.2353543565,214096.9855432947,871775.0273075115,380275.86201228405,54340.0052585644,73066.17450096604,1.8196248628455218,0,PIF,0.1739875087810472,0,0.0
732,2023-01-01,433274.9822386334,433274.9822386334,481529.65821870073,305016.71221772314,289536.3661070379,95741.36268193887,152607.49575087422,1.6160116579776442,120,DELQ,0.08257130493754086,0,0.0
733,2019-04-01,158764.81909150892,158764.81909150892,98011.89795658138,708488.6566032032,468118.2653453139,47238.91170668062,37005.480765655004,1.2358739102858114,15,PIF,0.08441337394617804,0,0.0
734,2005-01-01,328397.2753713429,328397.2753713429,386853.7452557541,339821.17033953767,254482.94346284264,43958.581425734505,48406.79928537481,3.3278763195764927,0,CHGOFF,0.29065431431076477,1,0.41153177317744744
735,2016-10-01,467001.7196365769,467001.7196365769,304569.5620157758,595942.3098402673,209613.04790420717,67124.72932535436,90459.29963043556,2.9488847046521642,15,PIF,0.06237788962090601,0,0.0
736,2018-04-01,166052.30411650735,166052.30411650735,182366.56492204295,570151.7896627664,378850.25081902236,30577.278306099885,19443.661316189697,1.437134433745486,0,PIF,0.13638677642400207,0,0.0
737,2008-04-01,361816.9657636347,361816.9657636347,181230.25003231832,124725.68280935503,69697.33532819945,45843.03201306922,70695.88747761042,2.8593084746862516,0,CHGOFF,0.4,1,0.7079150549640485
738,2018-04-01,494290.6789807147,494290.6789807147,326008.4450879258,84249.03486499321,77098.15508878918,188228.90586913016,157370.29596759417,3.2692943621379484,0,PIF,0.10238223486088868,0,0.0
739,2022-04-01,117769.22925935157,117769.22925935157,103667.29920751254,127366.4919677438,111285.2035613228,136692.50059251778,72533.1724111024,3.8918185740419937,30,PIF,0.024387885238891314,0,0.0
740,2020-04-01,89781.03081530347,89781.03081530347,78327.65449117792,184912.4789760277,86416.64273368384,185009.50605688046,272330.6270294117,2.656790280133683,0,PIF,0.036287082400018336,0,0.0
741,2019-01-01,353387.83660016727,353387.83660016727,411833.9674567261,291275.0429051744,264330.8784397048,58800.91887887891,81558.35459967132,2.2734097883137587,0,PIF,0.04143756709077963,0,0.0
742,2015-10-01,202881.17648706367,202881.17648706367,263038.3935593232,823703.2830589012,706613.8961323632,172832.53380217552,282953.0686826335,3.662716792616519,0,PIF,0.26192800193695753,0,0.0
743,2006-10-01,82060.01481496601,82060.01481496601,40741.957165633765,505278.7937842828,314438.5708950338,78831.83330225694,129986.17599653648,3.736894572182181,0,PIF,0.07925450094366948,0,0.0
744,2019-10-01,263887.52804762183,263887.52804762183,170009.36038044156,733451.2258494467,158201.2685701221,37397.04641327227,29541.276935915368,2.0817142266792747,60,PIF,0.06307076792133473,0,0.0
745,2009-01-01,389196.8058397801,389196.8058397801,280937.195409471,767415.6367279106,213826.7014414851,162894.3490007974,211421.8600397511,1.0792923289485068,0,PIF,0.1579818660742225,0,0.0
746,2013-04-01,178305.08018683497,178305.08018683497,148176.25867149685,682653.3408442438,144380.7690877946,21333.525053922527,38374.151680668474,4.782762278970077,0,PIF,0.023353587503715644,0,0.0
747,2007-10-01,200771.09487731062,200771.09487731062,169554.95786423626,400935.802024869,94779.01513171828,86922.03939764359,64437.84313408897,4.021145625836689,0,PIF,0.014492013989207818,0,0.0
748,2007-10-01,430564.7302911375,430564.7302911375,504008.5489134464,788364.7029496059,734410.5201898895,165669.78701721225,175945.8425586061,1.8044173378534158,0,PIF,0.4,0,0.0
749,2003-10-01,284032.36051766964,284032.36051766964,310590.3441270793,688480.7977231549,220130.6087905563,127265.13583483676,213071.47877351812,3.26266260397546,15,PIF,0.11033760622739003,0,0.0
750,2024-01-01,429229.3859629124,429229.3859629124,178974.24091056778,689384.183592143,484419.0053210686,108432.48212594171,59021.04679271027,3.3797901227042777,30,PIF,0.025615674047679976,0,0.0
751,2003-07-01,250875.27146466926,250875.27146466926,203088.4455236428,819290.9482757668,540095.1141143554,77190.44508568035,131189.00987461195,1.503954527982717,0,PIF,0.06133955912011063,0,0.0
752,2002-01-01,478838.82270204654,478838.82270204654,457897.5032237798,570904.0474153006,373894.13339226536,24260.60777372384,26284.37508658663,1.7666283493582329,0,PIF,0.09575528747733991,0,0.0
753,2023-04-01,342857.56537298154,342857.56537298154,279208.12523845327,513431.03256898484,161917.25324433058,198284.67734682077,327220.6974060979,4.826826065855151,90,CHGOFF,0.140179970996634,1,0.3503785103404937
754,2013-10-01,102154.48939366224,102154.48939366224,52873.19523637381,809933.2972296018,496875.67252737423,43207.0080777592,54869.44262474358,3.0320434400835907,30,PIF,0.19702905171742852,0,0.0
755,2010-10-01,448291.84470206033,448291.84470206033,339682.6890598718,452658.6170946414,294423.051974427,58508.610245448326,78402.10911417707,1.7657688775739042,0,CHGOFF,0.08716947935961156,1,0.455887323628437
756,2018-04-01,270169.335873859,270169.335873859,208162.8055352469,745487.9707436512,452007.4372172706,54823.994873977375,81259.03157311513,4.190299016376034,0,CHGOFF,0.20291663812715477,1,0.49819102991314557
757,2009-07-01,113737.53558780724,113737.53558780724,64710.32600414766,124154.01556474234,37113.3566224837,182508.8672702836,90157.65184949116,2.882293210133891,0,PIF,0.04053144667614044,0,0.0
758,2003-01-01,118710.56022863933,118710.56022863933,128287.70122883303,81057.75445418415,59046.39783466965,155100.79461747076,198354.6333560213,3.553648333090775,0,PIF,0.07034277886411378,0,0.0
759,2018-01-01,359390.2707994423,359390.2707994423,247713.55804415367,513199.8414755726,107050.67948911441,96892.66189347395,164088.8994532442,2.1900061345543156,0,CHGOFF,0.4,1,0.45344405887459704
760,2004-04-01,71317.62802827041,71317.62802827041,66331.71006324442,140361.7529294318,87439.7589321371,191530.37645085325,332989.5820774404,1.231616393025122,0,PIF,0.11395629821716527,0,0.0
761,2013-10-01,178967.19421121597,178967.19421121597,154655.78279509637,880765.2710315122,439508.4459687022,20028.842349423932,35163.63750348313,1.659776894256177,0,PIF,0.2516033647213746,0,0.0
762,2023-07-01,112904.41571144064,112904.41571144064,134320.61882206632,84510.962712635,29598.213158688555,179797.3724321139,234485.62558454394,4.8921476125839405,0,PIF,0.06116676001093409,0,0.0
763,2023-04-01,248484.8433277779,248484.8433277779,126680.91243593932,668882.7019288901,532371.2280792844,21481.19378075024,27637.73801701918,3.4943537433128617,15,PIF,0.18572249163335133,0,0.0
764,2009-01-01,236459.1973974626,236459.1973974626,118900.36426043458,279575.45054470096,81276.51244157688,84314.83222756711,98939.33207471367,4.324340794297623,0,PIF,0.0666960199715064,0,0.0
765,2019-07-01,284844.39560998516,284844.39560998516,190927.6954210166,873392.6443230861,782896.4217544453,20260.926891533047,25337.802626081993,1.0860782316952768,0,PIF,0.20154075633404375,0,0.0
766,2015-04-01,175836.3480961386,175836.3480961386,138575.4779541311,392864.1535148748,336940.7358914427,199804.1084339602,251146.79164489172,4.061850004617469,0,CHGOFF,0.4,1,0.4781132478318086
767,2011-10-01,64419.61522017974,64419.61522017974,43076.62520049391,102372.40953636942,44887.23427188875,183734.00547511433,84402.17964710142,2.9398082661674554,0,PIF,0.06182474676851383,0,0.0
768,2003-04-01,326473.7479408336,326473.7479408336,354833.991628978,102087.32763520184,40234.896930402916,121111.80149678393,63513.426755738925,3.661231507484789,90,DELQ,0.052662050225915136,0,0.0
769,2009-04-01,218173.1012970581,218173.1012970581,135428.60918887748,533766.1648142447,138773.5164993668,51390.46905966665,65121.13905668027,2.4328201613630993,0,PIF,0.028426283471566338,0,0.0
770,2016-04-01,343100.7494330209,343100.7494330209,163417.94977354223,889103.8228056505,785134.0246928737,62587.76778751916,52567.65405658843,3.4834753072755613,0,PIF,0.0748385099346723,0,0.0
771,2024-07-01,98900.13686192081,98900.13686192081,76392.42679264944,883414.2987374899,576008.6384088589,95413.23955085286,78429.27063151548,1.142479071151032,60,PIF,0.02747153678747645,0,0.0
772,2000-01-01,56199.80988232265,56199.80988232265,61597.316017207006,356563.8372771979,62550.87640075317,71328.2346735457,47848.184912460696,1.1823548501468433,0,PIF,0.09440143855230189,0,0.0
773,2017-10-01,161732.41154838173,161732.41154838173,188500.05549615875,475816.99233489553,265886.3124675126,14049.642032638736,21376.501652159615,4.195345639620591,0,CHGOFF,0.24530879166548356,1,0.466680642981095
774,2021-01-01,255446.2953473235,255446.2953473235,270775.7203927458,162373.7607542092,35501.26237538077,134688.6415422556,235713.1912501529,1.4978610712017608,0,PIF,0.052489324097581745,0,0.0
775,2023-10-01,227332.3883758103,227332.3883758103,205076.09531007928,508185.02191322,309484.95681137085,126551.30177772725,161841.55021938018,1.0559357383445462,0,PIF,0.3827757471742925,0,0.0
776,2010-07-01,414636.1498730599,414636.1498730599,436102.91303419205,571755.311219584,318564.5492088339,181819.03361157974,313381.07793148025,4.649825958546613,0,PIF,0.21823100094822795,0,0.0
777,2002-10-01,220026.93988677076,220026.93988677076,222942.42484610798,285870.5658012832,61827.18159200208,100602.26762003558,164729.95768972862,2.0621270509741496,0,PIF,0.0964855353410679,0,0.0
778,2006-10-01,288698.5308213855,288698.5308213855,176374.58455594588,581933.8374504425,467111.58423919656,75494.70274169369,53231.14653535353,3.3295286531857533,0,PIF,0.13109694882668096,0,0.0
779,2021-04-01,317082.0165989865,317082.0165989865,284004.9728192459,817748.0563909281,294269.6978871818,107188.26475437572,65913.95082055115,4.35566788215402,0,PIF,0.025879986464949916,0,0.0
780,2021-10-01,59824.126240615224,59824.126240615224,65420.577494408106,80783.37340725404,47111.85287882248,46992.04827020953,32716.87432254251,3.9836283177017147,0,PIF,0.03092007095742801,0,0.0
781,2015-10-01,281810.01958078507,281810.01958078507,193155.00977156783,267725.69493251445,177028.55610771972,128852.66684670941,68896.6367001451,1.1865112832437332,0,PIF,0.016623332446812033,0,0.0
782,2003-01-01,205174.06672947702,205174.06672947702,202830.123731198,252134.04192562928,231923.89157977572,156306.2477301307,190073.21675256637,3.243794803435373,0,PIF,0.07570702408267518,0,0.0
783,2003-01-01,239576.05745746457,239576.05745746457,199646.4872940853,181586.68648773816,98973.70622032217,39157.72554138151,31158.19613892282,3.1671914683817586,0,PIF,0.042133857951741266,0,0.0
784,2011-10-01,95129.32932286261,95129.32932286261,81130.3793590808,216202.99444442353,191091.58262246192,70492.81135071255,118292.81461912503,2.4003207128418484,30,PIF,0.02319275121871921,0,0.0
785,2014-07-01,402269.25454189035,402269.25454189035,193511.4374414902,593248.2871996178,257402.05104372863,174882.18607961576,220136.60370813773,4.014251925473406,15,PIF,0.09580095135167425,0,0.0
786,2000-10-01,474081.9128638351,474081.9128638351,473890.12244516076,164209.39992352697,137270.8086725721,106051.03224042615,95812.31179752867,4.8560226319020785,0,CHGOFF,0.2417753765356985,1,0.4362570179367005
787,2017-01-01,60020.96928332,60020.96928332,70771.82517551181,685595.9193969917,232184.5870172929,111048.96286873387,197500.23451677652,1.588746615743656,0,PIF,0.08680512109499518,0,0.0
788,2013-07-01,320617.7432651066,320617.7432651066,169057.9396605791,807358.5242578743,578055.6321924175,147257.5574401368,255414.1534986418,1.5808960149774487,0,PIF,0.006602223060358217,0,0.0
789,2000-04-01,393729.8302797611,393729.8302797611,287223.98033595236,839801.9338262626,185503.50904645678,119799.63489205204,178508.80323282475,3.9389440778434763,0,PIF,0.029042521323067404,0,0.0
790,2002-04-01,178163.41489245024,178163.41489245024,79069.04991069065,621344.1677421547,583342.9357416936,23220.155934025643,35024.28812539347,2.817665640665113,0,PIF,0.059866927108894304,0,0.0
791,2011-04-01,404400.0131884475,404400.0131884475,172544.82684706504,241865.05671956512,220858.86367559026,162752.7252539768,287775.818202483,4.180875722318865,0,PIF,0.0948199228703909,0,0.0
792,2018-01-01,334559.7728448356,334559.7728448356,431813.8387943483,149943.19194272446,75537.01837533005,185338.84707720886,229938.54846508006,1.5643104385882824,0,PIF,0.2508312113566705,0,0.0
793,2020-07-01,468123.1845219815,468123.1845219815,395154.1823541178,270260.4621217397,153818.24862698122,20122.67426825432,32840.76359608614,1.1594301765688404,0,PIF,0.017137863467532738,0,0.0
794,2010-10-01,491452.1651091978,491452.1651091978,353829.3983448893,868804.8923437349,545800.5137731603,33037.45372693469,16213.421516765799,3.791736299406564,0,PIF,0.012507122710019861,0,0.0
795,2007-04-01,69055.75129941717,69055.75129941717,44705.959256962204,869123.0654355839,321601.6494052643,143375.2884194213,168564.53830858506,4.978844211816441,15,PIF,0.13453757005790168,0,0.0
796,2024-01-01,250221.9924621528,250221.9924621528,320787.44197546993,393173.4848130405,271123.45039112936,124850.04717775984,137774.88303740564,1.3791928411828023,0,PIF,0.0820612438595943,0,0.0
797,2011-04-01,296144.5044101982,296144.5044101982,185690.21724294126,347149.0636999915,246076.46011515966,82678.22980463172,37437.81093159175,4.457351557801879,0,PIF,0.01633560343822148,0,0.0
798,2007-10-01,116034.45494344362,116034.45494344362,122200.24230995639,498208.6774524336,284009.4334600558,112457.24329867057,58672.63011592608,2.541158963093659,0,PIF,0.17840743615881136,0,0.0
799,2011-01-01,201328.62369231277,201328.62369231277,131947.21367806918,319184.2350032686,85602.83517828818,143634.32792020118,61845.27801120996,1.0671581811724287,0,PIF,0.029752534047091543,0,0.0
800,2000-04-01,494441.3514904078,494441.3514904078,229144.174261272,883323.2103575619,782049.1046527333,105850.52775737656,85910.51185381952,3.040087171884843,0,PIF,0.17711549968640056,0,0.0
801,2007-07-01,57303.70535411215,57303.70535411215,58160.335755967106,261401.53982015347,63268.600312127164,36635.781680773354,17398.908683148624,2.1154168284992796,0,PIF,0.02281480082134322,0,0.0
802,2012-10-01,253628.56918597282,253628.56918597282,101823.6942702198,382696.9993898702,250030.39076058444,26992.845535325134,26788.335824665326,3.773612566080721,0,PIF,0.05816182573791809,0,0.0
803,2022-10-01,429194.5797731883,429194.5797731883,432702.6705157118,432084.1180741462,100446.9739908239,93383.15968579252,143608.82295852574,2.1513224897403678,0,PIF,0.16720339628136055,0,0.0
804,2018-04-01,195755.5682236798,195755.5682236798,122413.57935412062,182552.49892655297,48719.71447670813,185348.10399127842,233420.30923035578,2.9268004937321845,0,PIF,0.33787981955457047,0,0.0
805,2019-07-01,265909.326239819,265909.326239819,284920.1967852571,393916.3579515065,65559.7559812865,115978.04319461383,155793.98705125332,1.802261005376757,0,PIF,0.007242254571207566,0,0.0
806,2013-07-01,490120.585604591,490120.585604591,535591.5967538555,782519.1904836182,344849.3735728731,78061.81311339133,34667.98201472082,4.312407032174241,0,PIF,0.017766359369604405,0,0.0
807,2002-10-01,263694.5764140667,263694.5764140667,277326.6670221418,195096.02119454194,129088.4140144944,182654.17220899672,287741.858215833,4.7017258474724315,15,PIF,0.11578865216965831,0,0.0
808,2009-10-01,108914.59046592457,108914.59046592457,45965.77978694693,558897.9996774736,317026.7168732617,83840.10967399823,50695.30828665399,2.6133430168658554,0,PIF,0.024763731490024123,0,0.0
809,2024-10-01,73274.67124987597,73274.67124987597,75719.33100575692,413442.45320921374,285122.8651636499,106737.83137753129,87921.14999211732,2.79552013027193,0,PIF,0.23143322845894038,0,0.0
810,2001-01-01,475437.45759797684,475437.45759797684,613852.0650978044,219840.11541631288,151692.99673809359,32134.87281945703,36103.89765036151,4.930734692846128,0,PIF,0.10329880951714329,0,0.0
811,2021-10-01,169614.23597377958,169614.23597377958,104883.13924880905,90115.65484834877,23622.827213320805,150106.17964868242,255479.33729833097,1.5684619068986536,0,PIF,0.28653610202911967,0,0.0
812,2017-01-01,276828.7579540479,276828.7579540479,179056.9141806279,304141.5088617182,59572.17384197262,143057.56185730596,257132.92569928957,4.234478058360155,0,PIF,0.1478032029013911,0,0.0
813,2007-01-01,90815.79474048587,90815.79474048587,102819.27202457214,130699.74777236157,84992.28314361777,160906.3586432725,240671.65637399454,3.269114423400965,0,PIF,0.21710056220626625,0,0.0
814,2019-04-01,240644.80424777226,240644.80424777226,130996.71367832866,388950.14646332286,261599.87324431675,71786.34955127505,102011.2679366137,4.522937683616751,0,PIF,0.05249159888364649,0,0.0
815,2020-10-01,468547.4836625558,468547.4836625558,465982.33048062027,744372.0816734635,443171.5868132779,92850.11162257646,105733.55328005341,2.1697141793076478,0,CHGOFF,0.058751880279951034,1,0.41039868161840476
816,2001-01-01,276085.8471339223,276085.8471339223,298041.22619020235,670141.9139196422,232277.87072956582,41984.92519016769,55918.80966266247,2.184631864881373,120,DELQ,0.02891820813451116,0,0.0
817,2002-07-01,487010.81831104757,487010.81831104757,211092.20721388175,856854.6435954489,684294.5493688501,193255.92645833487,116377.52953887657,2.303279792221628,0,PIF,0.14359279293965208,0,0.0
818,2016-07-01,166476.03675682985,166476.03675682985,149559.72158622515,430152.6422163967,90568.1279680964,26354.696007497703,20474.293096806075,1.0665243292918216,60,PIF,0.021973892780429247,0,0.0
819,2024-10-01,277045.35786677175,277045.35786677175,254407.8522072769,660397.1468453193,433121.09329438535,133312.52769821338,237096.33169720985,1.679571596312233,15,PIF,0.07569867740557247,0,0.0
820,2000-07-01,436788.85631419637,436788.85631419637,294001.97102326364,625580.2121236566,154098.69114459082,143998.90496738537,255088.44885853454,4.978346564479301,90,DELQ,0.03281415650323331,0,0.0
821,2016-07-01,251713.55954918472,251713.55954918472,299214.4763330762,257977.96858977285,173763.16923539416,39969.929993686135,34060.82960386658,1.9957942951357301,0,CHGOFF,0.34389984750851976,1,0.27297618071204754
822,2003-04-01,175769.31810658533,175769.31810658533,96053.49370767067,328937.65429077996,159265.24077036016,79411.40910779306,58563.373178978734,1.0796683910425564,15,PIF,0.0517581789669621,0,0.0
823,2016-04-01,434963.91353804676,434963.91353804676,316555.9659380878,514460.2173861634,372717.3958128306,18194.047684871824,13123.826990824058,2.1141612561539826,0,PIF,0.12555844006786573,0,0.0
824,2015-07-01,225450.26099267404,225450.26099267404,262379.42370937753,733259.001584856,140605.1720607298,115755.5689414618,124878.28117735636,2.633560671938347,15,PIF,0.014499393637128872,0,0.0
825,2002-04-01,288825.4809771053,288825.4809771053,165086.42967521647,458686.4422596047,272490.19925485196,199038.2471364886,141968.64978768383,3.1911491171295343,0,PIF,0.09277922998498438,0,0.0
826,2017-01-01,489437.17988681555,489437.17988681555,557584.8087792936,266748.05966393236,70928.92768114877,91678.14179621018,119905.40944517039,1.2742640794617057,0,PIF,0.010721869195526588,0,0.0
827,2022-04-01,133917.48264013877,133917.48264013877,63096.86372484444,894641.8660299032,622586.0209033048,198101.56187085793,99991.3148316797,4.161715678819064,0,PIF,0.01980138762013199,0,0.0
828,2021-07-01,185630.28652408355,185630.28652408355,155986.2733361826,174774.62121000813,42988.35320110656,33982.830523702876,18525.675879578313,4.30200507278823,0,PIF,0.008476000935358058,0,0.0
829,2000-07-01,63981.320031427975,63981.320031427975,29930.307712477414,863828.9041428888,180425.0566044368,84566.32522088119,66613.56963099426,1.8526423154868055,0,PIF,0.059150911559832854,0,0.0
830,2006-01-01,226326.96945952374,226326.96945952374,228615.86537725662,743417.9565130008,535631.3281717455,181373.34430920964,269959.8086714591,4.193672752939914,0,PIF,0.05324677669870866,0,0.0
831,2006-01-01,140082.54376318678,140082.54376318678,155707.5384261593,767892.6858324385,154212.469172281,176572.1415149197,150546.3533391949,2.4457076297650264,0,PIF,0.17264282253302185,0,0.0
832,2011-04-01,356015.72093355114,356015.72093355114,414712.9917444845,731832.4181350295,241230.00786638036,71482.399795259,75710.11876424796,2.6924407115305375,0,PIF,0.04168864149724399,0,0.0
833,2003-07-01,131594.65644463355,131594.65644463355,168853.8444697222,250700.17186979004,203014.03031364543,138936.010915983,183294.23121920263,4.745553017256066,0,PIF,0.10064076038184788,0,0.0
834,2021-04-01,353665.73858264135,353665.73858264135,355368.33852266404,598717.5494640983,477627.31200415373,178370.43259598024,268261.2628405199,4.567617563840068,0,CHGOFF,0.2585718781538318,1,0.28151884807619276
835,2019-04-01,168563.94268519297,168563.94268519297,184098.0746033818,700534.846209764,583756.1120280678,155706.71856911326,129229.20054065326,2.500442852761956,0,PIF,0.08286159932583789,0,0.0
836,2020-01-01,209848.0253545399,209848.0253545399,179458.34855301445,691462.3495233542,284107.98909595783,129410.47741725431,184197.33163354144,2.9524412228904104,0,PIF,0.05948328639804535,0,0.0
837,2004-10-01,206987.29342087888,206987.29342087888,252827.36407110892,302683.6038461436,173267.72485369383,38989.36676640429,31210.768433996054,2.14609515213197,0,PIF,0.06706392433622192,0,0.0
838,2000-04-01,372538.2875736242,372538.2875736242,364857.4958136288,228517.89796621876,175656.65382717122,23870.51158840706,31085.43796857537,3.061737033394647,0,PIF,0.012789404133088619,0,0.0
839,2022-10-01,259929.16841225437,259929.16841225437,310666.37141365244,349060.84680993034,90612.15091785928,126778.21416514658,130737.77633953182,3.7276316113397723,0,PIF,0.043912342902573454,0,0.0
840,2007-01-01,212584.5044837074,212584.5044837074,130081.90712340974,473472.4739094613,345404.18441419187,105052.37648093054,178303.18694294468,1.370670789102526,0,PIF,0.07897071159978569,0,0.0
841,2016-04-01,433680.22356775246,433680.22356775246,367354.9060438244,550500.2125922148,125508.03674210925,55226.96534898203,98024.03851401087,4.679364504702759,120,DELQ,0.04504955129907139,0,0.0
842,2022-07-01,307377.7815385412,307377.7815385412,324848.2214087159,766299.2971017115,674803.5341400398,65626.2610422147,97374.4316186169,3.8754958725787194,0,PIF,0.2420441973067366,0,0.0
843,2000-10-01,146223.869575099,146223.869575099,85168.03128932773,710608.0667177852,468893.415362984,84496.56366826792,142093.65219912052,1.3870107326462886,0,PIF,0.10133072324761756,0,0.0
844,2000-01-01,455041.0751646572,455041.0751646572,268567.88814176916,634443.4310465432,345545.9667660827,104148.96190327607,61563.0699044087,4.47595596791537,0,PIF,0.09394421291879827,0,0.0
845,2000-01-01,204192.63321513828,204192.63321513828,261415.26359039466,296061.22021306364,159216.81071974314,84149.20412679837,110761.35127098383,3.974731464971329,15,PIF,0.16220367747603465,0,0.0
846,2003-10-01,67540.71989179417,67540.71989179417,53434.7949296786,472682.00912665355,139483.56309272323,83585.41769633365,56647.101233981775,2.252507267330995,0,CHGOFF,0.04881481607537062,1,0.4299940532899603
847,2001-04-01,272570.10078850377,272570.10078850377,153629.75101090744,355057.41678492806,151515.03546556254,31989.23414915706,25199.708160170692,3.0857323531915117,0,PIF,0.051866016934659635,0,0.0
848,2020-04-01,105772.12449839502,105772.12449839502,73862.52489186026,272641.107231438,199491.20704971495,174462.1794685152,197482.90678238653,4.440522636758663,0,PIF,0.07499386482473151,0,0.0
849,2015-01-01,157309.89967208414,157309.89967208414,119184.04168304645,88401.19551445315,51516.229558723986,125739.27553783791,180911.4285501829,4.872502492361114,0,PIF,0.3902518200280069,0,0.0
850,2024-07-01,386199.89270933496,386199.89270933496,371051.870709125,358358.8158679663,205499.05800654553,37759.415074382254,53244.23793950878,2.1243095837905295,0,CHGOFF,0.20004560303539798,1,0.4078838321859495
851,2020-01-01,108838.31601934336,108838.31601934336,133948.75144447052,290015.3395259896,88801.74444705185,90536.1365468078,146418.94020617186,3.602232729309298,90,CHGOFF,0.034562594296414326,1,0.3213012474205188
852,2024-01-01,413124.90095931606,413124.90095931606,532076.3950462086,548959.9081127896,385528.9712846203,89176.02328561364,105493.87944506358,4.440987695971042,120,DELQ,0.06164532371980728,0,0.0
853,2005-10-01,471608.27965892915,471608.27965892915,465255.1893549078,131087.451632644,60775.69777988579,124117.96691293332,210613.2602899977,4.95266739537178,0,PIF,0.06033904706668767,0,0.0
854,2007-01-01,322939.4451835751,322939.4451835751,332605.0630542658,301826.0693023649,89401.68782958477,125685.227391373,206506.3630225264,1.2828739545852486,0,PIF,0.1191280642210755,0,0.0
855,2021-01-01,369661.63641027315,369661.63641027315,254935.7623272498,116710.98179050058,105626.68323474412,132592.20602615486,210646.65021300773,3.0144878632833136,0,CHGOFF,0.2563581951059066,1,0.4863716383704023
856,2006-01-01,371113.9744583378,371113.9744583378,434738.76957163576,605962.6817010175,336575.30444187036,142601.58089532342,102862.53466636073,4.494663047357928,60,PIF,0.12266292886124615,0,0.0
857,2001-04-01,496763.5807717002,496763.5807717002,296080.28510982293,545915.4380262725,312498.00188045076,29637.268764513123,33905.84131763537,1.0126324971981129,30,PIF,0.02409187783892349,0,0.0
858,2016-07-01,203692.21799073028,203692.21799073028,100978.90656479265,356733.61892106803,333580.72526888753,67935.21810883429,97197.0385633396,2.7489408784217724,0,CHGOFF,0.17557535859279502,1,0.7746330247978535
859,2020-01-01,123285.44805921611,123285.44805921611,157303.64995764085,200814.37235714594,88985.85062453106,13296.08564280775,23488.113813768625,3.336794896478531,0,PIF,0.25142546086268913,0,0.0
860,2024-01-01,283625.25571144465,283625.25571144465,334032.5001496135,865494.2628703628,782767.3332360602,96381.88729527275,40124.3756325874,3.105961234226457,0,PIF,0.0500327114746149,0,0.0
861,2023-01-01,289962.4144242687,289962.4144242687,195226.07447468064,559201.806858663,394763.0850918949,91591.7147877546,78582.05944954208,3.9310907453369928,0,PIF,0.1637202422761998,0,0.0
862,2003-01-01,130060.61973326502,130060.61973326502,131056.0575117506,636872.9605890957,418092.13605813036,149522.11673410094,131473.35489716663,1.262088347815924,0,PIF,0.015951830543816957,0,0.0
863,2019-04-01,325899.2385473628,325899.2385473628,267340.5297806868,515705.97768095054,174068.63232378673,41752.21985549362,33566.63025301674,4.1416668943433725,0,PIF,0.046549850949827214,0,0.0
864,2021-01-01,56356.13006457079,56356.13006457079,38931.68171758736,741357.2630698881,141899.1443642863,129983.94685384707,200746.43017394058,2.1326821445339337,0,PIF,0.02214507348141755,0,0.0
865,2017-04-01,467450.7811043997,467450.7811043997,307627.8583802077,815031.6406294595,407700.89006129786,68271.89760672892,31616.716553200884,4.296917546095822,0,PIF,0.061897314450465514,0,0.0
866,2020-04-01,169058.42501956772,169058.42501956772,88320.29709146086,393822.6457500564,62277.84099289225,82564.13021384284,74572.63658984748,2.677951707117036,15,PIF,0.033148647679388236,0,0.0
867,2020-10-01,67802.09377558631,67802.09377558631,60641.26202461705,645820.7560291007,133557.02955291982,146664.5038505763,204796.21949948554,1.1716743672119856,0,PIF,0.18174453581612232,0,0.0
868,2011-01-01,98712.24866368566,98712.24866368566,79161.00664000683,268507.73732804554,168156.0327130806,23594.129228979313,22872.988984828204,4.855659062685525,0,PIF,0.13930664758107475,0,0.0
869,2001-01-01,158112.02672583878,158112.02672583878,136129.36036790436,614521.1386728715,448340.7754380982,75128.74889692088,45204.14308493612,4.122197161988187,0,PIF,0.04557698019163673,0,0.0
870,2011-04-01,173257.77587272035,173257.77587272035,102884.18381924565,407307.61658077314,115821.45031495103,84351.41372653385,105877.3430084228,2.3912641291293975,0,PIF,0.028540218389532836,0,0.0
871,2005-01-01,64764.4997739779,64764.4997739779,80615.58542722368,85560.91150907007,62972.85911767097,145992.36925181706,165212.89694962604,2.0801094728734526,0,PIF,0.10306011264443031,0,0.0
872,2002-10-01,175709.66548717814,175709.66548717814,171269.84713613798,863532.852106549,785625.4892228749,47852.63886343312,84918.06649081789,3.3558549138002167,0,PIF,0.06803045709553422,0,0.0
873,2003-01-01,136823.78142206697,136823.78142206697,165507.59991049566,792122.0673417494,589767.2488722814,190008.468801188,275120.2365743441,4.9491784112956445,0,CHGOFF,0.3485130763983158,1,0.3966921383979153
874,2017-04-01,220379.41734553335,220379.41734553335,109824.77125088245,318485.9712837433,247709.52680255368,199574.77103089006,355372.09417100594,2.160667296718991,0,CHGOFF,0.2336815345361304,1,0.6969902250787013
875,2012-07-01,223325.48181018615,223325.48181018615,214518.8355652675,898160.9976709456,638206.3177901804,165592.9267558105,109439.32165382769,4.793084466984611,0,PIF,0.010168711048254625,0,0.0
876,2013-04-01,202553.48327129558,202553.48327129558,235876.69855362823,340044.693136358,112143.32315100281,66945.37527807034,98157.5192996486,2.321548478474356,0,PIF,0.059984185178712825,0,0.0
877,2018-07-01,197565.7475888168,197565.7475888168,137867.04916657414,456252.2328964413,200163.30848524036,136134.66427384238,159589.78308479252,3.8163910610311995,30,PIF,0.05064449969496651,0,0.0
878,2013-07-01,90379.07498356304,90379.07498356304,52024.803197709516,778032.401463022,707553.2239581012,25798.12602260728,36053.224202819845,2.526937431168159,0,PIF,0.045750036011599084,0,0.0
879,2015-10-01,61342.226206772975,61342.226206772975,39168.187684017605,329769.0080889935,223902.75662528913,175543.06998423702,185122.81473965154,1.340208896034595,0,PIF,0.16003196419138477,0,0.0
880,2002-01-01,140951.43507040996,140951.43507040996,91003.93444621336,449443.03319775005,351113.7907295642,108038.645539452,75340.44129729728,4.744757462453156,0,CHGOFF,0.17841143877454202,1,0.4519834301323814
881,2021-04-01,390492.2423374769,390492.2423374769,313361.85086058173,625781.4770410695,578820.1410620469,43523.44160075929,20196.240442176815,1.6557119788663837,90,DELQ,0.05720506758994866,0,0.0
882,2011-01-01,495864.3944980049,495864.3944980049,343816.1278677072,186983.39491339115,62667.398121615784,72209.14631672349,113628.56972714164,4.7787658719903945,0,CHGOFF,0.18830313814728084,1,0.4182790672483381
883,2003-10-01,467836.77877579804,467836.77877579804,301355.5010173077,426327.3023272085,173664.14260984902,162141.12145271522,249815.96375351227,1.41322730371542,0,PIF,0.05985745550887319,0,0.0
884,2020-04-01,276898.7099919959,276898.7099919959,272374.48095489264,333716.1486365337,222202.00167020047,175343.08581113882,110037.54020907966,2.067789779825995,0,PIF,0.06873934131055215,0,0.0
885,2018-04-01,289320.73510007036,289320.73510007036,129537.32232061694,634954.9308091508,107615.95808634067,108745.54351754046,141722.98403025902,4.683693994778222,0,PIF,0.02238816766607911,0,0.0
886,2001-04-01,191561.70606612915,191561.70606612915,135305.28184765577,191494.89984950487,116232.66698234135,101259.1850590279,145086.91265266578,3.6341634516302923,0,PIF,0.13780096502628092,0,0.0
887,2004-10-01,398272.7473869453,398272.7473869453,406547.5683963718,270839.81286276865,215845.9794270173,152639.60184511926,180217.76092146765,1.7579337433667823,15,PIF,0.16247018718831346,0,0.0
888,2000-04-01,394140.5095696919,394140.5095696919,220034.76263826317,663328.4870770358,423438.85674552206,166976.02827852542,140947.8825232074,3.368373245821126,0,PIF,0.1714741597024695,0,0.0
889,2006-10-01,429922.5609121001,429922.5609121001,257452.70943430986,208103.98317377415,80393.61266131584,155320.8943552059,253689.38531055412,1.721564832142216,0,CHGOFF,0.16172661321407208,1,0.5546241924154163
890,2002-04-01,452977.05973859795,452977.05973859795,262998.4640659282,426055.7950367096,310715.3619875653,83041.32954449946,107905.30639059858,4.497768270681368,0,PIF,0.1687175120979641,0,0.0
891,2017-07-01,245457.1617013831,245457.1617013831,98387.45225730412,664562.1921159474,177322.0061098384,131965.89470577068,185848.16558024895,1.1993144293540903,0,PIF,0.021733572355045822,0,0.0
892,2013-01-01,395094.00564823893,395094.00564823893,326502.12119558273,707684.0752326044,612726.1594041197,172898.38257147625,227008.71939182788,3.1191107911099936,0,PIF,0.06120405412247508,0,0.0
893,2024-07-01,412879.4279581454,412879.4279581454,179628.52560252187,157802.56651076814,36410.105694773374,38834.520469009716,54749.067740634186,1.2538921033178503,0,PIF,0.10055521046874727,0,0.0
894,2018-07-01,188806.83012398757,188806.83012398757,121902.34265786607,778636.3997239721,654671.9620276781,83745.970171843,50506.69237836933,3.780091004270501,0,PIF,0.16325186299711314,0,0.0
895,2015-04-01,468159.0098027675,468159.0098027675,606417.1715059486,673657.2869265724,369330.95183519385,20757.587936300293,35114.20326799933,4.743188940774669,0,PIF,0.07835604009945273,0,0.0
896,2012-07-01,92453.67618784495,92453.67618784495,113399.66582115812,358221.5627285173,176573.71396791484,87686.68428060599,70161.19539864767,4.324265798686614,15,PIF,0.02152251390606238,0,0.0
897,2001-04-01,497421.1306234773,497421.1306234773,295253.3787459846,706318.3389107968,388849.01730525447,156733.5959445433,246255.39230602467,2.4869113006105406,0,CHGOFF,0.30960606162748566,1,0.4816551494236409
898,2001-10-01,396540.82317149127,396540.82317149127,269252.08685128007,677205.0695793404,210045.33916991242,47435.40425086162,78303.41892208459,1.9476196219190367,0,CHGOFF,0.09708544943708503,1,0.5814997391534276
899,2015-04-01,91971.90739594726,91971.90739594726,75171.77836791056,572730.8057368761,295614.1254644261,112958.5587136329,148169.21549751,1.4841099695475322,0,PIF,0.14277061506539135,0,0.0
900,2000-01-01,345303.3416472503,345303.3416472503,400542.2741131789,537954.5621927923,446381.70556756115,16951.289350147155,20979.272811270686,4.4944959495301315,0,PIF,0.04089787224399855,0,0.0
901,2001-01-01,65380.73491771707,65380.73491771707,73382.11734138968,682456.8608976601,539662.4493939823,180553.49823901505,99786.04970083614,1.3244365161896496,0,PIF,0.062408700404163915,0,0.0
902,2005-04-01,396584.12724988227,396584.12724988227,203692.46584902226,899393.1193984727,252224.75194937576,165800.89203108576,167576.57258208917,3.5153167663110665,0,PIF,0.12872398786030897,0,0.0
903,2022-01-01,409650.3147465749,409650.3147465749,209742.58480480607,554412.844439026,381844.5186574093,109637.74643954252,137738.13531312917,2.469069877986828,30,PIF,0.1245828264996352,0,0.0
904,2011-04-01,321084.61389115144,321084.61389115144,248859.52891026335,743148.6548450433,620878.266930886,144099.52923467048,74156.06476684172,4.983113273483856,0,PIF,0.019661611062684024,0,0.0
905,2017-07-01,435587.1763624567,435587.1763624567,515337.02508005186,690304.448198778,556257.0375600166,29744.071325083194,16539.09615722871,3.03529325407338,0,PIF,0.07833035090126768,0,0.0
906,2010-04-01,94047.47609668686,94047.47609668686,112281.07151958701,781762.8896677371,383459.3524968355,170589.8043155004,305504.80378599925,3.195163798813644,0,PIF,0.041431321747869,0,0.0
907,2004-04-01,174165.72891836596,174165.72891836596,86495.7978917812,862710.3863349935,162598.71225020482,145899.69090363657,126221.88026775917,4.671555140059405,0,PIF,0.09847489096677665,0,0.0
908,2009-04-01,236379.88471670172,236379.88471670172,216729.04793685107,238328.23011786846,213288.40293144865,32793.8053777653,29174.204922617606,4.87854761300329,0,PIF,0.17750329339784526,0,0.0
909,2002-04-01,69106.07877264422,69106.07877264422,37324.72370098517,215676.90184399535,100658.15549440826,196330.96417256774,147668.53058572442,3.3345458443781584,0,PIF,0.04195925090335783,0,0.0
910,2019-04-01,251697.23940702478,251697.23940702478,256106.06364636237,560808.4993002187,246072.28787276844,14280.784399224867,18628.250423788548,4.1847282989694,0,PIF,0.02863519826562474,0,0.0
911,2004-07-01,169346.0552506547,169346.0552506547,207413.3419938369,448421.95156693365,339729.8316529925,129417.06389262697,137480.55473356173,3.5390669964337858,15,PIF,0.09721905476491367,0,0.0
912,2009-04-01,226730.75544578885,226730.75544578885,183491.46889119994,547992.6081937188,197922.74951557608,42633.44938075518,64231.69724653328,2.7096018559744746,0,PIF,0.042862656553214376,0,0.0
913,2024-07-01,241296.18439653792,241296.18439653792,114561.27462865751,734395.042278117,600587.0454025286,146658.95335171197,163890.31923406865,1.2292614290987873,0,PIF,0.07972174172397575,0,0.0
914,2014-10-01,445735.2800694583,445735.2800694583,410668.740142401,844005.8736403821,177951.25227087422,23377.188254068005,9855.410484125994,3.8709754941671335,0,PIF,0.007198110631652943,0,0.0
915,2011-04-01,171653.43673743756,171653.43673743756,131772.33604899325,422280.97666281764,313572.74591024657,25409.16774019206,27334.225909721576,3.8010510894425966,0,PIF,0.04637618152664924,0,0.0
916,2013-07-01,452184.4079223224,452184.4079223224,510881.9581571026,668704.7693457721,616968.1461556859,98595.43070699513,47055.87284283951,1.466809226754901,30,PIF,0.04270835098303186,0,0.0
917,2019-07-01,241686.93416578215,241686.93416578215,170705.90270831162,241375.33402995567,228489.5208741819,198861.79842636344,309727.4365222897,1.920275499825463,0,PIF,0.12629637179795675,0,0.0
918,2006-04-01,197513.4743122937,197513.4743122937,234528.97688321388,518332.5984707093,460820.22131511045,62538.08555642373,34966.37688270297,3.928512747498822,0,PIF,0.39693263175063187,0,0.0
919,2015-10-01,276130.42220081575,276130.42220081575,178471.47708538198,97879.91778002634,82866.10978468998,126380.3505437393,88938.35446604778,1.5988479103781592,0,PIF,0.1665225574142257,0,0.0
920,2021-10-01,237984.47886327785,237984.47886327785,128931.86878518116,493075.4650491395,183968.5168513739,108533.82413110475,113304.0311275227,3.763740137730947,0,PIF,0.02027890411014319,0,0.0
921,2014-04-01,165817.54087481572,165817.54087481572,112064.85659394361,527175.8964829099,486751.3581949027,170002.72583358313,114455.64037368624,3.87190876481951,0,PIF,0.012568403799240485,0,0.0
922,2011-01-01,276205.6961582301,276205.6961582301,119161.82499187782,683065.1753382316,609510.8559403737,64832.02546398043,74875.02125184484,2.4133754237597045,30,PIF,0.17586832339111722,0,0.0
923,2003-07-01,118310.77988547407,118310.77988547407,77271.29866667176,612577.5279697332,353762.3006902421,115439.43233518238,120631.64336824976,2.032727399117708,0,PIF,0.07044596633198347,0,0.0
924,2006-01-01,208368.47436033475,208368.47436033475,207140.3235874514,373885.32213075727,176347.54498726173,190618.46786998436,330443.1481343929,2.4921576444144526,0,PIF,0.2557338217155209,0,0.0
925,2023-07-01,304605.59871834074,304605.59871834074,160848.41217092998,84699.33858475949,20108.79207199532,73191.30358385094,38331.96825645024,2.436786485571576,0,PIF,0.024035307972477365,0,0.0
926,2013-07-01,236033.70997543636,236033.70997543636,118070.78290949322,174698.41637081813,108751.032896173,93487.0604489344,112878.60158262138,3.4280792228183294,0,PIF,0.00927451585612005,0,0.0
927,2007-07-01,420760.5624728584,420760.5624728584,218436.48363932568,877909.7358843109,623699.347296204,178874.52975569756,251955.40987803694,3.975393198875454,0,PIF,0.04106503721594194,0,0.0
928,2010-04-01,165524.7926908248,165524.7926908248,77762.96940078997,836313.1898185508,395741.11539785465,73174.78287454699,42344.62329704498,4.447010539401456,0,PIF,0.01870100054698496,0,0.0
929,2014-04-01,486397.2104739545,486397.2104739545,577437.0862415116,346576.39372653916,164562.66775474162,82328.01528042495,106289.33540336238,1.1199691360084563,0,PIF,0.0665360281625249,0,0.0
930,2013-04-01,403124.9093831081,403124.9093831081,503786.65209682775,292259.4107375879,177883.43098608576,67782.57368676267,109125.5157958471,3.906206229477478,0,PIF,0.03514170674816992,0,0.0
931,2017-04-01,485416.8616988625,485416.8616988625,214508.15601388982,437861.36082583066,75411.66975845481,163810.96131176385,246138.73037576492,2.256744073156641,15,PIF,0.043706141889913355,0,0.0
932,2006-04-01,427161.4496736369,427161.4496736369,463070.60752360104,645750.8242818997,591696.7773568961,186773.52438317818,319240.58580507064,4.354568042841887,0,PIF,0.045888014416516264,0,0.0
933,2016-01-01,113946.7666332392,113946.7666332392,121175.15890411794,372598.6915795384,142304.59345347062,129908.78732671207,183018.09457071088,1.302867838964045,0,PIF,0.09900863990791177,0,0.0
934,2011-01-01,286907.0407857562,286907.0407857562,372181.11596597027,135180.95513954753,35513.752282413065,128489.72493933397,122268.4530997764,3.204698040692266,0,PIF,0.05559294572603529,0,0.0
935,2023-07-01,126490.33453810358,126490.33453810358,90198.18255462188,410291.97580440505,63345.272285907435,84100.68774550327,142015.1073707444,3.1946943590160535,0,PIF,0.14304869240511084,0,0.0
936,2003-10-01,418202.3086822658,418202.3086822658,274741.39099993644,293682.97547477414,245376.0123478736,12371.912418584368,8852.096836045566,2.3060458487009132,0,PIF,0.13618518832427398,0,0.0
937,2003-07-01,312872.96713248314,312872.96713248314,252730.61959619718,346442.60919319367,291207.8438164567,43048.14377647892,52397.476962635985,4.881226389413461,0,PIF,0.07243744031076099,0,0.0
938,2011-07-01,168552.1914606076,168552.1914606076,197360.73751757183,213624.94154558962,48331.635487042,38013.28737214455,55952.5606427669,1.4276926046747502,0,PIF,0.08697573331042463,0,0.0
939,2012-07-01,468319.5374032271,468319.5374032271,494420.9888267437,620248.8569454309,168579.32381914416,32017.58053447698,51906.697731970235,1.5455889341396891,0,PIF,0.05657964173203304,0,0.0
940,2017-04-01,101833.7239914173,101833.7239914173,83957.97796597851,511837.36526108446,260178.08314239213,134268.9900501451,225996.05681259985,3.5770383927531006,0,PIF,0.1527823323747269,0,0.0
941,2010-01-01,303738.0815620913,303738.0815620913,188349.97658175588,302107.7561821905,90198.3002583156,35906.30095102155,18634.146121759768,3.0571968985746127,30,PIF,0.016209986505654726,0,0.0
942,2022-10-01,374468.24960002647,374468.24960002647,394807.180698,534167.234671118,394566.31870198663,26270.450981976654,37211.64294241623,2.057868514208187,0,PIF,0.07347090235788682,0,0.0
943,2011-10-01,76481.8417995943,76481.8417995943,89412.94658143316,484020.4346771352,95077.00355759758,82690.48624675306,56704.671076263774,2.2170871858297674,0,PIF,0.013838491958821355,0,0.0
944,2003-01-01,319035.2149427916,319035.2149427916,242452.7602503426,732699.382384143,432122.25802156026,57314.305963900726,85442.2884580814,1.6280932348352772,0,PIF,0.07890674070388605,0,0.0
945,2002-10-01,417155.54695839237,417155.54695839237,417875.9333892429,863907.1008589653,394143.14612949983,37713.50367081763,52081.05215666237,4.471056555647493,0,PIF,0.11384884096236335,0,0.0
946,2024-04-01,80387.29148812401,80387.29148812401,61109.68095828662,187149.81736249788,97684.19220944706,37764.29635612792,24693.820443542034,3.2780754925587616,0,PIF,0.03446685787913786,0,0.0
947,2003-04-01,280509.33699798223,280509.33699798223,233003.42418105053,804809.052704546,394200.05672337033,58679.0842887255,91889.23035532921,1.9793383046153266,0,PIF,0.0398549877071548,0,0.0
948,2023-07-01,166350.730166933,166350.730166933,145127.5945467051,657933.4893936197,179304.86772720213,112001.45504144787,117210.00717727962,2.5736830308373713,0,PIF,0.06373783085522804,0,0.0
949,2006-10-01,348316.00319161435,348316.00319161435,382504.34487816703,647893.9071442819,211359.3118221304,154038.16401733775,178899.70998665466,4.626740217219533,0,PIF,0.019999813383604587,0,0.0
950,2002-04-01,103404.8151854802,103404.8151854802,132332.86914258983,386926.7356568273,78099.67545639758,172027.5622179065,302762.5323991319,4.547364646612252,0,PIF,0.020370628982598324,0,0.0
951,2007-07-01,471673.1438017281,471673.1438017281,377305.2839583078,362004.72028123523,87687.84599306654,152769.39145038155,201544.96456265415,1.276426764452831,0,PIF,0.0845619152540902,0,0.0
952,2015-04-01,452627.8617716293,452627.8617716293,320498.32310582796,84624.37755446392,78896.64916191655,129360.51934379245,158335.7754873464,3.6164005531188117,0,PIF,0.1787865602849571,0,0.0
953,2010-07-01,133688.48894406913,133688.48894406913,98425.7310021768,885407.9972025923,330991.58403707243,182448.66972870182,77261.15161770898,1.6118846838788952,0,PIF,0.022340366170676917,0,0.0
954,2019-07-01,195469.64796429707,195469.64796429707,101741.98351704952,577334.7825459,228405.43577440098,108749.99251950762,73830.45356454028,1.8435334621930286,0,PIF,0.0700633573746195,0,0.0
955,2015-04-01,314435.7385938694,314435.7385938694,209805.63164611004,409909.47161761887,103168.09173999098,130337.79976220136,56982.589846048046,4.456830368985665,0,PIF,0.024541936034390668,0,0.0
956,2010-01-01,373128.0514854127,373128.0514854127,178281.57997621456,525890.4339515865,396590.47005873895,88207.904563055,76444.26871737266,4.580761269903832,0,PIF,0.09620024804774392,0,0.0
957,2015-10-01,249195.2068221162,249195.2068221162,195644.36219870104,113232.16795893521,100698.98031477524,72202.99816734175,63705.5496421088,1.3307676635757941,0,PIF,0.04455142557030446,0,0.0
958,2024-04-01,120331.09488243877,120331.09488243877,66256.89306043582,222393.78333916847,173867.55536678943,73025.23809763815,83428.56676403752,4.495693317914775,0,PIF,0.05595004778803929,0,0.0
959,2010-04-01,96868.17221129221,96868.17221129221,68947.47837629903,591155.1384699901,378394.06715295103,38180.28352533562,52141.89023234089,3.9139742113728984,0,PIF,0.20880068260020898,0,0.0
960,2003-10-01,499894.4016114547,499894.4016114547,556992.3273924357,501694.61834056844,401649.8545264738,161353.55362803175,105054.59458731316,4.102841453066796,0,PIF,0.12862297237531817,0,0.0
961,2010-01-01,254908.45464956926,254908.45464956926,158383.515490376,725401.3548006591,343393.5301168041,20519.93602337332,25492.24872182323,4.167261310583243,0,PIF,0.06144949787410441,0,0.0
962,2021-01-01,442639.2871168242,442639.2871168242,420819.4539300549,620169.0061651764,519452.24732636655,138190.1963152588,232680.06247712154,3.028933086951982,0,CHGOFF,0.05384753858207663,1,0.46462659580264243
963,2005-04-01,267069.2020831015,267069.2020831015,323437.7031470002,573177.2543030975,452130.86154136946,174247.4366390368,114830.9772269706,4.787630571952807,0,PIF,0.13685776131332517,0,0.0
964,2023-07-01,465060.9373457015,465060.9373457015,423315.33215401846,748517.877530357,113310.42327614142,104511.38592721977,138239.63925839227,1.801438415922381,0,PIF,0.031225668775267584,0,0.0
965,2014-07-01,89491.72224719776,89491.72224719776,51405.24010708786,135975.7465525585,73458.89931037882,23338.14854989454,10824.812031076613,3.019860430070172,0,PIF,0.0654848085966172,0,0.0
966,2015-01-01,101308.63610054794,101308.63610054794,71958.46803606019,646527.173073654,233844.52146579334,91399.31771100927,104524.8710136393,2.2742103195536183,0,PIF,0.11107060412878055,0,0.0
967,2007-10-01,468334.48447590094,468334.48447590094,436175.02625765675,666784.3848969927,146016.66741303503,75213.05454764646,108168.02745054412,4.289724971210029,30,PIF,0.03110911010316342,0,0.0
968,2023-01-01,476371.8702701532,476371.8702701532,407750.51464044716,305634.110737609,252746.21663856128,197252.47066689184,88301.74389067716,1.3308028485151095,60,CHGOFF,0.04432916917400732,1,0.3725577879830216
969,2000-10-01,191622.8513594135,191622.8513594135,102280.20166011997,240432.70191966344,37593.99654869125,141340.38830759944,122560.70965148976,2.7347139476970717,0,PIF,0.059872123774792674,0,0.0
970,2007-04-01,209824.19914724233,209824.19914724233,168303.4963448494,255359.02987391932,187466.92930844813,147058.3629174948,239578.62894421266,4.0939106249813175,0,PIF,0.10499361790261169,0,0.0
971,2010-04-01,253602.6056756411,253602.6056756411,225391.85826666412,242475.50801423527,228061.23544570114,108007.11460282389,77297.6368449641,2.249363646230958,0,PIF,0.016393357863175244,0,0.0
972,2011-10-01,237272.75603028087,237272.75603028087,151996.79535487626,509501.39654094755,272897.00491887715,144788.70834399833,204445.18557357404,1.961905137081795,0,PIF,0.026306317378801767,0,0.0
973,2011-10-01,135520.3471818185,135520.3471818185,128907.08485465143,191213.57531997934,85471.01952502533,147288.48557721195,185161.30168174652,2.0501966191795846,0,PIF,0.03141580548237908,0,0.0
974,2003-07-01,454268.92277271854,454268.92277271854,210391.96664238317,620614.4063638673,393883.0884721738,22608.18734175992,14224.228921270718,3.854360429626181,0,PIF,0.033028912642298326,0,0.0
975,2005-07-01,163988.42031753968,163988.42031753968,115275.05825897981,166164.172337991,131894.18466130248,52295.23965068137,75220.9769324199,2.1471307033553235,0,CHGOFF,0.16392436771356003,1,0.5522594578655702
976,2002-04-01,367372.5842649432,367372.5842649432,412871.3663757063,102049.50505441008,34921.50340064344,12463.835531488352,14270.012193813378,2.6107341818519196,0,PIF,0.04892880670972037,0,0.0
977,2014-04-01,80220.0549807378,80220.0549807378,50807.87887836482,341817.9988056143,119828.10846961752,106863.40712642866,59505.40510291922,3.182672349756711,0,PIF,0.02347602185628125,0,0.0
978,2008-10-01,67438.09918779327,67438.09918779327,63706.018468114795,237324.97346109367,150877.55088262042,176401.97241884505,305020.1722991945,4.763040315786768,0,CHGOFF,0.05488126723391996,1,0.47120144879503767
979,2014-01-01,344178.7126596143,344178.7126596143,264682.6341791505,890702.8854362675,803328.3675340416,125815.3615921124,136981.07745764128,4.177390239547716,0,PIF,0.15055511989487155,0,0.0
980,2014-07-01,202557.13590796717,202557.13590796717,138713.9884321807,328456.96650611825,127688.29627342407,105039.43028346478,151583.785077356,1.741126656896069,0,PIF,0.2938426532105501,0,0.0
981,2017-07-01,344956.7267240006,344956.7267240006,422405.9001682191,262092.55054092128,118309.5550722405,185933.5110460216,131042.28903320029,4.532336930137743,0,PIF,0.025678950643117482,0,0.0
982,2013-07-01,92309.54097597366,92309.54097597366,65441.514857951326,241351.25526935596,227996.47965703896,42721.51709413324,25293.55159348782,4.379069732740814,0,PIF,0.04396781666178966,0,0.0
983,2016-01-01,477433.1209621385,477433.1209621385,292670.4712579828,386559.38193886203,112480.17230375632,24174.818549960284,34759.26694389965,3.980898078219475,60,PIF,0.03219357096314178,0,0.0
984,2014-07-01,386831.5101018929,386831.5101018929,471304.36500084464,576796.0941718938,122035.3652413361,184288.08991784637,247564.11509691903,3.067623899087779,0,PIF,0.04365949182913089,0,0.0
985,2016-04-01,444320.25486160966,444320.25486160966,476022.46965242637,721195.1255379516,448442.15166362334,181528.53343457452,142273.12654667173,1.2792598210292447,0,PIF,0.032788529376873765,0,0.0
986,2015-04-01,111411.74932002992,111411.74932002992,112929.14863812254,378952.5231493161,64199.707665687856,139764.7723804604,201931.69724681092,3.8460209655566637,0,PIF,0.014012518626904003,0,0.0
987,2007-10-01,194072.4360017912,194072.4360017912,86281.00458743007,593296.2036350872,174634.71144523425,56736.04079824987,62806.18245282464,3.073368681691306,60,PIF,0.013845306588260328,0,0.0
988,2006-01-01,215754.87389285484,215754.87389285484,111779.2483351562,475289.1165890977,307876.7689475637,194255.16469383045,172505.61038013533,2.239099703271824,0,PIF,0.1721040983093198,0,0.0
989,2019-07-01,291727.6917470683,291727.6917470683,284290.3764717174,774126.1839277867,524555.581989356,155415.80684272706,233379.9201332487,1.0397520000730953,0,PIF,0.2720426908355573,0,0.0
990,2008-07-01,183590.81847833644,183590.81847833644,108041.27867802075,546614.2572699168,305196.7135728439,138039.97088108712,174412.92986739145,1.9241959231053953,0,CHGOFF,0.14866033349806362,1,0.5936515206659694
991,2013-07-01,77283.83398523231,77283.83398523231,46607.88535408994,317711.17094086215,145193.5085321737,52353.151562935076,58121.19733071412,3.422760710317569,0,PIF,0.0589407257577539,0,0.0
992,2004-10-01,215995.27133186182,215995.27133186182,237859.32005681717,656941.5508861698,401363.7404144885,107486.94261029197,159333.2624402291,1.449226345327825,0,PIF,0.03999389275624576,0,0.0
993,2010-10-01,164547.19158227695,164547.19158227695,108162.2092338934,752452.8801788565,500161.9023755509,166289.48584642998,193354.71329594505,3.6216748264468492,0,CHGOFF,0.04541997231230221,1,0.351673058408117
994,2013-01-01,223664.58115844667,223664.58115844667,103876.22202024299,461661.33854645136,365998.4783732039,173449.44269913435,297283.3611644444,4.278688355288047,0,PIF,0.0441174715944497,0,0.0
995,2015-07-01,138631.7941790118,138631.7941790118,59998.28127050587,889501.7358835015,697547.8506351194,116671.72200224092,180290.24172064796,2.272713362945006,0,CHGOFF,0.041047324301709744,1,0.7960046889505498
996,2013-01-01,167853.36855413095,167853.36855413095,134091.3736469975,800859.440936877,546058.4916642988,109330.8303066602,98557.65474916225,1.327942157819857,0,PIF,0.11221107671396167,0,0.0
997,2009-01-01,332128.55319452094,332128.55319452094,317320.840755063,241502.829125703,208993.18336570353,142559.9273784517,149814.367383987,1.5587951617048739,0,PIF,0.20350243436883775,0,0.0
998,2024-01-01,224669.22556012927,224669.22556012927,265558.2854621434,725139.8151681146,594919.3542739326,110367.28041936984,192068.4583141636,2.43163573013962,0,PIF,0.25813076190764256,0,0.0
999,2012-10-01,205422.52692627144,205422.52692627144,102654.55771043598,572780.0203668082,146973.52409571534,89359.39723247557,147736.65405909673,4.25373701103371,0,PIF,0.053442437948886305,0,0.0
1000,2020-01-01,290257.5347250678,290257.5347250678,167480.20662529426,518545.26420242444,474647.0645568544,26229.61217063385,17512.456374948495,3.5371148788510207,0,PIF,0.032287527185636704,0,0.0
1001,2018-04-01,397337.2433797666,397337.2433797666,348393.46020290843,501429.64099524607,432931.26415852614,33949.438385960224,26617.22085444071,4.47155059238474,0,PIF,0.09963373722110835,0,0.0
1002,2013-10-01,220490.58035658076,220490.58035658076,160450.4498357078,779797.1370815918,317176.0471958205,154452.3389581268,140580.77779495943,4.977708450524498,0,PIF,0.050541461132924584,0,0.0
1003,2022-01-01,314383.77165012824,314383.77165012824,262285.25815654994,580915.6869008278,96517.7093549659,14686.172278610933,23964.729245015184,1.8102648115966375,30,PIF,0.04152512144425874,0,0.0
1004,2003-01-01,484791.18141567934,484791.18141567934,597123.2048870388,520918.9077440616,329835.8285528193,19937.954901545643,33862.30831589091,3.779285744947174,0,PIF,0.12160424920372868,0,0.0
1005,2023-01-01,284891.0513531228,284891.0513531228,253667.70106999646,120065.12354160025,60120.69695465756,181882.27983641933,277056.97301691753,2.8660668002517466,0,PIF,0.017446976337583846,0,0.0
1006,2021-04-01,459408.909432895,459408.909432895,355402.6600771282,447608.353202017,335551.09254455095,143759.45155639012,112993.75361567904,2.9739122437872814,0,CHGOFF,0.09826656063375751,1,0.38477466110589753
1007,2012-07-01,407152.6809153921,407152.6809153921,525428.8719218856,824594.0808773163,469754.60064635274,10800.417163687764,17733.104813516235,2.302325614243218,0,PIF,0.15807069521954265,0,0.0
1008,2018-04-01,76423.40674256737,76423.40674256737,35054.96599707609,663624.1180625876,140152.33581629454,69288.24112742582,30904.881986778848,2.370048859997642,0,PIF,0.035730157582245216,0,0.0
1009,2013-01-01,243094.49216116557,243094.49216116557,301170.27769601083,121782.26200604581,42106.20931934731,155030.5075131535,153778.6165143603,3.70512779359107,0,PIF,0.05257278974484407,0,0.0
1010,2006-07-01,364243.28354086465,364243.28354086465,310151.57433932705,804873.6713638547,688987.1592320814,89344.15199567856,82972.13469322519,3.4832116687840666,0,PIF,0.13869232092271128,0,0.0
1011,2019-10-01,494020.36060168996,494020.36060168996,421587.4431158735,757867.1215291843,136531.09319167832,99071.58634304121,113866.48610004295,2.274014282509732,0,PIF,0.030889806603985603,0,0.0
1012,2006-01-01,256269.33102268065,256269.33102268065,315151.7972467971,528281.0534870129,390577.0612403772,97171.82159875052,115138.57853160583,1.4743236752763433,0,PIF,0.04975359542878163,0,0.0
1013,2007-10-01,91753.45435703275,91753.45435703275,78595.23658805194,98372.48144947081,37731.23807361718,48405.536619217724,34637.36984653894,3.31296514923281,15,CHGOFF,0.15036534649932254,1,0.38139909233005076
1014,2012-10-01,302904.12862079055,302904.12862079055,240677.4374127059,541192.2867877166,277150.979097926,147064.37320066956,100941.74798100139,3.9575853798595415,0,PIF,0.021207084717023192,0,0.0
1015,2020-10-01,106953.70645578214,106953.70645578214,69010.78098677988,124763.0209396694,71714.32659748338,29571.202799060233,45095.884027433756,3.234487160858039,15,PIF,0.10843239067767228,0,0.0
1016,2009-07-01,388183.802125727,388183.802125727,385441.31855291926,342710.7469027339,119971.06703477036,106377.7100538675,53898.98123624306,1.014602693826565,0,PIF,0.049316146092080626,0,0.0
1017,2012-04-01,278454.64885780006,278454.64885780006,254140.1509472252,595705.8875002458,400057.22257381777,42291.60721727874,46123.246344802035,2.129262049895211,0,PIF,0.07222066885033562,0,0.0
1018,2001-01-01,375544.1157697789,375544.1157697789,222664.19713696948,828588.728783383,583951.0341002664,18841.23381965964,12591.690188230059,4.114317358540047,0,PIF,0.06662697340548498,0,0.0
1019,2002-10-01,441212.8220953357,441212.8220953357,458186.99569471146,373392.42255277256,81417.3155231951,37216.33804496197,31536.905847454662,3.970192821106953,0,PIF,0.037085463187208685,0,0.0
1020,2001-04-01,333026.6077232497,333026.6077232497,326258.89814945497,785219.5019644317,352674.7911115198,175173.63789923093,138073.99620541325,1.041641010165971,0,CHGOFF,0.04031631386634846,1,0.3901284926385086
1021,2001-10-01,325597.6981639317,325597.6981639317,246672.9775557382,833056.0285284234,621044.8028949589,43468.056308287625,60504.54014171993,2.8811849310407136,0,CHGOFF,0.295480292383275,1,0.5384426384118086
1022,2021-07-01,389556.6329478341,389556.6329478341,157365.62066588583,97255.98197499773,70735.25290616203,62890.149712346596,65306.94550329099,2.74927269060136,0,PIF,0.1777868213612774,0,0.0
1023,2021-01-01,429104.7506537003,429104.7506537003,344108.9840451763,276330.82695707586,161842.17795150017,36238.00976187718,29686.850472432117,3.609125505163768,0,PIF,0.06297784566888208,0,0.0
1024,2020-07-01,441074.2038246512,441074.2038246512,178834.55280077254,662087.085366549,511223.80549769115,149753.56931497416,234198.5284025289,1.499920160259991,0,PIF,0.32813944312729415,0,0.0
1025,2001-04-01,66393.58805729749,66393.58805729749,31038.912146015075,700611.2953252298,165425.47665701676,94635.3417787353,49221.09023810803,3.48566093152908,0,PIF,0.038325233684500824,0,0.0
1026,2001-10-01,300285.6335590052,300285.6335590052,236489.62406851695,401781.81717798434,98263.38298108862,189290.65734256347,278807.1374174726,4.787672080644203,0,PIF,0.10609747374624247,0,0.0
1027,2007-01-01,147321.18940889815,147321.18940889815,69790.15706053877,618538.7824737411,418126.92240691156,136221.67062710144,101844.47845772275,2.486998138461,0,PIF,0.02171105679707444,0,0.0
1028,2014-01-01,437155.6508518025,437155.6508518025,283320.09225283685,581970.0662368687,410095.15555408434,110963.95189248663,186999.43795530542,2.3494256706390324,0,PIF,0.3594049860874962,0,0.0
1029,2008-04-01,341778.95834151254,341778.95834151254,338341.42476974806,686615.4685128691,550405.7109830028,134759.8770093519,54952.749128699616,1.113094057487512,0,PIF,0.06222501483589626,0,0.0
1030,2012-01-01,239100.11556459716,239100.11556459716,162051.0139004667,669299.9107509998,197329.35952167443,17680.82280983619,20851.50128955004,1.229580235821726,0,PIF,0.005712725479970347,0,0.0
1031,2004-04-01,134646.90265460807,134646.90265460807,174756.02488441026,150414.0543520963,84745.88452824904,190625.4494244512,242317.53890768308,4.7262897877188745,0,PIF,0.25619863109823476,0,0.0
1032,2018-04-01,202560.63166392193,202560.63166392193,248070.2995718483,209765.14837084996,142360.27232902483,191721.62597927713,231641.99222652867,4.902007386154757,0,PIF,0.12939483000068583,0,0.0
1033,2007-10-01,366699.96254310105,366699.96254310105,339849.79309609625,188836.26075263912,62119.51195595997,62466.57502555063,96262.3294661892,1.022566801746347,0,PIF,0.04919526848947953,0,0.0
1034,2001-07-01,141961.79534523748,141961.79534523748,180327.31476219444,844633.6572711115,475986.78752026823,129376.1417211954,72066.34193669402,4.602718745372659,0,PIF,0.038872293509922426,0,0.0
1035,2018-07-01,92112.32540226774,92112.32540226774,108804.51249251518,829104.9716494512,547836.1008250962,48363.896386576176,47482.62910282707,1.6958401227232835,0,PIF,0.18012127811266593,0,0.0
1036,2022-07-01,449612.941202398,449612.941202398,308887.98738182295,733878.0610695154,235985.54250486314,114019.64097408719,183483.99584783052,3.2454348746257184,0,PIF,0.03018069332079102,0,0.0
1037,2000-04-01,393894.65731105255,393894.65731105255,423293.6237150524,175709.21975428663,79148.34598979211,156449.95543363472,257239.61696917668,3.7125636941149973,30,PIF,0.0643483573589942,0,0.0
1038,2010-10-01,139907.71879615966,139907.71879615966,73192.52800138487,550902.6053340605,177980.6821110148,188566.1277130245,206985.67522587866,2.4362348422423166,0,PIF,0.03295809102614391,0,0.0
1039,2020-07-01,181540.19454349624,181540.19454349624,184462.3166984682,233529.11339367816,203720.13174211036,74451.21542047766,87938.3249464136,3.1159523670828686,0,PIF,0.08953679124944112,0,0.0
1040,2017-07-01,487431.57970889856,487431.57970889856,410404.5432926855,382074.82879821805,129691.13813814153,141765.9999781247,208321.14153214256,3.510168752621221,0,PIF,0.026821257594767663,0,0.0
1041,2021-04-01,368683.01904160285,368683.01904160285,153056.30189038898,299014.8468426786,73757.30477235014,146121.1517259641,217933.05688781632,1.775705197539175,0,PIF,0.13474769239032933,0,0.0
1042,2010-04-01,324734.90189622116,324734.90189622116,210040.75578234816,759723.404819722,135325.161099678,52018.27222130083,85482.3455977998,4.977026486342728,30,PIF,0.09760708958147818,0,0.0
1043,2009-04-01,188432.81844085865,188432.81844085865,237395.95489872724,198450.14760580403,36904.340729211304,129516.10498374452,204816.81489895863,1.815527342341944,0,PIF,0.07217749317476006,0,0.0
1044,2017-07-01,184606.31487493502,184606.31487493502,126316.56387527018,609866.9182602621,184953.7230992786,134530.04494567757,131865.3596469092,1.0413538587464748,0,PIF,0.11159766771755757,0,0.0
1045,2003-10-01,67785.6284106037,67785.6284106037,38184.255216702244,886793.6242964568,564503.3877003443,155174.46020574652,203224.95446527711,4.777138368418992,0,PIF,0.15064791810933625,0,0.0
1046,2005-10-01,377816.8401058691,377816.8401058691,214894.02075030256,643384.7582679794,105592.24193683596,199989.97891636138,215295.08421051948,2.7165108034565724,0,PIF,0.027209871256698024,0,0.0
1047,2015-01-01,69428.85127559805,69428.85127559805,57715.64434234694,144971.46098570694,55001.46770851144,17644.15019103131,9971.521838792065,2.594478875705914,0,PIF,0.1856552776031427,0,0.0
1048,2016-07-01,52185.80199977557,52185.80199977557,60451.21458591462,824436.5916092704,162029.41964306074,48437.95829873603,75095.94791279561,2.1026852738652937,0,PIF,0.11748965743262083,0,0.0
1049,2002-10-01,378272.78953744064,378272.78953744064,409367.41376914165,607325.3357054689,287220.5589017393,37564.90206475073,46673.224108973845,1.1033277071646705,0,CHGOFF,0.3178629154799593,1,0.2860787863580801
1050,2012-07-01,476993.1907171064,476993.1907171064,378335.16593879735,454175.00327626686,85776.12254186076,39342.46995993348,18931.8831675289,2.0582727735206046,0,PIF,0.059355009743449275,0,0.0
1051,2009-01-01,390426.3714772897,390426.3714772897,229513.78034796604,620947.8324037172,394943.57429048273,96307.24551817335,129785.14554924214,2.5732013702639276,0,PIF,0.080958004187134,0,0.0
1052,2012-07-01,262238.0857809704,262238.0857809704,115767.20841442936,800816.3509875623,561163.5792435188,176921.9457564581,140890.27886580102,3.081316995466889,0,PIF,0.0073398427550704385,0,0.0
1053,2023-10-01,268720.36230239284,268720.36230239284,219374.51327808126,471244.32689050445,346397.58608287666,95257.42112287346,47340.203667393405,2.8305768804879294,0,PIF,0.011312345821047414,0,0.0
1054,2001-10-01,246261.3901920974,246261.3901920974,279087.4950951455,515683.61590602796,169904.71440074284,137011.27558853853,171157.83957755804,4.516144830816091,0,PIF,0.0902835296221745,0,0.0
1055,2024-10-01,196089.65019965015,196089.65019965015,207210.6382726632,451006.8673587219,381010.659981335,81534.83708074164,116194.65348524843,4.645319447720596,0,CHGOFF,0.17314636432568925,1,0.37677502920288486
1056,2011-01-01,284771.3963836281,284771.3963836281,218630.58859802218,139524.9695854055,97978.69387942106,70736.02990911188,79521.30420413919,2.26861968726286,0,PIF,0.06387879418939368,0,0.0
1057,2019-04-01,244017.9307135018,244017.9307135018,228213.47613741178,725397.504080434,141684.76776062424,168504.68511751803,68734.33883014765,4.838218375501838,0,PIF,0.002263970503807939,0,0.0
1058,2010-07-01,319175.5460183486,319175.5460183486,252985.51777679202,183657.62978630792,92308.77967499908,134554.02692249973,162492.26421378044,4.459736688481418,0,PIF,0.11335260535974806,0,0.0
1059,2007-10-01,454154.03622549254,454154.03622549254,418327.86746091,403547.40843641444,308393.0258340174,76670.10473568185,31377.44778984034,4.710539266138998,0,PIF,0.009639268561047576,0,0.0
1060,2019-04-01,497754.23779571464,497754.23779571464,430933.08074884233,397194.7333983379,158367.55428079393,183690.44963696133,311717.48023253813,3.8253235295511883,0,PIF,0.03027658818826257,0,0.0
1061,2017-01-01,85434.4804473127,85434.4804473127,86534.01709422439,309633.4495111251,140959.70491158226,104717.1973723525,81074.90469313994,1.793087373302166,60,PIF,0.10154997688203574,0,0.0
1062,2003-07-01,223107.56269760363,223107.56269760363,191189.3394556663,410055.8432334231,268046.55912907294,45772.20198686481,74123.92705676834,1.7809111706310978,0,PIF,0.04648654379053603,0,0.0
1063,2017-07-01,131317.78809506426,131317.78809506426,163694.17540155462,586767.4705135914,114058.62112701725,101812.15386885943,42450.88340580833,4.634606252335773,0,PIF,0.009497668132981418,0,0.0
1064,2018-10-01,208454.21326649017,208454.21326649017,163683.53536934318,335337.5960103236,309700.3769872044,138192.8932073604,74085.64047635556,3.028181839737773,0,PIF,0.10029529811547014,0,0.0
1065,2009-07-01,179362.85834679037,179362.85834679037,74314.45758548079,221459.7889125867,64131.39055999611,79751.39195867084,82301.17367074013,4.561869228614951,0,PIF,0.09764511099399564,0,0.0
1066,2023-01-01,128541.70923205474,128541.70923205474,78762.15612564693,792881.3586159586,135850.38884561879,170319.09989232474,249015.09631762654,3.882191516757268,0,PIF,0.03537592900548148,0,0.0
1067,2016-01-01,393834.22403958073,393834.22403958073,334974.1917760269,876082.7728828511,135143.11422520925,111297.35631515917,191385.41812756204,1.8500492173402705,0,PIF,0.20738971086910474,0,0.0
1068,2008-04-01,273329.9342731561,273329.9342731561,242310.9955812441,456038.73557858285,214175.62791247971,98875.3081875486,111682.89789761648,2.539039280251815,0,PIF,0.04391371626119197,0,0.0
1069,2000-04-01,463660.5119977516,463660.5119977516,415971.31760807784,348156.16412256035,298510.0324874816,173155.17042010653,155431.87280167162,4.871300860090033,60,PIF,0.03984843829879638,0,0.0
1070,2016-10-01,64666.59946115652,64666.59946115652,67453.52868412693,118935.30377814805,95839.21710079472,97954.38322856907,45291.79076009581,1.0783310457740174,30,PIF,0.01733786130357505,0,0.0
1071,2005-01-01,80140.10590939547,80140.10590939547,51865.34047722688,110218.26330024358,96952.0226417291,88737.92695165513,108011.20663045665,3.8583354523709756,0,PIF,0.03716916043130389,0,0.0
1072,2018-10-01,231473.11231865484,231473.11231865484,231105.83650933113,402163.23642922967,232058.58553639287,29706.115113364234,27687.919388179314,4.915118788300823,0,PIF,0.0513401535273126,0,0.0
1073,2013-01-01,86124.7941818167,86124.7941818167,89021.08883050058,842798.455006792,428981.87433110276,78873.4569828234,131938.483906355,1.4165877836945118,0,PIF,0.04805212530377636,0,0.0
1074,2011-07-01,168228.3183866751,168228.3183866751,129561.48981305699,679181.0055892828,311532.70745429234,85439.17710698553,91597.88178969032,2.0879714197875145,0,PIF,0.024074321777743622,0,0.0
1075,2004-01-01,493713.3843844806,493713.3843844806,376185.9940847418,366400.9234740355,68566.23918976312,44318.24065265306,65219.86530833096,3.188052482724764,0,CHGOFF,0.11225926291204828,1,0.5414009365478114
1076,2017-10-01,144031.82336807632,144031.82336807632,80806.50615868715,873798.06864929,766860.0440213287,121686.40832550186,193176.5330854871,4.375059710986797,90,CHGOFF,0.18068345182770007,1,0.6371559854015386
1077,2004-01-01,139152.98363544082,139152.98363544082,107508.01418818513,431581.4806696992,236049.55216537323,37329.99340456606,20068.180995872328,3.026047479350913,0,PIF,0.08728546256693968,0,0.0
1078,2010-04-01,308138.30095806904,308138.30095806904,341458.73214668216,306970.05005920946,157799.16518103972,52501.05983473929,53403.281667904004,1.2383841879782866,0,PIF,0.16426212445950325,0,0.0
1079,2020-10-01,274099.23085692053,274099.23085692053,333873.6138646021,429609.6606739729,241498.19253021455,116607.47728777672,192542.77996895235,1.508737293324614,15,PIF,0.06942638864959694,0,0.0
1080,2023-01-01,311197.23374128016,311197.23374128016,290736.5982419478,253465.44612674287,199052.40030091887,61106.87729770004,60754.74388497209,2.5037734753302576,0,PIF,0.13006453242744134,0,0.0
1081,2024-07-01,219530.875193846,219530.875193846,146961.28021282464,806223.7915646525,265712.7127646961,131536.97892438713,156688.95227563556,2.290162695042196,30,PIF,0.06525868256863027,0,0.0
1082,2023-10-01,422043.06195272616,422043.06195272616,427977.3025829059,376162.11454250605,270054.50960208883,141197.49525493386,229071.12474008385,1.8787145247168455,0,CHGOFF,0.11433343545023485,1,0.30125834903773274
1083,2013-10-01,112361.24814910829,112361.24814910829,119791.87589936536,619534.5508853436,445207.31237911776,67245.17801526355,48795.18720513466,4.360514944743162,0,PIF,0.09291049595937716,0,0.0
1084,2005-01-01,242776.69062865953,242776.69062865953,169698.843366692,399018.7030382741,331042.764927115,26603.65948437679,43960.268107962904,1.1075267349949427,0,PIF,0.07500830922432271,0,0.0
1085,2020-10-01,360392.83179983916,360392.83179983916,412250.8646982228,819419.7627304492,128605.37416389606,102995.84842749448,98447.53009735208,4.317376991108311,0,PIF,0.032795566139002495,0,0.0
1086,2020-01-01,440706.39812730486,440706.39812730486,205512.96151573604,606752.2164068167,173723.13128003044,27650.699817445256,34017.18110046713,4.686720694583053,30,PIF,0.04413447154185474,0,0.0
1087,2024-10-01,216307.22286054096,216307.22286054096,88616.38525475563,480366.55003066553,253075.10348023544,107894.77948953494,92709.15840971304,3.5204440982042566,0,PIF,0.29574596560825894,0,0.0
1088,2016-04-01,305485.51959218876,305485.51959218876,156003.41917181545,188357.23472869757,156417.9335351599,147981.39000450243,168397.89038428402,3.5014015943510564,0,CHGOFF,0.23578428849878888,1,0.5281414033478409
1089,2003-07-01,81112.97525326768,81112.97525326768,43834.06123227945,819571.6635388075,755721.6949658612,127862.66037945265,59967.60360253384,1.5960708519419273,0,PIF,0.14579158915468104,0,0.0
1090,2012-07-01,126643.58965032302,126643.58965032302,150837.09086247702,528389.8319828522,330716.4966872845,95170.85183028334,46763.52713956817,3.2732709528433275,0,PIF,0.027757807673275302,0,0.0
1091,2011-01-01,81112.17310975151,81112.17310975151,63468.93970304507,313743.43782836234,100306.02985778688,189713.12410053404,186034.94076410757,2.5006975757522496,120,DELQ,0.05482517082911949,0,0.0
1092,2021-01-01,377546.40139933483,377546.40139933483,244438.08440037715,799900.0512896974,238104.4538193964,29331.974285612392,25487.511401343145,1.916199046080783,90,DELQ,0.008667353854917282,0,0.0
1093,2009-10-01,179626.98592496332,179626.98592496332,141216.91720809008,124641.1504634144,82456.99663489054,177200.28631326693,223645.99365146653,3.3333182234221255,0,PIF,0.03414142048006884,0,0.0
1094,2008-01-01,375685.380586327,375685.380586327,283776.5081752847,337543.0722102488,107357.3690515517,162024.4858018286,73409.11977143922,1.004761868249385,60,PIF,0.018482655768199994,0,0.0
1095,2002-01-01,79879.22556947355,79879.22556947355,53624.16234777752,520199.288985761,308202.441084353,89750.33026927107,56967.77798628189,2.105651166168634,0,PIF,0.06062270475544998,0,0.0
1096,2020-10-01,438146.51018374646,438146.51018374646,229636.80278413728,358647.7555555003,293319.90309205925,39044.76266113574,27074.75713102952,3.624168097153751,0,PIF,0.09849824523880345,0,0.0
1097,2018-10-01,425988.5891499912,425988.5891499912,421866.6876831228,470922.0894106634,217498.06008927771,39614.68929775184,40275.7980870361,2.820162442029367,0,PIF,0.14616689401293886,0,0.0
1098,2001-01-01,90017.93437262719,90017.93437262719,47074.33529703873,296739.3269114068,134356.96530767606,185143.0945411315,138036.89026248243,1.5825621620177954,0,CHGOFF,0.10886833894865777,1,0.5992981801140055
1099,2010-10-01,60690.42790573394,60690.42790573394,66630.9288194403,186668.13456497568,33397.21960075156,54403.886212869416,32246.69361736625,1.005272446999831,0,PIF,0.024424107927830754,0,0.0
1100,2011-10-01,75329.96584189603,75329.96584189603,43805.822372781215,110220.39366581841,38937.30085656712,176081.98451768744,217743.53553226654,2.081757256279863,0,PIF,0.037245336206015923,0,0.0
1101,2011-07-01,434133.5779160303,434133.5779160303,459414.9892822298,209270.18322795635,148279.05123036934,105626.0917867549,152251.6424417552,3.1962372238205106,15,PIF,0.09617195849913052,0,0.0
1102,2022-10-01,155616.57007335307,155616.57007335307,175072.92002971165,861416.1415003457,377569.88987487735,97729.58097819965,132851.17782744663,3.138182260454502,0,PIF,0.02109783852199125,0,0.0
1103,2003-10-01,296722.9930361849,296722.9930361849,152157.59506747543,551830.5693361255,152657.93072313073,127707.14084092593,100461.0947825243,1.5242875974876795,0,PIF,0.0903610395957685,0,0.0
1104,2007-07-01,241809.89143102552,241809.89143102552,115602.34290305106,480947.30272792024,112837.06042332732,50857.42574971425,81179.78105174917,3.454788572066748,0,PIF,0.061155509426458546,0,0.0
1105,2004-07-01,407986.48680287093,407986.48680287093,511866.16751753795,395145.54823068104,89319.76761103424,91390.42807134186,114836.73846251299,4.9956975129003,0,PIF,0.0345217593788329,0,0.0
1106,2006-01-01,270004.23566180177,270004.23566180177,220523.83348430245,660904.519706376,447635.0899857142,188312.04337293666,237373.61679318847,3.339467625044413,0,CHGOFF,0.18209526828363748,1,0.36695563525814656
1107,2022-07-01,275297.3782975713,275297.3782975713,266270.9128475508,195832.7702429965,125352.00457845088,55268.816505962466,38576.961432478114,3.1105527028370177,0,PIF,0.02902018868382443,0,0.0
1108,2023-07-01,495091.37277495605,495091.37277495605,208400.98801809453,306426.49147518404,173074.8317235425,185100.87618715284,136807.69521250014,3.4905324943716654,30,PIF,0.07171264012909923,0,0.0
1109,2001-01-01,117558.30053716569,117558.30053716569,76511.54586661521,617839.7381242773,339973.2100844756,198899.84235574395,211758.77771180947,4.5186835610429315,0,PIF,0.020567374470706706,0,0.0
1110,2015-10-01,423816.77243566915,423816.77243566915,362303.11145099235,472832.7789598869,128851.41573804474,19862.365734344385,14558.109910723493,4.783997378782541,0,PIF,0.06844097559816545,0,0.0
1111,2005-10-01,73287.38552174816,73287.38552174816,87768.71507952166,711475.8819464528,391655.6481458105,110962.03329236059,151275.51990201566,1.1641340630106352,0,PIF,0.07404225117987864,0,0.0
1112,2004-10-01,264941.9463078368,264941.9463078368,170700.89735788904,815630.0720444557,161454.15324407024,42645.66694180083,35480.184924988745,1.8199752116606152,15,PIF,0.049461749468665,0,0.0
1113,2007-04-01,448850.6707698606,448850.6707698606,492690.89781214815,755165.524923938,672615.9398553643,128125.70863176868,78500.3942831825,1.4630562560238571,90,DELQ,0.04289794614564175,0,0.0
1114,2004-10-01,349346.2845218546,349346.2845218546,347945.97725330526,231050.32569380026,45383.37705528355,198013.10221082636,121235.38221768397,4.08941514281056,15,PIF,0.006146424355416829,0,0.0
1115,2012-04-01,358346.57871475985,358346.57871475985,180514.8282280149,155005.5931321224,75770.47822493453,180407.3701294591,104296.90860235422,1.1822514358077836,0,PIF,0.09133439124518952,0,0.0
1116,2024-10-01,168492.7770154185,168492.7770154185,111885.54862015898,218941.29244693977,32941.21612861747,185721.20770520717,188627.76513781623,4.610539787964522,15,PIF,0.04648030068667354,0,0.0
1117,2014-07-01,238358.65611265443,238358.65611265443,146370.71930179856,722495.1671121891,562766.1891820452,50536.46452929888,20429.67157638872,1.0822214596125233,0,PIF,0.03291189143196099,0,0.0
1118,2018-01-01,214961.47857457274,214961.47857457274,171598.33751114205,829341.4933840226,234650.68986043855,113040.72378896728,131050.50796150204,3.4101872517964944,30,PIF,0.031062626933405252,0,0.0
1119,2012-04-01,284649.4445710974,284649.4445710974,276622.5632888831,838868.0715171632,746536.2236758986,54617.89311504062,44656.90526991013,2.1023047759210685,0,PIF,0.11719438532548146,0,0.0
1120,2000-04-01,258002.56856465066,258002.56856465066,203842.0965949321,324536.94728376536,60098.465323831006,180890.69443975374,212269.86892982066,2.8822540997642436,0,PIF,0.04813177546408889,0,0.0
1121,2002-01-01,197104.2583446452,197104.2583446452,122220.98369938707,769079.9299711179,620362.8421260596,46319.25868410684,79187.19986048635,2.76754365601953,0,PIF,0.11515543142046485,0,0.0
1122,2006-07-01,187466.27556702655,187466.27556702655,192394.93106014305,519713.13871811924,350967.60976723,39252.193357747965,63457.71210791441,3.9955730828959317,0,PIF,0.05093367327358767,0,0.0
1123,2006-01-01,162883.80124480498,162883.80124480498,150834.3067598099,754689.31564553,263981.70036941924,12310.900025663566,14859.278194073633,2.986568404239673,0,PIF,0.08538501191263152,0,0.0
1124,2021-01-01,214271.2610981413,214271.2610981413,185855.14570224387,529659.1707516009,165219.5975078921,44570.09341645812,43914.84341112141,2.6848833205062035,0,PIF,0.02257408356848622,0,0.0
1125,2021-01-01,117473.66507032729,117473.66507032729,105606.19791704601,199632.4402188769,87068.16095483142,46054.94090236124,63450.24852411246,3.921108410337417,0,PIF,0.028464135502160703,0,0.0
1126,2021-04-01,442446.9359016082,442446.9359016082,265340.1092852032,144960.0318799399,117812.25146561784,24723.135629866214,41841.31274798278,4.703227677219422,60,PIF,0.04594858103321485,0,0.0
1127,2015-10-01,320953.7263250423,320953.7263250423,324929.68663845066,864919.7023516585,726156.5163338409,174870.8096485002,189798.81284369386,4.1756896060942665,0,PIF,0.07003000282960595,0,0.0
1128,2013-10-01,110203.89151723495,110203.89151723495,82515.21689014036,429158.0962738947,124553.82626612962,158199.58365226357,85274.4503061572,3.946868126010216,0,PIF,0.048179177408356054,0,0.0
1129,2016-01-01,362236.7003940506,362236.7003940506,263389.9255042,367426.92881580064,159007.10149611317,58351.48449597879,85923.93104782136,2.950888324542606,0,PIF,0.11116715824871808,0,0.0
1130,2010-01-01,431449.91059908795,431449.91059908795,230722.4939329262,372168.5295100145,126534.7347210623,158818.9636291285,65857.58915735413,4.600863193125325,0,PIF,0.015260745549298774,0,0.0
1131,2016-10-01,156891.05242351652,156891.05242351652,147031.01475834596,390726.21740988706,96944.75337142941,90211.26389139167,132655.1106922849,2.945253829686753,0,CHGOFF,0.05560752197629728,1,0.4601590630075665
1132,2019-10-01,117770.26745176876,117770.26745176876,110986.46091305968,854897.3988733573,570352.929752408,157348.85877615504,81645.68650824006,4.7211431412621465,0,PIF,0.04546106196956959,0,0.0
1133,2019-01-01,53877.765710188425,53877.765710188425,38052.28079951775,131417.7616706042,56075.5408108591,71371.45384868298,39201.71342311657,4.21168904968644,0,PIF,0.036847726372276256,0,0.0
1134,2015-04-01,71262.6524854183,71262.6524854183,83652.73720694547,177630.2556534853,58672.55874309223,117284.30303269665,175268.44480832035,1.6010409424405183,0,PIF,0.11304588101862598,0,0.0
1135,2001-04-01,393013.1067365802,393013.1067365802,456253.6745448504,727514.2426951163,613147.7078962252,82506.00297129202,112647.95295453574,1.1879686909094085,0,PIF,0.048013383085524025,0,0.0
1136,2018-01-01,494233.8494187622,494233.8494187622,246202.03648715984,530515.7828989138,397172.94581131777,45658.40523445913,54181.20318825174,3.9634227474642625,0,PIF,0.15076949334033465,0,0.0
1137,2009-01-01,70196.14511432446,70196.14511432446,71988.57202338782,185400.14152798062,142574.3624109209,121270.24796038015,187825.69689376614,3.7433566464013537,0,PIF,0.025141151574127624,0,0.0
1138,2018-07-01,386631.9315859517,386631.9315859517,291694.95589292847,108257.31215823581,19633.190285454253,152657.85199579172,243018.46414811534,3.4083555183279026,0,PIF,0.0966553942985974,0,0.0
1139,2013-04-01,82337.97462843203,82337.97462843203,107018.23628960767,263872.16558896645,232762.7875863491,153090.35367288828,159293.13970849785,4.904957120069385,0,PIF,0.05318853337577475,0,0.0
1140,2022-01-01,316459.77120665007,316459.77120665007,190673.7422121456,293864.8049224223,179196.02579822578,77694.98948065628,139448.378206674,3.181612191087844,0,PIF,0.15187632074708132,0,0.0
1141,2008-04-01,390233.877092707,390233.877092707,254616.5943046053,91654.68425120643,50688.912228266396,108555.23599710732,97766.13902833947,2.391599468405452,0,PIF,0.012850499771118814,0,0.0
1142,2023-04-01,211641.97877048195,211641.97877048195,168868.2174141865,257194.24143649856,40757.128249041205,155117.9337311664,99292.67602035803,3.259863403290317,0,PIF,0.10048694748106922,0,0.0
1143,2021-01-01,54920.62449979868,54920.62449979868,35250.45320020792,685421.5283009678,595034.8325841604,20354.54295929226,32249.06657936324,1.113647010021825,0,PIF,0.022466021127190355,0,0.0
1144,2008-04-01,317835.20845644164,317835.20845644164,325079.95365291595,781455.625502343,457239.35808007244,23658.78332716346,23228.1554126895,3.3170569382811994,0,PIF,0.05487741667425323,0,0.0
1145,2012-01-01,496060.0826630125,496060.0826630125,413127.41915905767,816553.3804111687,661508.4862873906,81482.3205946947,132351.69355577996,4.6097208201640925,0,PIF,0.09683601824397768,0,0.0
1146,2013-04-01,165927.8402773231,165927.8402773231,99356.0893375294,399729.5067677056,269581.0844285502,52459.60419550369,25476.10878907487,1.0173202740725613,0,PIF,0.08945136733866106,0,0.0
1147,2019-01-01,135271.07473424711,135271.07473424711,115756.41803100033,341919.25524091726,269211.79787560593,81182.74371454187,45094.81863618012,4.381215248712467,0,PIF,0.05026617306217637,0,0.0
1148,2017-01-01,105766.65173908173,105766.65173908173,126910.35623521132,899885.8955304679,633830.4900035149,27813.085173328476,12693.38380882153,4.207715576396453,0,PIF,0.048859432267680546,0,0.0
1149,2021-04-01,299865.02895502525,299865.02895502525,333796.5808098845,710859.1697557028,630369.3834548898,122481.52582830463,152221.9197078048,1.424412519184341,0,CHGOFF,0.046907746974210594,1,0.2262364077718873
1150,2009-01-01,318400.294712123,318400.294712123,270304.66677843727,520628.7063441946,172009.13813965564,137630.69613892733,215338.3433317145,4.38732197248687,0,PIF,0.06215955342260405,0,0.0
1151,2012-07-01,406521.8767266811,406521.8767266811,268159.4496965996,288912.5748053052,90048.29552224063,160449.6964998422,154629.39933129688,4.054181062933639,0,PIF,0.04719801930154935,0,0.0
1152,2010-10-01,388882.9731292294,388882.9731292294,218512.49414899442,343470.47136578587,247310.15962407136,133599.3582343121,70403.3387128744,2.9641858302393818,60,PIF,0.03147189576695131,0,0.0
1153,2022-07-01,451643.6726577892,451643.6726577892,537701.9308502803,502598.7660400975,276990.1413637524,85312.4650511544,78731.15082352012,1.9808557535990925,0,PIF,0.013056713811026147,0,0.0
1154,2007-07-01,412597.7142540356,412597.7142540356,428751.0164513037,524507.9942284155,330088.05807177647,187636.36271539296,166483.09954729927,2.1524016633914087,0,PIF,0.05680827627670449,0,0.0
1155,2014-07-01,161270.18738575,161270.18738575,147553.66975675628,91216.4883044158,65387.07792899313,148003.0830453182,192531.3934235989,3.449099701887961,120,DELQ,0.1342067016909279,0,0.0
1156,2003-01-01,300144.83219409245,300144.83219409245,357619.9206895284,866708.069922609,509574.55932286015,110259.43670708736,144771.99441700557,1.9852159975019865,0,PIF,0.2358000616490539,0,0.0
1157,2021-04-01,183835.381592111,183835.381592111,93668.03501076685,551997.1228282821,430643.18185018655,49301.57758376252,26831.55553815428,2.301422702695873,0,PIF,0.01736424411343131,0,0.0
1158,2009-07-01,198403.4207981761,198403.4207981761,201228.75642009405,563109.7604154893,228112.3203866101,133305.24747988099,131738.57603062745,4.723353724601229,60,PIF,0.04779898193073965,0,0.0
1159,2008-07-01,469374.96615349833,469374.96615349833,279297.38733500574,253406.32967813176,212149.84188467034,122426.89976633165,159096.24610908687,3.917314466025011,0,PIF,0.3153278559794717,0,0.0
1160,2014-07-01,356853.1572801831,356853.1572801831,181466.85938306127,707289.4866170232,167020.10489778672,139832.69979813384,106609.24637492641,3.944296198867924,0,PIF,0.05005767675110963,0,0.0
1161,2012-04-01,488565.6859629976,488565.6859629976,400158.58135877096,684556.906475311,449892.97690057213,158413.70540857723,153647.41738629693,4.823745688486717,0,PIF,0.12760228797505208,0,0.0
1162,2021-01-01,237610.64152343504,237610.64152343504,177888.07091603003,158029.53819190653,136238.21400403685,183859.42760586255,231510.80944196598,1.0231760792125058,0,PIF,0.0909955727116686,0,0.0
1163,2013-04-01,291846.9080092894,291846.9080092894,363949.5102070643,567895.3852531346,199987.37108072496,190320.7523580477,183472.81789274066,1.9779433734906045,0,PIF,0.049356538813961626,0,0.0
1164,2012-10-01,269201.9389623898,269201.9389623898,186175.1055377266,619718.8711705015,254994.3233181553,129735.24540386329,57499.35616879015,3.631895851841581,0,PIF,0.11011013555306806,0,0.0
1165,2002-07-01,98279.1758856771,98279.1758856771,111390.80055657745,765165.9031505794,301745.7929128395,193531.64679313524,137729.19499440558,2.7530861357485654,0,PIF,0.07491631255133174,0,0.0
1166,2000-07-01,156515.8975369715,156515.8975369715,168089.35608518764,248994.76671252275,149748.18402909176,183170.25581010783,272285.0178088325,1.451219792529483,0,PIF,0.046710974399900074,0,0.0
1167,2009-10-01,287436.36227201694,287436.36227201694,287761.5916446525,799660.5333812528,384074.9170095182,10496.727832892,7850.562685160486,4.124934744286645,30,PIF,0.05565486369721892,0,0.0
1168,2024-10-01,80318.4373098528,80318.4373098528,98659.9898426024,458414.47880022845,108354.25131010104,131147.3185867415,202595.85637538202,1.188290136319707,0,PIF,0.02615022936703898,0,0.0
1169,2022-10-01,469157.8681890002,469157.8681890002,359906.0770492318,159149.36783062873,137350.64349304073,43909.18786847208,46265.835957790514,3.1754044487579525,30,PIF,0.08872280930094041,0,0.0
1170,2015-07-01,105729.65687451686,105729.65687451686,79371.68345887573,166609.40163891827,52272.25081671571,66086.6043471147,70189.89465272757,3.2498573261700683,0,PIF,0.07940377431516046,0,0.0
1171,2015-10-01,139091.33588760818,139091.33588760818,75784.28729330206,242199.65201199905,139813.14204818904,66525.03794976187,98372.08383206227,3.5438452784426153,15,PIF,0.03614064515265493,0,0.0
1172,2009-10-01,394394.5507723864,394394.5507723864,255640.97420539946,311855.578907953,195172.91696403245,101794.63153105041,95341.96330839304,2.262505210887252,0,PIF,0.033458738655766554,0,0.0
1173,2004-04-01,93620.54380519118,93620.54380519118,111576.8527411568,487052.7596570357,88936.55227627313,12064.57381873962,8853.86291919847,1.094403764927249,0,PIF,0.062069717538239734,0,0.0
1174,2000-01-01,455125.1448269342,455125.1448269342,376362.9711809104,693975.982150539,157234.04259284717,54801.31752468474,29978.804687484,4.555933144322729,0,PIF,0.011359658251997985,0,0.0
1175,2008-04-01,376565.436825141,376565.436825141,266313.8513242686,233115.23965593448,216179.82972278257,15532.98182236896,20824.662178867096,4.716819179313823,0,PIF,0.2950896188009968,0,0.0
1176,2007-10-01,80879.3856989865,80879.3856989865,48082.863511066986,893974.4714896199,609341.8251901427,133606.1274866552,141344.53503082079,2.9279549076162628,0,PIF,0.04928045939904517,0,0.0
1177,2004-10-01,361331.1775785438,361331.1775785438,302240.6035007971,212447.98405165633,37571.88096602871,178964.6399516383,274383.1513510829,1.082561413926113,0,PIF,0.01478943386377732,0,0.0
1178,2006-04-01,334232.843977093,334232.843977093,349272.93204606796,571489.9335321609,448824.97788764513,199579.8453680671,207711.6447398162,3.323484640893796,0,PIF,0.31528603915894243,0,0.0
1179,2000-07-01,390807.2447329634,390807.2447329634,257160.08639339835,841731.1574144987,468704.73557054164,95225.80943859852,93391.27899765453,2.263719406651685,60,PIF,0.013883931546012208,0,0.0
1180,2015-01-01,422689.0336202011,422689.0336202011,457326.2309944061,762656.0867589982,160279.54210770686,59426.81095588903,48634.48120807162,1.7299423073347873,120,DELQ,0.0326889351881463,0,0.0
1181,2023-01-01,373257.75342791976,373257.75342791976,360868.9543083406,611269.1453637911,424588.5743471935,172089.68337883154,116883.14466724065,1.6758106255248215,0,PIF,0.2877969370510236,0,0.0
1182,2017-04-01,313779.33287193737,313779.33287193737,347920.5030705346,666704.2573685368,366341.61852302053,31500.11833268983,49222.45416704557,1.7170217613326701,0,PIF,0.12977103591590977,0,0.0
1183,2011-01-01,195108.49336179995,195108.49336179995,122102.53703849725,190048.6138983987,59663.07141393301,195105.40640066675,104048.91707181359,2.323364002317247,0,PIF,0.03849059253529442,0,0.0
1184,2010-07-01,363773.1478234681,363773.1478234681,352105.24424665584,87923.70408340354,74925.22348808518,145819.11639645844,242494.10105282333,2.122480862770696,0,PIF,0.16626187898272796,0,0.0
1185,2007-07-01,480637.21308385074,480637.21308385074,258756.69189110576,436002.00317550567,167034.06199945047,105747.5864198087,46282.84348226107,4.345699329812758,90,CHGOFF,0.01945660830789508,1,0.6187597879216893
1186,2003-07-01,314384.8012379934,314384.8012379934,228688.93823112742,153405.5195974085,57932.8747528953,28363.602091604334,32083.581235754256,2.981258829560097,0,PIF,0.08453553658349151,0,0.0
1187,2014-10-01,348955.19079541427,348955.19079541427,367074.3699085744,373357.10076851596,137477.12804664447,13457.227784856566,6481.808160065053,2.7105899698601927,0,PIF,0.005173176574405427,0,0.0
1188,2014-01-01,246707.61898991032,246707.61898991032,238936.71065382808,263469.0907271848,201281.06421945957,113461.11752156843,169221.5803048169,1.5833342284578733,0,PIF,0.09980374117310081,0,0.0
1189,2000-01-01,390254.3643843835,390254.3643843835,222083.8669171989,831404.312352209,594366.7329222573,88631.59641360406,61696.02295404403,4.503563172484656,0,PIF,0.05998691179114589,0,0.0
1190,2010-04-01,498950.32655238616,498950.32655238616,585023.4515019282,801645.9191866071,699449.3304286335,170106.253928787,202816.25881177039,1.2192888231751562,120,DELQ,0.23791104067477922,0,0.0
1191,2006-10-01,122175.19583048124,122175.19583048124,54736.42837638653,751533.1357954269,250614.78865335378,132038.04114175303,222223.26393404443,1.9581254354979212,0,CHGOFF,0.4,1,0.7160904187922773
1192,2004-04-01,141082.37577669305,141082.37577669305,132009.94940261735,665434.3246994698,518434.3435870008,92060.30583418207,120503.48898295048,3.4858891029412704,0,PIF,0.1170728319942406,0,0.0
1193,2017-07-01,292746.99139897525,292746.99139897525,376308.23892708396,206338.98186530214,125544.15993837324,52941.34141922683,34393.23397425881,3.8092497120414746,0,PIF,0.08004331347167119,0,0.0
1194,2013-01-01,266618.9287677462,266618.9287677462,234185.87152211016,119661.28948330428,47498.79352508864,101280.21967428116,153474.86707046998,4.204626299276589,0,PIF,0.16832989439369317,0,0.0
1195,2015-10-01,307206.40302802343,307206.40302802343,344256.9200452807,616188.0434408479,109905.33650030688,40968.91296936975,41709.28061246388,2.641165205880429,0,PIF,0.0742204071001184,0,0.0
1196,2017-10-01,72083.32147592287,72083.32147592287,67445.68787443756,606651.6724835814,488450.4715073428,136732.4058699052,57215.32433713477,2.386960346565671,0,PIF,0.038655336436082974,0,0.0
1197,2024-07-01,231924.40534870204,231924.40534870204,256225.3247361098,382927.9134986744,131289.5528630998,125088.5237684944,135279.6056536039,2.1542064718517095,0,PIF,0.038972869117259695,0,0.0
1198,2020-01-01,312340.21792950237,312340.21792950237,309227.6607709576,467603.0664771896,306464.4447393437,163913.55994397853,252013.5821678274,3.2723786843109055,0,PIF,0.0858933623723568,0,0.0
1199,2015-07-01,313336.1080872332,313336.1080872332,320235.39728360384,481102.49835515127,283414.76299760165,95410.56172603248,95595.72339713377,2.394542460581449,30,PIF,0.12109907695568904,0,0.0
1200,2021-10-01,345800.2827957681,345800.2827957681,209219.5575410382,276741.0688521352,42496.256392628165,62943.22127523051,92010.35495387761,2.3123769627037323,0,PIF,0.035268205744104754,0,0.0
1201,2011-10-01,374097.2130511987,374097.2130511987,399400.7079361298,337616.6217642204,319208.0430350608,168915.11825479355,234409.63080704305,1.0675634137415861,0,CHGOFF,0.2056079887282301,1,0.5277191741151106
1202,2024-07-01,338696.2415033855,338696.2415033855,207999.76258808892,423079.4348240713,339082.7181136655,141289.4454773781,146895.42131886532,4.7932639501664305,0,CHGOFF,0.028672182477865713,1,0.3928743905987808
1203,2019-01-01,405609.41992524575,405609.41992524575,520225.007810425,574606.8045275037,309814.7825311081,144274.74117127652,123008.01226012927,1.2423769772821602,120,DELQ,0.07475192052409586,0,0.0
1204,2016-04-01,331142.28560806625,331142.28560806625,200343.88818564743,863771.7489342619,599693.4865374155,110336.06856720566,156363.42182773395,2.083486073243758,0,PIF,0.3729105064431283,0,0.0
1205,2022-07-01,291878.44814174203,291878.44814174203,178926.0429597494,521557.3798056128,277090.5999842337,176435.93682850586,161701.02803714434,4.685678509362784,60,PIF,0.05957927636230737,0,0.0
1206,2012-10-01,322788.3929995149,322788.3929995149,378568.10220538476,679554.4058254253,506722.66580548324,53278.86641959182,33998.41410256369,3.9413927810493816,0,PIF,0.3069525251970354,0,0.0
1207,2018-01-01,95537.01503899955,95537.01503899955,59107.53556934533,741740.9039643536,190970.7171977919,86321.48481705491,73304.92017847969,3.31255921674976,0,PIF,0.0614206504421733,0,0.0
1208,2007-01-01,172920.443326484,172920.443326484,125334.90127404484,173076.65947301395,87763.850287001,161284.1886163165,262502.09233626706,3.6432556527814914,0,PIF,0.11476923415158495,0,0.0
1209,2024-01-01,287329.901296159,287329.901296159,299735.6987949205,615562.2273942316,257569.54378316863,35262.571374049425,28095.268860342047,1.388240211251182,15,PIF,0.055925947536285416,0,0.0
1210,2015-07-01,442844.2469307682,442844.2469307682,240408.50467521802,475330.7906086281,246090.250829231,163540.8036730808,119212.2100491834,4.234589374620889,0,PIF,0.027629519956657425,0,0.0
1211,2019-07-01,355573.2003295969,355573.2003295969,193134.76778329274,549393.3726432716,280398.35792730446,76993.09193885965,45178.63005669013,2.000427047130412,0,PIF,0.00837958605139011,0,0.0
1212,2011-07-01,90683.6353123539,90683.6353123539,75967.72902288294,111501.88733061656,29489.47947237059,33845.70281576972,16152.827227263377,4.824855911515482,90,DELQ,0.04337579611926343,0,0.0
1213,2021-07-01,316523.72769998194,316523.72769998194,196031.71565030896,823096.9039688559,766460.3110445883,25038.40225169352,44252.10335752286,1.925498415176075,60,PIF,0.4,0,0.0
1214,2001-10-01,149782.09443669452,149782.09443669452,91680.44571489723,861283.0026518691,139866.94580423672,170175.4565632095,195954.92093755942,3.501457664927302,0,PIF,0.06837646478505435,0,0.0
1215,2002-10-01,380307.45190492534,380307.45190492534,155285.2483586921,82855.17742138164,13095.953117208339,157936.95366887076,224507.73418806732,3.181297968048678,0,PIF,0.07465424263307366,0,0.0
1216,2012-07-01,422348.38362893625,422348.38362893625,309752.2609041827,254489.10547403892,114202.76350164678,64727.85562400812,95937.2213877565,1.5724123758746749,0,PIF,0.044418287027118135,0,0.0
1217,2018-04-01,317055.322665488,317055.322665488,217634.8581209027,227759.22244133896,147201.03132478293,32108.81595512086,28681.00053992566,2.4517086712672485,0,PIF,0.18765960660280015,0,0.0
1218,2020-01-01,316113.17438826937,316113.17438826937,135309.15579026102,720669.7041694782,211676.9658828669,56974.54094716643,86514.03286684581,4.125171018955731,0,PIF,0.060487568969323675,0,0.0
1219,2011-01-01,202366.1494448663,202366.1494448663,194091.36934219248,570425.6484716926,328881.8756213532,50467.65078179839,88120.45182414858,1.8503522959964323,0,PIF,0.1571266037133591,0,0.0
1220,2016-01-01,250812.50952258924,250812.50952258924,241780.66673227222,225413.60390332,164150.14786465216,149280.57382151767,214735.11802855172,4.851429259367812,30,PIF,0.04300223924529866,0,0.0
1221,2013-10-01,438848.75921690546,438848.75921690546,203503.13295761976,747456.1833614656,168363.3745744649,50956.986027814324,71157.6793983687,2.1819345545904274,0,PIF,0.03714767789238921,0,0.0
1222,2024-01-01,375494.14893522044,375494.14893522044,257340.18623168772,369849.3948807137,346747.83476147347,51058.71913584877,51320.512568501574,3.506886637920343,30,PIF,0.16217204769146193,0,0.0
1223,2016-04-01,283889.1468631294,283889.1468631294,336557.6748152857,457902.63856034394,192026.28778789137,16130.945174782526,25452.182423320937,3.47546815835946,0,PIF,0.08475887206897581,0,0.0
1224,2010-04-01,215704.57381176692,215704.57381176692,199300.31893335516,397591.4163629293,263973.7958632791,123403.34077880843,64709.296738261546,2.883112968660661,0,PIF,0.09016089321050383,0,0.0
1225,2024-01-01,72670.88222984946,72670.88222984946,56013.062877254706,507531.76928180817,121084.84180832215,140906.11416866037,204251.47191403294,3.621441856663037,0,PIF,0.024908610784308623,0,0.0
1226,2002-07-01,114353.3305968733,114353.3305968733,93608.6913669576,473716.82443955477,339934.03490445664,134163.18910013593,121657.96690661061,3.9743077753070857,0,PIF,0.03702426941486313,0,0.0
1227,2024-07-01,136861.3352927168,136861.3352927168,80399.46445500625,305158.882183203,250952.00784217348,118033.83966965492,140739.24007613855,3.4760118853635538,0,CHGOFF,0.18227630929544267,1,0.5222021982904469
1228,2003-10-01,218022.59446640362,218022.59446640362,246516.69785181925,428135.95074494905,100281.47622057298,193554.2402797587,319393.38982357923,3.2399784773359164,0,PIF,0.05222961275730337,0,0.0
1229,2007-01-01,474864.6411843236,474864.6411843236,580571.5213190108,824836.4628805261,206778.68467815177,99820.31731364675,124478.66916332478,3.4265096322910544,0,PIF,0.06267721440955683,0,0.0
1230,2020-07-01,277319.0276864369,277319.0276864369,338217.6311457789,492373.191912981,184560.14878753078,173425.9365430346,75581.47582305451,2.6078236816078397,0,PIF,0.006478376921889839,0,0.0
1231,2018-04-01,155678.073466654,155678.073466654,93646.73660008748,831436.856546348,132654.62993473726,132741.88297169437,187384.65216356632,1.2834926685262005,0,PIF,0.0688211809659278,0,0.0
1232,2024-04-01,97587.56185768133,97587.56185768133,66326.97133604923,531104.1792107311,498622.3975525324,25990.76873068884,44200.793012509195,1.6387935167311278,0,PIF,0.0816445347484786,0,0.0
1233,2018-07-01,202237.4860713338,202237.4860713338,110130.54599348795,710430.1804766102,446652.6121618438,163916.80758545696,212897.890944033,3.4268161721587784,0,PIF,0.1890021368148036,0,0.0
1234,2015-10-01,417078.78599797556,417078.78599797556,282145.88268450054,320744.8739209646,204016.69230755715,121033.82292106547,194378.88033067575,4.708695569669769,0,PIF,0.03134076353280915,0,0.0
1235,2008-07-01,222504.25703472857,222504.25703472857,155647.2536690664,728139.0618364145,667827.110912866,134169.87527183257,208689.71008797325,1.102962194284729,0,PIF,0.04082220393853979,0,0.0
1236,2000-01-01,397627.61271008605,397627.61271008605,385617.33562389784,296743.7226476882,242031.12501997472,44243.21276853186,71046.15793214834,3.176140788248783,0,PIF,0.1362377393396133,0,0.0
1237,2003-01-01,411217.2392570955,411217.2392570955,234674.17101262405,96030.97674723787,76958.68168842517,93123.1178870479,82110.43046566987,2.008245732036759,0,PIF,0.09105284242135667,0,0.0
1238,2007-04-01,99869.34636441685,99869.34636441685,122585.35144322233,211797.7334057083,89294.32595568078,177310.670131114,188628.22189316768,3.2469596219380525,0,CHGOFF,0.17467977082856861,1,0.11288784577623937
1239,2001-01-01,323896.88868205267,323896.88868205267,159612.99329968131,97755.3575262702,40851.056229417736,50931.92668639991,80841.543102659,3.9986294309348067,0,PIF,0.0537454696041826,0,0.0
1240,2012-07-01,481593.22851699986,481593.22851699986,195618.45459261996,856591.3663509715,328408.8790425337,10023.732242066795,16785.32106496764,3.9418125286783714,0,PIF,0.07836738403327363,0,0.0
1241,2019-04-01,230962.13370659927,230962.13370659927,270098.80948215356,899981.1567425092,384612.8956883186,58926.65530232026,35684.691896265096,3.8995431912725356,0,PIF,0.07388869115928787,0,0.0
1242,2024-01-01,72924.84005136002,72924.84005136002,75360.00661842801,705028.8161680069,314165.7820933946,102633.06534351828,67136.9405446153,4.115693863757748,0,PIF,0.0963579940881712,0,0.0
1243,2012-01-01,465486.21061604534,465486.21061604534,335068.09175773873,168665.09427630185,44190.752462198725,166042.82822736504,147041.12607946806,1.2904427472838305,0,PIF,0.04245536417781027,0,0.0
1244,2021-10-01,447649.8267076173,447649.8267076173,418977.73682263825,817135.2774727726,355256.3360648483,132225.2711089367,195484.0832754717,3.0383113356718088,15,PIF,0.017728348196812124,0,0.0
1245,2024-07-01,284963.6512440508,284963.6512440508,171317.20936791494,689896.4702782056,350051.8327198034,184622.05910186341,300005.9757403428,2.047113941488593,0,PIF,0.05030367277097755,0,0.0
1246,2021-04-01,298513.9041548043,298513.9041548043,164645.54795466995,352440.50262971205,140087.3006384857,96557.24200929976,117059.83966351028,4.685082244009652,0,CHGOFF,0.1030911532089356,1,0.626571564327952
1247,2011-07-01,145283.4962492562,145283.4962492562,119718.57274669273,491867.88768332434,138843.27432249457,84254.89236183709,47062.71404082455,4.1315168880778845,0,PIF,0.03473987762878926,0,0.0
1248,2008-01-01,418752.8399950868,418752.8399950868,300609.70207065286,622642.6598348145,279397.3938006917,53969.46115318552,44538.16407786076,1.430179389433559,0,PIF,0.013372468198069797,0,0.0
1249,2024-04-01,274370.01727645687,274370.01727645687,261668.61854550996,99721.39005208241,53323.64181340802,51431.872062429786,82282.36549817499,1.9729845161207198,0,PIF,0.06419029453381463,0,0.0
1250,2006-01-01,65245.00781415043,65245.00781415043,38907.83385186171,491263.547921914,356943.5996459915,149860.88043153146,132863.2052312813,2.8208810219925784,0,PIF,0.18560380455995418,0,0.0
1251,2010-04-01,357356.730402049,357356.730402049,356154.2001695818,680564.2552690879,489319.03625617287,25268.233378608733,13744.153727395387,4.851634487225702,120,DELQ,0.02888778416062828,0,0.0
1252,2001-10-01,477723.32141121774,477723.32141121774,520802.1978518514,234344.8049549929,73152.14276290321,56115.58111827164,46177.27896612512,1.4386927364842075,0,CHGOFF,0.025814640874912358,1,0.4194462899904223
1253,2019-10-01,423117.7206555876,423117.7206555876,232703.12277757697,443908.2702530531,79603.54698961737,178320.09931262463,272720.7793265676,3.2718894741685185,0,PIF,0.201848361613646,0,0.0
1254,2016-01-01,174739.16309474292,174739.16309474292,76793.04900319398,516674.7059316453,203073.62876322036,119614.95543893405,130484.52746852858,2.3651500526982336,0,PIF,0.029331543961680844,0,0.0
1255,2002-01-01,73996.28822000329,73996.28822000329,58873.56599660668,683163.6050065705,188354.38435486742,18851.64572298313,12068.859141720206,3.585361366930229,0,PIF,0.06490191869817548,0,0.0
1256,2005-07-01,473158.13564218127,473158.13564218127,518875.46838016494,870852.0428503482,406366.370956848,143808.45918265925,120466.23538093962,3.594826908090818,0,CHGOFF,0.10780389524277699,1,0.35378861248215526
1257,2013-10-01,471678.22619586566,471678.22619586566,464934.10111723014,775585.9493635191,723991.5640672883,106269.64987309212,184379.30815226582,1.9623659467360741,0,PIF,0.10426092111180295,0,0.0
1258,2013-07-01,289586.8938707912,289586.8938707912,298764.9300999102,589645.1045885591,173861.0436366061,172359.12822462295,173176.19380013726,4.143237601224264,0,PIF,0.031469154586112,0,0.0
1259,2020-01-01,339042.8352521908,339042.8352521908,258538.94688510193,558585.3533645436,226282.45449721318,139662.43578283995,142209.73290568433,1.3650498853392317,0,PIF,0.0605700250491959,0,0.0
1260,2006-07-01,258170.02731986373,258170.02731986373,157858.31898094428,574613.08831959,419520.1045960485,10844.85171577984,6661.9646772200285,4.272555484349332,0,PIF,0.06576784727237386,0,0.0
1261,2023-01-01,238894.4151944414,238894.4151944414,209892.8622791045,527046.4869810145,293747.37059802614,49090.42656323492,40567.15164055244,1.8478674343179762,15,PIF,0.026989568650137893,0,0.0
1262,2011-01-01,103751.79616791516,103751.79616791516,60583.6954885892,128677.56181231732,23823.687399819264,59013.10310733955,90913.26071157081,3.3583171939666108,0,CHGOFF,0.028402796073614445,1,0.6442220146085741
1263,2020-07-01,93538.80426249321,93538.80426249321,98553.02924837971,652603.0435623281,182305.97490693053,143424.1349407135,215233.52488937526,2.3892389076110803,0,PIF,0.04456978498742176,0,0.0
1264,2005-10-01,154729.46600428436,154729.46600428436,89320.6494979434,667396.1761062745,599455.0076645225,106769.6937573179,107805.18025568778,3.4391193064875787,0,PIF,0.10989997359054318,0,0.0
1265,2000-10-01,426488.3358829449,426488.3358829449,282393.6816855248,500233.8970589625,116320.3856451674,152015.024447321,250994.00844983498,2.0696713930975097,0,PIF,0.04625030946194045,0,0.0
1266,2001-04-01,115624.53533105599,115624.53533105599,98961.91828859563,793717.8364300852,522325.25386166485,107444.76776885788,100177.47055773642,3.2758546878020427,0,PIF,0.012951053481869902,0,0.0
1267,2009-04-01,152014.39336161982,152014.39336161982,127393.98118835552,631398.1782604763,494928.1037528325,72203.07603235418,116251.38652939585,1.0327930408542567,0,PIF,0.1539503622203301,0,0.0
1268,2023-10-01,296876.3266949934,296876.3266949934,279290.69086622406,377385.0194427539,136745.9335942625,29695.52287465098,13190.506891074978,2.497817830468808,0,PIF,0.007575696459898393,0,0.0
1269,2001-01-01,146809.04813522348,146809.04813522348,116522.36212424672,96149.3699508801,70195.04002625386,48498.19874705989,42975.34057600768,4.305557516248756,0,PIF,0.015769427257051813,0,0.0
1270,2009-01-01,123443.0081230042,123443.0081230042,151529.49923136874,128512.55012809766,36743.81268852518,86148.21526567952,137586.95874216143,2.852026346022031,15,PIF,0.039214996292228216,0,0.0
1271,2002-07-01,303492.308764083,303492.308764083,350819.10721744935,368474.5745462648,139209.77527899,114776.31855453794,190739.1181034549,2.997044395959863,15,PIF,0.08298832696125114,0,0.0
1272,2023-04-01,215641.97194847697,215641.97194847697,256873.17115138075,458926.3666629199,183321.63634275168,188341.1066062183,274788.48002427956,3.486307351655972,0,PIF,0.13765784886021523,0,0.0
1273,2016-10-01,331771.67862821114,331771.67862821114,320678.8641081996,216834.31799690853,205374.1889853358,55546.833642635225,74311.2285886449,2.7368383953359294,0,PIF,0.0804099776461768,0,0.0
1274,2019-01-01,460492.4031839043,460492.4031839043,447371.6503675525,235249.21126655833,75669.75225772739,136556.13849486993,210529.5373016401,4.4683069108952544,15,PIF,0.12613022745637276,0,0.0
1275,2017-10-01,117946.90914578045,117946.90914578045,111846.55527828883,268773.3141990558,68098.0119209191,38983.723183727314,54210.04283793449,2.6132986793927544,0,PIF,0.19871729444862357,0,0.0
1276,2016-04-01,461045.14691587875,461045.14691587875,364869.16474631673,720020.9384525436,641216.9147941609,145613.09316524348,110070.29660403058,4.770209736973003,0,PIF,0.07427973507411083,0,0.0
1277,2019-04-01,456120.4853403134,456120.4853403134,314675.42512016994,712456.0295804525,199163.203786233,12154.766657356015,12795.70769193532,4.507752093297033,0,PIF,0.045131637689505066,0,0.0
1278,2000-01-01,423089.4125011563,423089.4125011563,394658.9034652201,394009.9680392986,336257.537630518,134624.79048662697,178376.09687409896,2.6843511306359407,0,CHGOFF,0.3030453775018568,1,0.25945491105415297
1279,2021-07-01,334078.6627877383,334078.6627877383,141308.14292385033,221338.79289920456,148377.84677216527,41011.35477575963,50153.76428479168,2.4632034983945488,0,CHGOFF,0.11500480773213105,1,0.7103303075343307
1280,2018-04-01,329065.99585949635,329065.99585949635,133834.69057262715,170944.87575204478,104530.94505384933,44261.64481235643,72550.88419998907,3.7065120756006733,0,PIF,0.19856931107820355,0,0.0
1281,2018-04-01,337645.6969714257,337645.6969714257,393856.1569975555,151446.03587868204,113746.72095454279,116192.45032976968,123557.01791111432,4.021226994696249,0,PIF,0.13274846557838682,0,0.0
1282,2009-10-01,360722.9980480159,360722.9980480159,159360.79777153567,400848.9857374851,292940.104356037,81328.19372265536,52796.826233144486,1.7434463092983523,0,PIF,0.13445688578084936,0,0.0
1283,2020-01-01,57416.99026827066,57416.99026827066,50085.73834288482,117344.7953233179,27977.457758624314,99547.97860465889,69724.88273891386,1.9641808127459295,0,PIF,0.02823491009045621,0,0.0
1284,2009-07-01,481141.6606222924,481141.6606222924,458763.2744240998,353580.73044359474,335750.6754635117,68688.887685689,108836.11260039247,1.5850100665939717,0,PIF,0.027793295350913745,0,0.0
1285,2001-01-01,313521.6926595109,313521.6926595109,181326.5584766827,868457.2588837326,784661.3648344891,191158.7394103818,78797.41702619677,4.042767512753274,0,PIF,0.04483415266174255,0,0.0
1286,2022-07-01,401659.6277310897,401659.6277310897,484464.87463278865,496153.7848002317,430301.0643563615,65224.65901555887,105454.08770806136,3.8576074599163395,0,PIF,0.0706558850524041,0,0.0
1287,2005-10-01,219776.8275776134,219776.8275776134,125511.51211674373,754568.6186048549,488833.17452811496,112989.01069974499,53988.78419861976,1.7562152572735048,0,PIF,0.031304026987725914,0,0.0
1288,2002-07-01,55578.74626210818,55578.74626210818,66475.70914793908,185998.07563422725,105690.25661398697,172327.55555276058,163421.98720544478,3.147499144617372,0,CHGOFF,0.037864764231137577,1,0.43143895628365264
1289,2015-07-01,279380.59694439976,279380.59694439976,303600.4479958885,299824.60157595796,173605.30043322578,136194.35432955602,207049.02023736679,4.056957436813599,0,PIF,0.1395343234395249,0,0.0
1290,2005-10-01,278235.55369216803,278235.55369216803,171579.14555103003,856168.0845260873,138656.0406217601,71327.61992652692,69234.97651448534,4.788114650973491,15,PIF,0.03399361076366582,0,0.0
1291,2021-04-01,246645.1797401533,246645.1797401533,132120.36168341333,394512.5554858993,216814.47500269773,114962.96983969568,178340.61369231113,1.7140906165241256,0,PIF,0.04264813201440683,0,0.0
1292,2011-01-01,202872.67437293453,202872.67437293453,138888.5478248882,611693.0253276243,396998.3489585041,25768.31398421821,13925.67019812342,2.217319119558757,60,PIF,0.030682993096789544,0,0.0
1293,2000-01-01,162421.73951437493,162421.73951437493,123140.93669866369,880423.9589133234,596016.1763093395,113680.41651446151,126885.43331802638,2.3933591345562952,0,PIF,0.1201287163095339,0,0.0
1294,2023-10-01,287395.19352373225,287395.19352373225,178531.67861031133,531645.960191203,221011.3778803587,91963.92678717297,111778.80784023707,3.499909436532837,0,PIF,0.23072376490171495,0,0.0
1295,2012-10-01,218875.16286207235,218875.16286207235,284319.3605184838,330383.67836756347,174120.74890688926,154007.40434395437,253683.46611844786,1.5456754008359486,0,PIF,0.06145553495115896,0,0.0
1296,2006-07-01,486469.3473724139,486469.3473724139,295134.6788686828,516197.7338806911,340199.33464487863,171101.54019548226,90866.8896260572,1.7737162770055712,0,PIF,0.01611730882455704,0,0.0
1297,2016-10-01,127817.28849511915,127817.28849511915,146679.45758115273,124802.50345130463,61483.25545716061,47927.139113013414,41890.28265145323,4.121747349567945,0,PIF,0.21455843323833015,0,0.0
1298,2013-04-01,193849.50543218915,193849.50543218915,105300.20909395075,172143.29675600678,158321.5945758175,25491.822037544982,33727.90682928433,3.168214663424282,0,PIF,0.19527553121676067,0,0.0
1299,2000-07-01,182282.21191605696,182282.21191605696,233725.92742913627,85880.30614286133,61348.91340955384,84205.82643651876,149204.48192485416,1.6415449261138328,0,PIF,0.12335495747403108,0,0.0
1300,2018-10-01,294489.12930618064,294489.12930618064,177568.43790358622,805052.2340833035,121578.18092444322,111488.57755810393,176997.48788321478,2.5537309920329014,0,PIF,0.04039348233724849,0,0.0
1301,2010-01-01,274676.11563836655,274676.11563836655,214115.44306874892,630449.9516976684,106308.73113547679,81592.37017985429,129331.50187297516,1.5379767813269312,0,PIF,0.047235032393416435,0,0.0
1302,2017-04-01,339683.2094409229,339683.2094409229,306634.63516665593,324630.4074088534,227968.51014041022,129426.6224896352,145482.7121875895,2.4507600049473677,0,PIF,0.4,0,0.0
1303,2022-04-01,477500.7967583935,477500.7967583935,242693.1910464764,261352.36374998977,125479.47186918824,106073.74314662427,126229.745446346,2.6007971808465427,0,PIF,0.08189795130226503,0,0.0
1304,2015-04-01,178349.48847224034,178349.48847224034,202451.29247677882,640122.8129493796,525910.0262616402,187958.94658636706,301112.5126953394,1.448441646501585,0,PIF,0.24052687833548597,0,0.0
1305,2016-10-01,361747.2061647484,361747.2061647484,234128.93408494868,834016.2931239316,240540.5803470308,87784.31343072267,141989.00441616413,1.2393337047441682,0,PIF,0.07678603254838985,0,0.0
1306,2006-04-01,61268.09135233263,61268.09135233263,54794.68319850879,325294.0546627308,52392.3585478441,25673.89286023066,39106.072877879,4.526407561030123,15,PIF,0.01255838754898216,0,0.0
1307,2005-10-01,168074.81273013103,168074.81273013103,150371.56491422662,343678.46969716105,158252.20901742094,67367.65401688064,104150.37864346006,4.550592358560875,90,DELQ,0.04037776370570264,0,0.0
1308,2010-04-01,258673.87759846676,258673.87759846676,243768.20594140896,780477.3946588938,576656.7247442821,125119.83384901646,204130.73206916035,1.0103155008505995,0,CHGOFF,0.04811608170782022,1,0.5088055573125868
1309,2021-04-01,63947.654816510505,63947.654816510505,28772.44076867359,812568.1690246769,753561.2454345898,58644.76873534636,32799.708543344816,3.564816385696546,90,DELQ,0.053560755276570685,0,0.0
1310,2013-01-01,327951.2572491375,327951.2572491375,180949.364344265,829509.9848004184,710826.2705435226,61107.80584307042,49478.692653552665,1.3747160301559194,0,PIF,0.1292245148310369,0,0.0
1311,2008-07-01,355239.7737807687,355239.7737807687,193631.615832487,320386.4505654897,172130.72496674885,74518.77196424667,131641.80337276403,4.240566582125272,0,PIF,0.09812522238952964,0,0.0
1312,2019-04-01,386029.271677121,386029.271677121,259352.27358416098,178656.3054290061,142970.39205811493,151766.93818272048,176457.3889828339,4.518249568615007,0,PIF,0.0690527685718605,0,0.0
1313,2021-04-01,282458.5271793555,282458.5271793555,149822.4262540225,440798.0090388045,90920.92199808611,188625.3145158527,122049.89734780487,3.4664606214809037,0,PIF,0.009820051882938182,0,0.0
1314,2022-07-01,321775.09924038197,321775.09924038197,395696.23173172673,322527.1894157685,196037.79188989822,76571.5604310782,84556.28091725594,3.4526218288117683,0,PIF,0.0739446828507303,0,0.0
1315,2007-04-01,228229.36307531927,228229.36307531927,196655.8860042878,804770.6667857054,715794.2001383553,47142.72755449346,61478.72943127401,2.485926036214897,0,PIF,0.08452845670770234,0,0.0
1316,2017-07-01,68563.86462795314,68563.86462795314,65904.79566237972,110040.6522789068,51400.88198867737,89921.02091174958,140232.80123682017,1.9978758774514467,0,PIF,0.021567050204047613,0,0.0
1317,2014-10-01,94978.33509853086,94978.33509853086,68549.60258446494,599781.9851017434,550648.1470106833,76849.54166612896,118121.38947197258,2.9970833166129855,0,PIF,0.32325671370199466,0,0.0
1318,2011-01-01,344748.16589065886,344748.16589065886,223611.0817664955,823068.7199134534,268771.5080420591,198104.73368340344,92898.85556526948,1.534868893906216,0,PIF,0.009120180083565731,0,0.0
1319,2009-10-01,497999.88481359935,497999.88481359935,424723.90946026717,880869.7007809741,206570.15287397392,98134.96911841858,101563.3124747233,3.688899579443655,0,PIF,0.024122697284220267,0,0.0
1320,2002-10-01,57111.45762348328,57111.45762348328,37972.87574380074,613107.0914243954,349354.4713649575,139063.83703425416,59630.111442255584,2.880347581518874,0,PIF,0.0228725817388014,0,0.0
1321,2006-10-01,300912.5735718722,300912.5735718722,213431.67134669752,858936.8247583515,752254.7217069522,183619.73266252212,301764.0790512593,1.710406024123723,120,DELQ,0.22569295967260564,0,0.0
1322,2013-07-01,387953.93879715103,387953.93879715103,313263.41198936984,142040.75935255518,56677.58318382215,129521.69969913785,83343.13456450564,3.3532570111571314,0,PIF,0.036570049667050485,0,0.0
1323,2022-01-01,422048.67260624544,422048.67260624544,360919.27727407566,374608.2437169166,295988.55811114435,57381.91023477224,73151.86922643502,4.181311346342916,0,PIF,0.08310389653334604,0,0.0
1324,2021-07-01,295342.2055501881,295342.2055501881,379775.4062943171,87146.05180792163,24867.80672971757,125407.91811332325,150347.25401661574,3.3551978466685237,0,PIF,0.02311087453651169,0,0.0
1325,2004-07-01,328962.1910828473,328962.1910828473,197703.09556117878,884570.6931964711,660293.3815933255,86356.50385237206,110168.55058646106,3.118645646626177,90,DELQ,0.06880120360411521,0,0.0
1326,2016-10-01,363526.22537354904,363526.22537354904,305063.41011226404,820235.7125886934,488550.0690483198,90246.47519337334,107283.50006359372,4.3908699125232395,0,PIF,0.13487857183009763,0,0.0
1327,2002-01-01,436534.81236204377,436534.81236204377,233354.29617432875,103003.09612352512,29872.296690364885,196071.67046037695,274858.00245147425,1.0430215400033198,0,PIF,0.03834781099425685,0,0.0
1328,2016-10-01,105030.29174126839,105030.29174126839,75096.58606499196,94868.7733770081,68729.56123200367,62932.292583022,80336.46683249103,3.4669905113385178,0,PIF,0.12048361467207575,0,0.0
1329,2008-07-01,466781.98832368857,466781.98832368857,488057.74650077795,380914.98516722023,274641.5672712973,99097.67783087905,52167.03379991186,2.63876873277827,0,PIF,0.0564848106277577,0,0.0
1330,2011-01-01,61707.8315982065,61707.8315982065,34372.24516797827,292001.1327685395,164206.30653823793,40374.73868284805,36881.31972397584,1.7742645946306772,0,PIF,0.04842561884843704,0,0.0
1331,2017-10-01,426289.88793099887,426289.88793099887,393557.72054204234,774484.4673388518,255869.61669429665,43923.39775024287,51180.89635201859,4.918311400344399,0,PIF,0.03216389329113811,0,0.0
1332,2010-07-01,84533.19195186376,84533.19195186376,65515.83763137672,211597.2106829271,54133.99647398225,124662.04057630844,106620.50081420483,2.6152553165887573,0,CHGOFF,0.10176617542999171,1,0.4614338142991261
1333,2020-01-01,137582.69522221503,137582.69522221503,61419.88555263719,728332.559414703,667009.8994780965,152692.9845490158,223613.26268394612,2.3410512497688902,0,PIF,0.10326445798122202,0,0.0
1334,2013-04-01,51752.365871509675,51752.365871509675,64160.912502979605,534656.9539923439,360706.33037535346,130927.37598720059,110641.06952514786,1.6760337589625869,90,DELQ,0.12227111687865455,0,0.0
1335,2024-10-01,250365.5174912183,250365.5174912183,193342.97482636664,389461.25255209,310553.74933049484,72563.95960156445,113211.23076583994,4.991063804981936,0,PIF,0.025666474995316865,0,0.0
1336,2015-10-01,200461.6520228265,200461.6520228265,221617.14838821976,199490.2046213706,141154.56545744368,21327.45278735376,12912.22022410497,4.424205424118707,60,PIF,0.07143539893393223,0,0.0
1337,2007-04-01,124696.8101691623,124696.8101691623,96600.39173539082,898106.8708869303,730680.8289762074,99350.1338082515,146755.00951868927,1.2798896746998047,0,PIF,0.04997741515031491,0,0.0
1338,2019-04-01,252990.57236175783,252990.57236175783,314625.22078357945,586748.61915566,164285.30416387066,105811.23408785315,69502.28021787516,3.2630155045087332,0,PIF,0.009697624938893009,0,0.0
1339,2010-01-01,231066.89742748273,231066.89742748273,152833.0300450809,440293.4307057553,241087.1500105142,156423.80551236554,178201.34554799515,1.5896048435018635,0,CHGOFF,0.3745041364819053,1,0.5131361376313521
1340,2013-04-01,395447.4647144337,395447.4647144337,304892.99465269875,384324.59637323994,262762.65597909334,131655.0168354714,111740.10514043039,3.863125660051788,0,PIF,0.1357330546740476,0,0.0
1341,2003-04-01,451908.6377315146,451908.6377315146,489407.0296274673,822697.1491173013,191451.43308065037,175539.1392441875,226843.64932059994,2.936333717041748,0,PIF,0.12663334057880843,0,0.0
1342,2002-10-01,343655.26329518686,343655.26329518686,243754.87886498836,753377.282716424,203385.91961504816,158766.74695206742,110793.24272294698,1.4415558567971036,0,PIF,0.08813426041626793,0,0.0
1343,2014-04-01,105984.67492693575,105984.67492693575,77148.5091572847,745172.3464619435,489716.8898684979,79516.7789240799,120354.49945903725,3.2281555650571594,0,CHGOFF,0.18530938438258415,1,0.5988863983970598
1344,2004-07-01,182925.8576194328,182925.8576194328,236951.33700660738,585282.747829162,494543.22830942867,130122.07046969267,156539.11657933486,4.64270260441125,0,PIF,0.1412174229128172,0,0.0
1345,2024-10-01,460993.2335745259,460993.2335745259,414918.37656688504,808124.3978105575,548177.401200806,151984.44059647407,264480.650990506,2.36477872933261,0,CHGOFF,0.4,1,0.4461472733859071
1346,2021-04-01,89930.52185355012,89930.52185355012,91768.91830019424,325408.2651400977,58236.3162001846,191807.27014282154,267854.72131832415,1.203222459047916,0,PIF,0.11601490171771406,0,0.0
1347,2017-07-01,233085.12772587192,233085.12772587192,228217.3804213709,657039.0308338972,608645.6972925545,90246.9108982267,112840.56394623301,4.780828445058577,0,PIF,0.16178233310824675,0,0.0
1348,2018-04-01,474127.07865506655,474127.07865506655,542937.9629774264,411647.1487613519,107689.16670667336,133173.57853911584,207860.27339261113,1.5671967520378023,0,PIF,0.0946607322622878,0,0.0
1349,2014-10-01,477799.17866126855,477799.17866126855,561721.0636611453,571999.0230189476,192220.14975934487,84606.12870351049,59863.539724162954,2.9002080035249347,0,CHGOFF,0.050037613720653414,1,0.41026848883589284
1350,2001-07-01,235041.4296720016,235041.4296720016,213166.24585141015,898485.4605024081,835567.960880919,150187.35398525954,193116.8239260001,3.178708511393137,0,PIF,0.16788841360322596,0,0.0
1351,2009-10-01,350328.5996444588,350328.5996444588,233003.7153915557,887310.3201537611,680412.97611076,183278.7025490059,173485.27645303664,1.948349852725027,90,DELQ,0.08839507076139584,0,0.0
1352,2012-04-01,255535.51925929953,255535.51925929953,107457.85349669919,500347.59350330755,449943.2495524579,184652.94298671925,266141.64776759635,1.709672128152556,0,PIF,0.23780511025535614,0,0.0
1353,2022-10-01,389057.2427463538,389057.2427463538,370757.12841267366,550568.0307751561,437864.417299296,39846.6283036269,17303.684172181558,1.4525555224594386,30,PIF,0.14571915775492186,0,0.0
1354,2005-04-01,64211.598811849326,64211.598811849326,73388.84572274331,815803.8506925869,547720.5730732657,48778.35354796698,48719.670024771585,1.2798211294158937,0,PIF,0.04383943021158044,0,0.0
1355,2012-04-01,114870.71701461129,114870.71701461129,92526.73425831758,888221.2842613611,335430.0167116208,153436.59565006176,201367.52793430412,3.0325061907213793,0,PIF,0.1694564736180801,0,0.0
1356,2008-07-01,326389.4615946197,326389.4615946197,178938.29830237475,718458.3981533854,295649.33331461594,129891.87832905637,135723.38343143382,4.368083107337266,0,PIF,0.04111985799660131,0,0.0
1357,2003-04-01,154648.51809937862,154648.51809937862,101955.72634319605,133451.25552607718,121149.29954595598,181970.38450244142,133413.4496827437,1.5070350854664052,0,PIF,0.19630267465917775,0,0.0
1358,2002-07-01,349723.53467111685,349723.53467111685,300409.03183327225,344564.58216196846,288917.57198714034,69622.10628895173,73109.40465344992,3.8024761137819936,0,PIF,0.07085162351454773,0,0.0
1359,2009-01-01,208050.31735758425,208050.31735758425,239884.7407649243,815181.1187346524,356717.0285587079,171123.95411778995,272025.88211551396,2.6504830816943996,0,PIF,0.15184284792459224,0,0.0
1360,2002-01-01,448990.50115751964,448990.50115751964,249000.17847878463,710049.0547973941,318537.899874205,139917.41282693337,96483.4973716013,1.1408969558823445,30,PIF,0.042574555114041,0,0.0
1361,2001-07-01,418666.7235019939,418666.7235019939,398124.7938807072,688631.1182400302,267295.9644315777,47136.698929753904,43084.87679725712,3.143889240018886,0,PIF,0.01853826720498468,0,0.0
1362,2008-10-01,271777.010030952,271777.010030952,292984.2464279584,627697.0489838757,257923.29983590572,34033.93010917146,60800.58593637987,2.0080330645327056,0,CHGOFF,0.23667495470774963,1,0.41584785971654914
1363,2005-01-01,397802.789192686,397802.789192686,494247.19864255545,420516.3566985545,352617.25130697206,143517.48438163544,240814.30704398738,3.4210163721620095,0,PIF,0.1039741010654297,0,0.0
1364,2013-10-01,172012.04880579066,172012.04880579066,86871.8165203082,410657.8826826554,65050.46118706776,40107.68741761092,17950.423274398887,2.3972920433554847,0,PIF,0.014683125632578637,0,0.0
1365,2000-04-01,272416.89956533816,272416.89956533816,336095.0229122735,743324.6398244569,370801.6219982667,160922.51755119817,183848.30453063454,3.665809273051836,0,PIF,0.03141194622962729,0,0.0
1366,2007-07-01,138866.92333847517,138866.92333847517,130718.32082328053,320899.83924735815,290180.65690761287,115848.05762419027,56948.383994780954,4.674013451724116,0,PIF,0.03138916541962074,0,0.0
1367,2011-04-01,437398.77583444724,437398.77583444724,476778.41252966726,641562.1356147983,374742.2714568702,100604.74186793006,170370.7996443031,1.9781782483258366,0,PIF,0.07621286458342966,0,0.0
1368,2024-01-01,420380.4274557867,420380.4274557867,188497.4228375808,675490.9892076444,344741.30627612607,62350.51682506973,63482.98164037663,4.75936187595079,0,PIF,0.06547939976803377,0,0.0
1369,2015-10-01,455967.35078405053,455967.35078405053,390095.27058212814,772535.9112764535,308933.9000745433,196930.66303572335,194136.57248540147,1.8172354410013276,0,PIF,0.02649338057686522,0,0.0
1370,2022-01-01,444864.6415509168,444864.6415509168,427233.1907213915,342306.1843797529,71586.52790136395,147211.75107300002,115137.90904288845,1.2827795288934523,15,PIF,0.027183721709347596,0,0.0
1371,2008-07-01,481818.31792677264,481818.31792677264,325781.67532019917,688349.1988073257,226872.4496557523,157832.09296132662,188821.88345252068,1.770803949552319,0,PIF,0.016792358369367277,0,0.0
1372,2011-01-01,152751.3042343667,152751.3042343667,120442.1407281986,167321.71601452323,37206.78250504448,156055.07625641426,94100.93198590894,4.259666798062193,60,PIF,0.03579323770038992,0,0.0
1373,2010-07-01,469320.930857892,469320.930857892,421857.71748315,193210.61774056187,48565.332727240115,120962.95966355335,183686.7299693072,3.7102249810581673,0,PIF,0.06472012823941722,0,0.0
1374,2022-01-01,307045.93610839895,307045.93610839895,275510.21391448524,422215.5529421893,118563.71541610351,188542.7799721868,205076.94154473473,4.883336613045724,0,PIF,0.008281217021955342,0,0.0
1375,2023-10-01,240122.78776316848,240122.78776316848,105095.83066790519,125285.13661130276,49064.609419145825,120926.0856427086,144270.63040894494,3.839309241699723,60,PIF,0.029906387223309416,0,0.0
1376,2024-01-01,302168.2531855429,302168.2531855429,240384.99521685354,857112.6236015775,136120.92193571854,108808.6611697884,171605.03892440157,2.6505250601465358,0,PIF,0.07448358586837546,0,0.0
1377,2018-10-01,204171.06049262502,204171.06049262502,120958.35567190546,819554.5646176756,745888.9914778678,62004.984060344774,40874.199107078006,4.569723896531505,0,PIF,0.046512873397890994,0,0.0
1378,2012-07-01,179848.85313242843,179848.85313242843,220319.44387218423,120125.63033119138,29917.92179356492,63529.824769917956,40993.01984087959,4.83251407283384,0,PIF,0.06393018335756827,0,0.0
1379,2013-07-01,158591.45208988793,158591.45208988793,202826.09567998437,767415.6119516686,350339.8828730897,150007.94213658827,148376.2070474105,4.166619683840423,0,PIF,0.059181768945624595,0,0.0
1380,2024-07-01,87092.59525570707,87092.59525570707,58324.36137954043,497276.8227538208,424486.4597485831,73605.81011152505,110451.37250715774,3.226558343340404,0,PIF,0.045762541254699425,0,0.0
1381,2007-01-01,273454.2037162343,273454.2037162343,152496.34646369415,655609.568466311,154235.0200292237,148455.0415778688,71549.95224599322,4.303063125222251,0,PIF,0.011698573121728631,0,0.0
1382,2008-07-01,449492.75407124934,449492.75407124934,268596.0744343575,807283.5588245136,433417.1429586631,191014.28417481674,289050.1278827334,1.7161788293371263,0,PIF,0.11031854451805777,0,0.0
1383,2022-04-01,333568.3861734731,333568.3861734731,276854.09839732887,553119.0794037129,456780.6025245197,93468.41298796418,102914.25892998526,4.6014000917175455,0,PIF,0.06436331095119839,0,0.0
1384,2009-07-01,284439.03474009805,284439.03474009805,337644.7895339465,175388.22223339614,104455.9809188456,28491.872147131973,33804.718208852006,4.998235929946144,0,PIF,0.07358415923420249,0,0.0
1385,2005-10-01,242866.8132129124,242866.8132129124,206444.70709682128,82114.46059900073,26134.96979272561,136643.83145259286,162625.3324152431,3.6605606658213814,0,CHGOFF,0.12127262040618533,1,0.40107499137346814
1386,2014-01-01,258980.73184273636,258980.73184273636,116503.22175026977,487475.6564461861,359955.7417851478,11809.376022142269,5652.372951794004,1.783556158320034,0,PIF,0.024432915609154598,0,0.0
1387,2008-01-01,144174.80640737794,144174.80640737794,62845.37170759939,858370.3483419752,596629.9246299157,159530.6690417364,119596.81107058394,1.5777466487812872,0,PIF,0.14871812121976422,0,0.0
1388,2022-04-01,420321.14473689377,420321.14473689377,254147.95820505795,549549.9347228206,241663.88324873336,109874.0922373565,160132.30749105528,4.837657622401388,0,PIF,0.023861284671859107,0,0.0
1389,2022-07-01,139272.3334766876,139272.3334766876,161346.18356849003,385810.0932323479,72160.42646958574,103049.11876164444,100697.06047430518,4.485411285473302,0,PIF,0.04977954291715515,0,0.0
1390,2007-07-01,372480.24052729085,372480.24052729085,357332.4010092691,105356.05400634895,16466.282255701186,118194.01050976058,140027.25433154916,3.994715406259068,0,PIF,0.07031090524249996,0,0.0
1391,2013-01-01,391993.25517326867,391993.25517326867,355405.41553724837,830283.1221681243,672790.2923397609,108117.62334759602,186266.779043958,4.7964770144616455,0,PIF,0.017779097546004412,0,0.0
1392,2024-07-01,308691.0689124804,308691.0689124804,212093.1856014149,348268.4619035946,141830.89946470308,71517.6816412443,33240.02209019556,3.013615011473565,0,PIF,0.021853066682806486,0,0.0
1393,2018-07-01,438316.8687296728,438316.8687296728,541971.2974237566,657917.4690783789,171200.59876654213,63486.69283905596,65362.8840874258,4.550985612009457,0,PIF,0.05480893223650968,0,0.0
1394,2005-04-01,180972.6586027925,180972.6586027925,126329.85015710059,649274.5057314013,366736.84871041594,88906.51751854009,80530.08203686788,1.6512812559535166,0,PIF,0.1463013255277173,0,0.0
1395,2014-10-01,446727.74955928844,446727.74955928844,514384.6544481129,288184.1923223733,255523.30852202335,180032.76356395768,98843.24355427461,1.7312388724294498,0,PIF,0.04808913602372026,0,0.0
1396,2015-04-01,378234.70681968686,378234.70681968686,456269.5067421759,132297.55529779478,20742.23140916923,35720.38735969017,61835.994355822135,3.0493721826415596,0,PIF,0.0341465585731556,0,0.0
1397,2016-04-01,409437.4224927923,409437.4224927923,341880.8668076782,395700.31051091175,77127.85975970812,71705.27337045083,125200.52115276546,2.330038643378097,0,PIF,0.06645036932984676,0,0.0
1398,2000-07-01,349060.86928729137,349060.86928729137,420569.5985342369,340047.4313465039,164459.16116727935,46537.081310386835,38908.88190638337,2.7300770720586307,0,PIF,0.04074249653328704,0,0.0
1399,2007-04-01,430854.35764548625,430854.35764548625,279677.4553829202,654210.2470753072,451910.5953594673,91156.02558010256,157280.90324555535,4.192787945202133,30,PIF,0.2698762771087882,0,0.0
1400,2021-04-01,496894.48822293617,496894.48822293617,493212.54158816644,752221.646441068,399339.7037382389,35364.699633402524,15887.345504919913,1.2136298837690362,0,PIF,0.050140757042889714,0,0.0
1401,2006-01-01,239073.2845360874,239073.2845360874,114556.11786628325,262405.2422611732,227777.91868849777,154551.16664142412,274058.5341810668,3.8833753371209188,0,PIF,0.15963854384876308,0,0.0
1402,2007-04-01,416262.05766930664,416262.05766930664,344057.5711099097,513149.4772166827,95069.99488441178,29658.804591069194,46573.36389294391,1.3529170738134622,15,CHGOFF,0.11635716813635565,1,0.49291618331201253
1403,2008-01-01,385060.8917831151,385060.8917831151,229341.73650997854,113298.84485829256,47824.88082452886,136399.79778728145,95488.35740460672,4.39000420112168,0,PIF,0.03592489755811496,0,0.0
1404,2004-04-01,253791.5745704081,253791.5745704081,115852.5418462503,255689.77480543876,110222.31639375037,60864.96172511446,75433.96509732783,1.8075992261427003,0,PIF,0.1598617883524827,0,0.0
1405,2003-10-01,467127.0498796304,467127.0498796304,188417.0769896937,704644.5163641081,297431.70518054534,99716.09940295592,151331.0577610496,3.9397556813919823,0,CHGOFF,0.1823111661832293,1,0.8792468827075082
1406,2008-07-01,227491.66830766763,227491.66830766763,157487.22800307593,730586.6228010394,394625.4362408538,47997.712726332866,40654.95301809865,3.367517595950756,0,PIF,0.1448243012823568,0,0.0
1407,2021-10-01,304459.6623243069,304459.6623243069,283323.3220979824,716651.6600304786,560752.4304611384,148742.49910038663,133162.09550413367,2.5424884282913904,0,PIF,0.08208667778444094,0,0.0
1408,2000-01-01,97674.0606459327,97674.0606459327,79087.40118428644,196758.0984903815,79550.49809080978,190172.43796098162,243527.57578822182,2.070145001675661,0,CHGOFF,0.3790362197701477,1,0.5229784601239198
1409,2007-01-01,151598.8373298198,151598.8373298198,101812.62224957974,531848.4765241023,396539.07887470763,52131.60460466923,31588.190306013174,1.2298372650656364,15,CHGOFF,0.05361949694000557,1,0.565606397266403
1410,2001-07-01,428313.2767401923,428313.2767401923,553415.030474157,426620.899843574,113981.31989900855,191099.1094654374,108065.56293242109,2.4135208276520284,0,PIF,0.04566422042972112,0,0.0
1411,2014-01-01,228448.7252729813,228448.7252729813,284549.45808005636,893018.7633719742,534543.0682419233,71802.02219217246,53831.94264942279,1.802115026404704,0,PIF,0.07957178487725731,0,0.0
1412,2006-04-01,227337.84023686618,227337.84023686618,116644.3123502976,616337.2926278356,277395.1844828331,115990.9617398613,166767.58776253008,1.5436500158079292,0,CHGOFF,0.02741686220007474,1,0.6555307719539483
1413,2019-10-01,160691.4581857791,160691.4581857791,124310.37919990775,846865.7149444978,492341.1705151423,143302.09070625945,130869.0461170066,3.9539924903565367,0,PIF,0.21743437659460343,0,0.0
1414,2014-07-01,271224.65043385443,271224.65043385443,266874.8147452876,199187.25010691883,47047.98869712208,47861.03705238679,53140.18172438815,1.850059964052802,0,PIF,0.04451072162444126,0,0.0
1415,2019-07-01,412617.6326077801,412617.6326077801,437433.16581786756,449716.08394218783,410487.47469507705,94505.14811219925,63661.57659247047,1.8926321908646737,0,PIF,0.10391896792367007,0,0.0
1416,2015-10-01,452823.8529981828,452823.8529981828,330441.38693489943,712718.2320868123,623607.9933882819,22887.221326169514,15374.443647478687,2.3619258070161746,0,PIF,0.22996958492326186,0,0.0
1417,2010-10-01,81551.49441988274,81551.49441988274,87394.95514620512,381643.33698493015,309557.415140931,142440.2174453238,186686.67330231692,2.850612638487077,0,PIF,0.23348590634119318,0,0.0
1418,2021-07-01,308669.3290580519,308669.3290580519,157956.90269213956,598656.9668459903,517375.070708251,89157.0627476509,49190.21188263984,3.0548509771588006,0,PIF,0.039955288326257075,0,0.0
1419,2011-10-01,260273.01555155055,260273.01555155055,181834.89153712968,499595.7813464017,133567.08009584752,179412.46120152227,239511.51246532277,3.6581850753616525,0,PIF,0.022265805219837037,0,0.0
1420,2023-07-01,326426.83271221025,326426.83271221025,341047.4442556394,893382.1155587537,494020.1359204654,62058.45882889621,59637.09870087835,3.354088191351709,0,PIF,0.00916746390874713,0,0.0
1421,2024-10-01,251274.05910872112,251274.05910872112,242005.69262436402,222575.482853703,89993.35003913361,185484.2516215461,248507.95691536597,2.926735518906567,60,PIF,0.09358736999539516,0,0.0
1422,2014-07-01,229390.1693840368,229390.1693840368,264599.0814510595,846985.9301707047,728330.615058333,36797.57048974055,34384.43246978115,2.5757608585498812,0,PIF,0.21741934310754213,0,0.0
1423,2016-10-01,262346.32059327024,262346.32059327024,116002.01897892334,409288.1821187034,123420.91107379491,125323.62854263782,198571.9128449834,2.063144847716938,0,PIF,0.02929145013923731,0,0.0
1424,2006-04-01,311899.6079403864,311899.6079403864,173713.28075150796,463754.23242938146,151163.60634462567,68483.554175714,32719.979164271146,3.839770454732158,0,PIF,0.008819379698831719,0,0.0
1425,2020-04-01,275442.44496429956,275442.44496429956,122198.69766338138,513453.54462578276,359094.8091028656,44538.5060811246,73515.9812886083,2.2700052815749907,30,PIF,0.10676822560867927,0,0.0
1426,2016-10-01,262465.00295929075,262465.00295929075,150366.9355761983,297600.57053553546,65805.35699225403,27848.062626641444,21613.59565535975,4.398325574103581,0,CHGOFF,0.08758501884742442,1,0.4527093348671139
1427,2022-07-01,418025.88948113634,418025.88948113634,168821.64894433526,870199.1029408503,640374.0737420738,134572.08617745107,61843.82599489605,3.3446498235519466,0,PIF,0.05403773404158,0,0.0
1428,2006-07-01,385541.59605703596,385541.59605703596,329171.2784347171,827419.5082925273,301595.9254892229,54301.907319256636,64476.2488378836,3.5357771141127223,0,CHGOFF,0.2303555894206334,1,0.5777701468617801
1429,2019-07-01,203620.32238153677,203620.32238153677,178266.12174258812,877782.1821733174,595793.1570857698,118834.73829349906,84859.4020707274,3.0351609235109334,0,PIF,0.042003303530201895,0,0.0
1430,2011-10-01,410259.7028818942,410259.7028818942,407019.7192440148,897474.0492118088,761444.1131737841,196089.55733870278,204498.7349506945,4.7142242586081915,0,PIF,0.06851340529919389,0,0.0
1431,2004-07-01,434142.80105202505,434142.80105202505,324053.3916096957,629236.0780483971,401256.98740972596,70032.745853111,106676.67198372737,2.686382274470978,0,CHGOFF,0.0994799024482051,1,0.5390837979564588
1432,2004-04-01,119071.49241838572,119071.49241838572,47972.347032745565,450382.10656071064,144188.47424698187,16639.412766178473,25094.987692619412,2.7078738136752505,15,PIF,0.38354395387345014,0,0.0
1433,2014-01-01,312207.10777884146,312207.10777884146,314237.09055935434,777601.79922697,147225.23077943298,37136.2967353199,46069.05645681427,4.57205798308732,30,PIF,0.04530148291469426,0,0.0
1434,2007-10-01,178390.3971196462,178390.3971196462,80072.6666809254,99519.99982579761,18479.985938126516,32671.181788122445,57795.99596580214,3.419627683840686,0,PIF,0.203623987930598,0,0.0
1435,2002-07-01,382627.54486702516,382627.54486702516,451329.61678899615,764211.3166650728,168928.53373130338,98023.8701689948,102851.69607916975,2.7965948628965616,0,PIF,0.05177262614344065,0,0.0
1436,2010-07-01,157453.39821140748,157453.39821140748,66191.61189745176,487774.53985302546,299422.5133407198,151483.60823551918,68946.81698515842,2.0486044580669236,0,PIF,0.15954901930381377,0,0.0
1437,2016-04-01,352131.58587786433,352131.58587786433,308969.97613014793,632040.4222084025,270876.270921946,66324.4332985531,102616.8454878875,1.9801777802076708,0,PIF,0.09328148317340713,0,0.0
1438,2007-10-01,164806.09522593528,164806.09522593528,198661.5676598125,386717.77030085627,133218.69613962635,37710.12646033021,26767.078338768224,4.205737255020944,0,PIF,0.0687615118901595,0,0.0
1439,2023-10-01,280014.6935434744,280014.6935434744,256280.8212265858,382270.986170789,124408.27522390107,131745.68560249612,85204.45805051095,2.1178643104948804,0,PIF,0.017714073108483996,0,0.0
1440,2019-04-01,476890.91056228644,476890.91056228644,451889.93885952537,106008.06530492794,96347.04418056503,67224.23968135606,33478.60515663028,1.0229507612134627,0,CHGOFF,0.09774040073773971,1,0.4332531065700638
1441,2012-10-01,221588.39230539554,221588.39230539554,224568.7037770605,427507.3329517909,104762.06591883645,119282.3663693242,102470.7002411485,1.0778425571932946,0,PIF,0.014692319248993684,0,0.0
1442,2023-04-01,444082.3186834435,444082.3186834435,226556.5719081403,414850.44024385064,163389.48003794218,187419.44633782285,160547.7247679061,4.913610446386258,0,PIF,0.05907892448742364,0,0.0
1443,2010-10-01,494125.0615417526,494125.0615417526,497798.580318494,264328.70353181846,139349.2842611846,65355.92143603997,53845.44601319248,3.2393517464917774,0,PIF,0.009499375328141818,0,0.0
1444,2003-04-01,443682.8819623235,443682.8819623235,529011.7048658718,282805.0843026093,42522.46525285221,107373.40675239103,132119.76822715675,2.9560985274375815,0,PIF,0.052326186635655636,0,0.0
1445,2000-10-01,124639.71337550429,124639.71337550429,159139.83018233677,558994.4559628596,495695.34919463214,163294.2635899311,237129.24057206968,4.671504276433321,0,PIF,0.3852981827966387,0,0.0
1446,2023-04-01,418846.19879082334,418846.19879082334,334552.06073445553,340572.5828823925,78086.09784449788,141426.44137454935,242245.59035071376,2.406749595961171,0,PIF,0.07698941002094024,0,0.0
1447,2023-10-01,64467.22779525256,64467.22779525256,45775.23659280053,760806.5653941776,529503.4757615651,152780.8532080453,81229.01305426956,4.179990238620932,0,PIF,0.014298127109536393,0,0.0
1448,2018-04-01,226985.84766468854,226985.84766468854,244685.89855095706,171335.7876227945,111898.09761415471,156788.18122265904,95724.60409570963,3.887239251120555,0,PIF,0.010755164742547675,0,0.0
1449,2002-07-01,441830.0179930387,441830.0179930387,392604.3480266153,553668.8561915357,441413.0958221337,112584.04386346818,138003.21465379777,2.908385929287352,0,PIF,0.1268580795873077,0,0.0
1450,2007-04-01,359938.4957419639,359938.4957419639,227327.8635415401,211236.67625406393,141763.08476341105,111851.80050143036,60108.02021640034,4.098527589834764,0,CHGOFF,0.24871027433138682,1,0.5430811436648125
1451,2001-01-01,289733.1923020451,289733.1923020451,160785.14515383434,513157.31407494016,392827.0215125269,146589.020285205,134725.57064879773,4.863113550370549,0,CHGOFF,0.052505341993270914,1,0.6409329973270942
1452,2001-04-01,224538.81128717924,224538.81128717924,124216.5029210102,533087.6272992613,259613.08118464187,142553.1713215756,181665.93009705216,1.8024295031482827,30,CHGOFF,0.2629491413121478,1,0.515358278776341
1453,2006-01-01,415533.6259116287,415533.6259116287,337936.5994253314,606684.1029510979,328194.01375084167,137310.95616564018,204972.7210176909,1.070037658004086,15,CHGOFF,0.061732368399681846,1,0.5266690310989737
1454,2014-04-01,369301.2817766994,369301.2817766994,204264.9576605026,430488.4567637728,306219.2169388744,82605.59150710609,58207.12159563615,4.285817625057198,0,PIF,0.008108826169533935,0,0.0
1455,2001-07-01,260782.393827053,260782.393827053,108941.0756115724,497769.24180598865,301021.6566403679,167423.10266492658,223539.9430130747,2.6143482913792546,0,PIF,0.035854628631762656,0,0.0
1456,2024-07-01,451617.95174434694,451617.95174434694,201818.983972354,228381.14518666052,127717.77971162915,54878.548980468964,71573.56572126117,3.1776099740600325,60,PIF,0.10970261456079337,0,0.0
1457,2011-04-01,153476.60801838458,153476.60801838458,189834.61629651507,459672.5867837903,144542.53941456648,39589.07360701533,63479.59797751104,1.889849282930128,0,PIF,0.048707728411010044,0,0.0
1458,2006-07-01,126676.1791213812,126676.1791213812,58988.689178116285,385884.91905731824,137562.8061220324,75580.8216319833,63430.93957354075,4.367155047411508,0,PIF,0.2285016448480924,0,0.0
1459,2012-10-01,339261.6939501117,339261.6939501117,158049.34212588647,626227.505816616,273534.79236110207,58227.93567694163,84437.99547548498,3.8848249962908454,0,PIF,0.030007641417981845,0,0.0
1460,2019-10-01,487397.45421579666,487397.45421579666,392876.2714384824,436553.8132671186,68725.57907844536,136004.67731859972,197587.56939723456,4.8134665127791925,30,PIF,0.06513899189288394,0,0.0
1461,2007-10-01,161265.45798804663,161265.45798804663,100079.77155060136,719060.1538037806,347946.5640683603,53893.39171849257,39604.76389524138,2.9010074863987367,0,PIF,0.030629345304705485,0,0.0
1462,2001-01-01,162351.67052022193,162351.67052022193,205606.12779786612,429313.52083042753,65347.863386595425,134733.0692866651,171059.93050439187,4.9062600510433105,0,PIF,0.034167719296858905,0,0.0
1463,2001-04-01,112774.48158298546,112774.48158298546,137572.1528341193,273332.3618386461,164549.45713633383,107512.3310197498,144628.48221385607,3.0434215718955944,30,PIF,0.08488695008482458,0,0.0
1464,2021-04-01,437253.59987313446,437253.59987313446,334179.33820452675,304424.7495460394,217122.7377659969,38965.51293429933,30556.746579921153,3.48568836345109,0,CHGOFF,0.0729931496716005,1,0.4287334081068692
1465,2002-10-01,151878.89318510034,151878.89318510034,122089.11912962898,117133.88457514199,70247.40503001548,59095.29018299435,61017.06863624614,3.6965097592867617,0,PIF,0.11083168814027416,0,0.0
1466,2015-10-01,276430.33702619956,276430.33702619956,203895.64899900774,522733.42469274625,368430.870252877,109128.08901761234,110229.06246376003,2.959085822880699,90,DELQ,0.1294098564702093,0,0.0
1467,2009-07-01,495892.615100992,495892.615100992,215256.82088568888,761322.3247982638,114206.36913240048,149290.00774550263,221384.15233286636,3.251120763875698,0,CHGOFF,0.05075564361092709,1,0.7147816894322454
1468,2019-04-01,55463.4054149196,55463.4054149196,36803.416839023375,710671.5995904075,140395.71772797755,85667.81239318843,34350.03069198336,1.89322825880596,0,PIF,0.04099621658135138,0,0.0
1469,2001-07-01,300418.74072985735,300418.74072985735,153335.56462755814,438987.36239754653,311141.0520826018,54238.2020138276,59739.97639861932,2.449452232531633,60,PIF,0.024185905133124616,0,0.0
1470,2022-04-01,280530.0692172256,280530.0692172256,138058.1878753296,240818.6912185,190805.49393084657,66064.85972781987,43475.77387741551,3.8079729803689926,0,PIF,0.00975906281355768,0,0.0
1471,2017-04-01,413351.31938456965,413351.31938456965,373990.11180265277,788057.2435039113,570680.5238164052,28072.265961945403,36650.55405241863,1.1559558400717371,0,CHGOFF,0.2552066923921766,1,0.43473743425059924
1472,2011-01-01,209876.69279874963,209876.69279874963,102606.27465099523,126560.4479169561,86112.96830114584,14778.405207144282,19988.035529089917,3.8016524798691,0,PIF,0.024450993247543674,0,0.0
1473,2005-01-01,234653.6115045687,234653.6115045687,115599.33078078176,407362.6346660451,291633.40771779657,194894.5692794023,214691.3968046181,2.2151025781699536,15,PIF,0.0549495906061353,0,0.0
1474,2024-04-01,125572.09126948865,125572.09126948865,104534.03735597811,782424.41675484,580302.2355762823,28317.887529523923,32815.93925451201,2.0873433454968886,15,PIF,0.04151020578555855,0,0.0
1475,2007-07-01,383366.854236104,383366.854236104,305947.5007954946,402404.88367144106,293555.1669225651,33728.59557102351,28368.496564382593,3.7739538574104436,0,PIF,0.04837896178636411,0,0.0
1476,2012-04-01,403119.0091346667,403119.0091346667,211182.48203838785,176657.88602070714,130798.69693013192,175483.17616513208,147169.2729655304,1.859780650883025,0,PIF,0.03218630573244555,0,0.0
1477,2009-10-01,111498.49435047361,111498.49435047361,45045.85135095396,298078.5902835528,62362.74057414743,136065.99478665902,196365.52948813338,4.846733743557257,0,PIF,0.05693287323573396,0,0.0
1478,2005-10-01,227055.68329474478,227055.68329474478,130256.62267851568,572024.1422292177,114757.90531136224,92853.78093661199,54265.97012152218,4.962716134852286,0,PIF,0.0326974784487532,0,0.0
1479,2010-04-01,451807.24791320733,451807.24791320733,276642.9463147105,204669.44430954813,89828.59113432409,133314.44708791142,197319.33178992275,2.8324016314058347,0,CHGOFF,0.06746260928997162,1,0.7130405126275503
1480,2003-10-01,51218.27315410422,51218.27315410422,57375.91829995686,617046.9680107317,352998.60763741605,187647.11647077795,247134.71527744303,2.605673343369172,0,PIF,0.19315149497475104,0,0.0
1481,2000-01-01,184441.58178018453,184441.58178018453,225737.04036620812,439292.7835833815,333904.35514630773,28881.68917278413,47315.84776189655,1.3161498255949313,0,PIF,0.0681340746795064,0,0.0
1482,2007-01-01,299769.0282736465,299769.0282736465,229428.21312074823,354199.39067282795,147972.55297629052,56305.09516331312,43028.49837608181,4.1128747351767245,0,CHGOFF,0.123700330738556,1,0.49577133678615365
1483,2002-10-01,200342.23684697898,200342.23684697898,153166.45907180553,277558.8940289944,102722.78731948657,173457.07665944076,192303.3046957772,1.6508959861849521,0,PIF,0.0247711191139412,0,0.0
1484,2010-04-01,172420.33512995124,172420.33512995124,179529.7695997052,755130.5884025018,585346.004832923,158321.47560721033,71970.6180408014,4.732191441904323,0,PIF,0.009741881791638148,0,0.0
1485,2021-07-01,257016.86820644568,257016.86820644568,247823.3270600605,405272.6369199893,141630.41815406896,198908.77709586624,333671.30454886495,4.962370955820841,0,PIF,0.06490266788634386,0,0.0
1486,2004-01-01,131685.39864936218,131685.39864936218,74497.87596262548,685552.9977971067,553017.1629424139,69642.67486371657,93707.56500801956,1.4896391203268462,0,PIF,0.268405346528757,0,0.0
1487,2000-01-01,288331.35843176773,288331.35843176773,143277.67920060852,441091.2579626552,128669.33691312016,189528.4154563236,241084.94875939196,3.7320235283708296,120,DELQ,0.042247042454454244,0,0.0
1488,2002-10-01,368013.16459095164,368013.16459095164,292147.50890471594,155331.09324715912,67969.59622802545,75300.8779460508,107361.34731265467,2.8639679662709088,15,CHGOFF,0.12670407770890493,1,0.5133710559694284
1489,2012-07-01,308882.728682826,308882.728682826,280572.244919182,441214.89963715355,207750.662753553,145867.7063252437,116411.23997869164,3.1645834168420794,0,PIF,0.02399813114030328,0,0.0
1490,2006-10-01,91899.19888633891,91899.19888633891,48232.085403300465,496303.9793833264,193364.17840002954,177721.16004810142,221334.71047668808,1.7182987186191276,0,PIF,0.12228763142124761,0,0.0
1491,2012-01-01,429983.87637450796,429983.87637450796,285486.1367300942,455430.598664569,69537.66284066741,42448.59809908873,64576.656436600744,3.8940835977796553,0,PIF,0.25569149978700895,0,0.0
1492,2000-07-01,128740.02686936969,128740.02686936969,86944.40937061879,749318.2036335835,253574.82975279426,49071.34445668806,25831.755500713138,1.6664508838604801,0,PIF,0.02798867246436775,0,0.0
1493,2008-04-01,394165.4002750079,394165.4002750079,250361.39910804934,826898.1062152841,347398.7866473259,120382.14312614586,209747.06204809342,4.54119991097495,0,PIF,0.05889442799103027,0,0.0
1494,2010-04-01,212254.2998491327,212254.2998491327,172920.4239165806,725158.5136730479,290715.98694361415,170326.70630674768,280807.68057860783,2.815898457372643,0,PIF,0.08730802942337017,0,0.0
1495,2010-10-01,402242.60662524606,402242.60662524606,397318.04125401645,557881.159812987,434279.46314968495,25000.411692201218,43706.378917878945,3.539472397470179,0,CHGOFF,0.23736911282407056,1,0.4178507871938103
1496,2013-10-01,142822.8065324056,142822.8065324056,122606.36613048859,523988.96765501035,98454.49314154287,171667.35385362167,262940.81089321495,4.6871644281933165,0,PIF,0.10277889885429364,0,0.0
1497,2019-07-01,133997.9466629434,133997.9466629434,77894.46777980498,608585.1447014003,280654.49223409494,75192.90061356834,61059.30685799209,3.951758019210147,0,PIF,0.2634014992057914,0,0.0
1498,2011-07-01,273661.630797867,273661.630797867,134818.07305813962,316020.8430802871,56887.65918264793,87183.05665477534,105855.71925767115,3.1633915337998775,0,PIF,0.03498361904060322,0,0.0
1499,2021-01-01,64821.20661426222,64821.20661426222,73875.65422284928,745714.4138419217,667055.0054917324,74573.60818063565,42374.766823913684,2.6107105913734396,0,PIF,0.034903962093091996,0,0.0
1500,2013-01-01,151383.80245205003,151383.80245205003,125856.58984342264,782615.5056350019,612136.4523409636,183181.1818754606,266681.28728302236,2.848540487974817,0,PIF,0.10201297631918965,0,0.0
1501,2006-07-01,375805.51348295674,375805.51348295674,171339.22859394207,299118.073809101,279893.5396580378,34850.92205073942,21436.64645307984,2.366692238442157,30,PIF,0.07292488801405904,0,0.0
1502,2005-07-01,426822.56523744145,426822.56523744145,269883.89865600027,820310.9306748636,720338.3458565013,119112.15142350522,192193.82988130135,4.78473530100962,0,PIF,0.034140439019955476,0,0.0
1503,2008-01-01,86353.4137720147,86353.4137720147,97029.32090514083,775960.8336731673,312440.79859963973,38140.53531890042,28101.173448490874,2.0114313765905956,0,PIF,0.03527565225257762,0,0.0
1504,2014-10-01,446934.969247147,446934.969247147,481149.4913593025,428079.1493356584,301053.8234764501,186432.97971801987,116441.68968701761,2.6373851303878895,0,PIF,0.04048521451711647,0,0.0
1505,2006-01-01,408882.7418239306,408882.7418239306,485848.77230424667,825380.1657160514,326225.95567649696,161606.94957176768,80684.87292710246,4.112895698604303,0,PIF,0.03739137912209613,0,0.0
1506,2022-10-01,441357.9330681344,441357.9330681344,415705.78779588785,178759.97492543666,153835.283985049,54425.66210960479,75973.39017803081,2.4573666905042564,0,CHGOFF,0.3901012793277902,1,0.3144357603177831
1507,2011-10-01,364292.84956047795,364292.84956047795,284372.5869551903,102948.97855129829,49271.61750281637,66577.87093674918,43987.01981210471,4.546443585752478,0,PIF,0.05033820132134496,0,0.0
1508,2021-07-01,353368.8802822841,353368.8802822841,277031.1303504598,365250.79698712454,164622.19895451024,82487.91231290872,55822.45213296783,1.9722905605881955,0,PIF,0.007646487862610978,0,0.0
1509,2017-01-01,286291.9550051887,286291.9550051887,164503.3688101561,543657.2730384229,479100.68764340313,87029.35830613293,55487.76447972385,1.1253793668376155,30,PIF,0.03927527572801454,0,0.0
1510,2008-04-01,343754.25102109177,343754.25102109177,338845.11903213215,368182.94391695026,301686.24349937745,165295.14314009048,136883.08521199596,3.515004449007475,0,CHGOFF,0.13731590247628783,1,0.4713266003289877
1511,2005-07-01,463599.3490549723,463599.3490549723,429553.4846513335,852495.5416105149,786964.9277176112,117261.33750874616,201419.3313056873,3.0330138309405217,0,CHGOFF,0.19341291369370442,1,0.42460075909914163
1512,2018-07-01,95234.90063751879,95234.90063751879,51367.60740624923,288862.38782521896,58694.08390255261,91310.36982942832,98731.19546137286,4.73223231956329,0,PIF,0.14063578047312544,0,0.0
1513,2008-04-01,192094.01503074102,192094.01503074102,229955.097660126,310594.98274599673,107053.11511262742,146694.48481790704,112254.89079670615,2.692529303583847,0,PIF,0.11781710860492856,0,0.0
1514,2006-01-01,82604.73811814233,82604.73811814233,60435.392742657794,600558.6422867812,234629.97280741052,96994.32650532325,61935.4423744994,1.5423610318327756,0,PIF,0.08169508572555535,0,0.0
1515,2023-04-01,475162.3273748173,475162.3273748173,211335.519777094,83168.38352020073,40709.39749048871,34365.60320811019,14655.623448777927,2.3189821489853997,60,PIF,0.015523493916368048,0,0.0
1516,2012-01-01,250369.4596997246,250369.4596997246,174030.01596322426,676596.7829307714,357584.13103694964,30422.945011210388,27714.989728243192,2.5728472398416926,0,PIF,0.08152458209446227,0,0.0
1517,2001-01-01,353905.01180428476,353905.01180428476,418623.9905209469,389524.9761363889,149257.3788901475,71931.76916108263,39856.39084501564,3.3325272553032192,0,PIF,0.014374046531328549,0,0.0
1518,2012-04-01,428504.02902694466,428504.02902694466,525029.2439468874,881753.2514675028,689848.7723057192,124545.3451468827,54528.043711963815,2.098001964356704,0,PIF,0.04252064859481518,0,0.0
1519,2011-07-01,495950.1116344199,495950.1116344199,417271.87946050026,646962.4262843939,212588.8226385278,35619.85225316454,19383.311575977998,3.2012532806952203,0,PIF,0.017611421930033826,0,0.0
1520,2021-07-01,122802.10600651958,122802.10600651958,154817.34523185587,122816.26316752133,86857.36239583122,114525.4924325074,96880.563894268,4.632183462263855,0,PIF,0.01972107652724252,0,0.0
1521,2017-10-01,409780.67257320293,409780.67257320293,486703.72854804463,155954.80316841838,129663.1084778714,61225.83251365936,88851.4903202495,2.694921399194294,0,CHGOFF,0.26135913894673485,1,0.47673059117343014
1522,2004-10-01,449340.3041615314,449340.3041615314,513464.6009469367,152297.84767781,96398.23112838251,142128.54896557544,70180.34173714688,3.606277975750525,0,CHGOFF,0.1541797125656278,1,0.3405900926026683
1523,2003-10-01,71993.91958289403,71993.91958289403,84502.07536835944,861150.2531113939,373159.77690611867,15369.913223510423,20751.588330681363,1.915594348503184,0,PIF,0.0830507705529082,0,0.0
1524,2015-01-01,389340.752083508,389340.752083508,289547.99499181163,640922.263798422,192477.28380702354,99114.45198130887,125752.40653504709,4.2053081801840895,0,PIF,0.27339968825600586,0,0.0
1525,2001-01-01,209626.39453844764,209626.39453844764,226568.8287831919,430636.9259769273,110879.08463630415,19930.188312704195,32581.59856396092,2.078682521440236,0,PIF,0.022474987964180536,0,0.0
1526,2007-10-01,341868.5561616944,341868.5561616944,314384.0687224054,244395.80570162545,182157.9188209493,72796.4773023109,47869.63944154322,3.319211174022227,0,PIF,0.014562511958828801,0,0.0
1527,2003-04-01,281321.68821748917,281321.68821748917,294745.121804427,796384.5920773586,418345.2844323916,12959.277414507033,19594.1007207918,2.20098987893074,0,PIF,0.06037370012687615,0,0.0
1528,2000-07-01,166884.0134389866,166884.0134389866,93456.29862569224,245275.86069049916,45880.23332707384,99128.76450980695,159677.73441079722,1.269609400247388,0,PIF,0.03496285914252385,0,0.0
1529,2022-10-01,110849.61290179372,110849.61290179372,117307.10395980038,659476.9575101703,617977.1313999858,155733.01501082222,275192.3511096183,2.278650962244123,0,PIF,0.052571430775349495,0,0.0
1530,2002-01-01,102626.25489014373,102626.25489014373,129497.21466529333,705925.9764671837,485001.18043570255,29041.80717172947,44491.15123087705,1.848122642845397,0,PIF,0.15410361666201708,0,0.0
1531,2000-01-01,96495.28596882126,96495.28596882126,64883.13984845114,321617.9928614348,265446.1371680867,149692.31147886516,85814.9318870316,4.570695073610516,0,PIF,0.06320367765403578,0,0.0
1532,2023-04-01,337005.51806056,337005.51806056,433909.83430808247,494030.0844799267,247287.22171910095,120997.10074754292,208838.6502681485,2.064648458552573,0,PIF,0.07246207487555245,0,0.0
1533,2004-07-01,208134.88312979214,208134.88312979214,154131.87611048605,262851.211501083,240338.240920613,105875.00189584382,163152.1999483151,4.897692727075688,0,CHGOFF,0.24869392517590205,1,0.3937242077093898
1534,2020-04-01,147485.04719264258,147485.04719264258,85504.62532232102,390722.31911350845,120975.45098434332,123901.81983324591,86391.1953838081,2.969383246899461,0,PIF,0.02213685512170834,0,0.0
1535,2000-10-01,361348.29171765636,361348.29171765636,181056.31027662166,871410.2065896072,259775.13669829117,73820.45502854715,46601.108200423805,1.8842598662705967,0,PIF,0.02970092406279723,0,0.0
1536,2003-10-01,359082.30459491006,359082.30459491006,397312.26139643794,648373.1884166328,559071.3148554026,144964.51521597497,248031.3587822285,2.5653765326627824,0,PIF,0.07198561939333029,0,0.0
1537,2002-10-01,292625.731560649,292625.731560649,263170.8624305206,774223.6490762223,668444.2987518734,158136.50996494672,97724.89626018776,1.7337244699903493,0,PIF,0.040277076229686584,0,0.0
1538,2017-07-01,470731.0175896329,470731.0175896329,318411.0107950857,523291.6486027276,287399.93069175206,157862.5344615067,234890.72772761635,4.334733015381815,0,CHGOFF,0.18844303447448202,1,0.6052063168730306
1539,2015-07-01,223436.4041486396,223436.4041486396,211729.5281161204,276012.5885641121,69176.78232245432,61197.3599848008,59200.0590523605,1.4798770772259013,0,CHGOFF,0.13619181701198524,1,0.5092610865950294
1540,2011-10-01,426138.33707118186,426138.33707118186,297824.2779618097,664561.4824670987,261952.3039196037,134242.33184107198,189728.36203046056,4.494111005981653,0,PIF,0.09277769221467116,0,0.0
1541,2006-01-01,83812.73356948834,83812.73356948834,67345.37376070042,490465.72784826445,369478.5594832761,38138.187891602516,20159.538429499135,1.1836681938083529,0,PIF,0.09091491353639695,0,0.0
1542,2002-01-01,382923.992317327,382923.992317327,450470.9088830101,225016.07184778812,186041.83153994312,104129.72658329074,147352.06039613433,2.198431726117332,0,PIF,0.09830081216165269,0,0.0
1543,2014-01-01,494801.3362243685,494801.3362243685,495469.2335029664,418192.5094869324,179038.16553860108,10499.55941130834,11724.605251804249,1.5595468809711073,0,PIF,0.04990589393485493,0,0.0
1544,2005-10-01,430969.19732951757,430969.19732951757,468102.2169418873,600568.9795933708,119505.3867834068,46781.48421158481,77682.04579008807,3.741062183682949,0,PIF,0.20707786386085378,0,0.0
1545,2014-10-01,310849.1236895267,310849.1236895267,287580.26271333743,682972.1224794353,466184.0301358778,130029.48200819507,86308.08085083167,3.049286923972164,0,PIF,0.008479143080386919,0,0.0
1546,2017-01-01,332044.7289472223,332044.7289472223,429087.53835781687,279441.0526300884,207232.8232355955,176128.68598859457,97416.51364148244,4.757358291391483,0,PIF,0.04831916578601669,0,0.0
1547,2021-01-01,208980.29724662605,208980.29724662605,128997.07156926904,798317.8182664515,390546.44949873537,19315.37673134462,13032.247275138749,2.4647230443225965,30,PIF,0.07328098168696029,0,0.0
1548,2012-04-01,355768.34821614675,355768.34821614675,226290.74298702445,391231.90780123597,241185.89899226787,116125.0305131227,59224.40589242878,1.162996374001974,120,DELQ,0.017373299290007044,0,0.0
1549,2000-01-01,396677.9224315972,396677.9224315972,191715.6477417147,302332.10867205367,284161.10181211965,130987.2538199558,232137.0202766562,4.046636252780534,0,PIF,0.32578061295389665,0,0.0
1550,2007-01-01,499202.81650303426,499202.81650303426,448592.4128493903,239998.44547205433,83039.19321212727,187154.2864247218,107052.11638685291,3.3180025987028694,60,PIF,0.05765900540401584,0,0.0
1551,2021-04-01,271608.31265019486,271608.31265019486,258577.44558443784,739420.4942104383,449850.2337480451,134477.32098254174,91604.78430555524,4.3097412209776556,0,PIF,0.01375832322523469,0,0.0
1552,2013-04-01,77586.82959804902,77586.82959804902,81727.28300532875,370414.95147217123,236609.3402738048,29576.21346944029,45356.89929422979,2.7045542882944327,0,PIF,0.15131741794485087,0,0.0
1553,2015-04-01,318136.0778289434,318136.0778289434,223300.13721625382,476387.2028681064,280728.1933812903,37881.40608345129,28238.927286418926,3.9527246454258025,60,PIF,0.04100391782406276,0,0.0
1554,2011-04-01,103560.86749197586,103560.86749197586,42566.73952722789,262712.255322378,222071.6273661615,130795.18448852957,93022.93161252183,1.6842628245978726,0,PIF,0.04984017255380789,0,0.0
1555,2004-01-01,160144.26960024954,160144.26960024954,155180.8515331414,642594.6783585239,407408.89805776,50967.73858501421,68359.64822435971,4.998106219327364,0,PIF,0.19333251074283503,0,0.0
1556,2022-04-01,197950.96008758177,197950.96008758177,257103.84245662778,720447.3941929863,400793.5436636858,186378.04022668477,178600.7311145586,1.6945878994764358,0,CHGOFF,0.08064678009329371,1,0.25741485705421535
1557,2019-04-01,378963.4429167848,378963.4429167848,252046.47066576662,358328.7041417401,89013.15769602884,184930.56814931837,290280.11568461225,4.3192025106354635,0,PIF,0.06890615880371945,0,0.0
1558,2024-10-01,132713.65574532526,132713.65574532526,75055.01454234064,854965.0960045496,609220.2208688313,190244.61342987054,246096.07227355204,1.8497526758509046,30,PIF,0.1370405261481609,0,0.0
1559,2021-04-01,124588.82607905864,124588.82607905864,81430.04348473114,105100.6998393936,26872.765893532054,65660.99548431674,52758.64952552314,4.130031938376671,0,PIF,0.008786223046008873,0,0.0
1560,2007-04-01,70233.90912447235,70233.90912447235,54984.2962658608,189013.34468471308,32369.65323285742,146220.48251246012,180888.2748181438,4.445009668109892,0,PIF,0.039381006676788996,0,0.0
1561,2006-04-01,442957.9713592464,442957.9713592464,277212.68234066985,562805.3658796025,304379.17285915604,135972.6423176214,219330.16353519747,4.506563624839072,0,PIF,0.06190265817968515,0,0.0
1562,2006-01-01,362077.4409602273,362077.4409602273,257894.7346746046,655153.6268796714,398304.7210221166,16764.7184541767,15260.52328268022,2.9028737876527058,0,PIF,0.12463774878568613,0,0.0
1563,2022-10-01,67975.90952793192,67975.90952793192,66234.7789807813,285560.0513974284,271065.95100140205,60457.36450579314,86518.05620496634,2.715251892466504,0,PIF,0.23222329966384822,0,0.0
1564,2013-10-01,62731.53753715156,62731.53753715156,44572.33751204741,534338.2994509058,384649.53531967796,49285.678639098995,48406.72634940962,4.335164520522945,30,PIF,0.1555024455387668,0,0.0
1565,2011-04-01,301403.43341377523,301403.43341377523,227997.54657833744,341076.7225751064,282709.03257201164,80453.63433028459,93350.57371524109,3.3179568918032563,0,PIF,0.20646680577932877,0,0.0
1566,2024-01-01,177140.48057901996,177140.48057901996,77238.23364900998,534353.181409704,228227.81773813788,191080.20614359275,272705.8560403827,3.485107325954113,15,PIF,0.04970051810046639,0,0.0
1567,2015-01-01,318526.85769436794,318526.85769436794,390561.14960518316,620648.695766687,345783.09156482253,170664.31140208428,82727.5315646356,1.944268484834486,0,PIF,0.019805612844185472,0,0.0
1568,2022-07-01,245571.8790564344,245571.8790564344,188156.52638674827,877702.6039266271,815750.134612096,65750.67235997261,68178.80072132945,2.7846280568104267,0,PIF,0.13107161972483367,0,0.0
1569,2024-07-01,465490.65303961455,465490.65303961455,323669.2268286223,453671.4252173706,219536.52123862805,110705.99090887139,59039.38565378142,2.477795552267148,0,PIF,0.01290306000198124,0,0.0
1570,2001-10-01,179514.05673261557,179514.05673261557,85778.23871318798,611537.1530225321,486681.0433901801,46530.56310146576,65841.10797094609,3.6612862363521366,0,CHGOFF,0.03260963506576716,1,0.570819885281504
1571,2009-01-01,355615.4157975021,355615.4157975021,345218.96137010044,553992.1832943442,316213.91527682304,62712.45853622827,78448.81869936723,1.785933120076784,15,PIF,0.08117713965290668,0,0.0
1572,2018-04-01,74324.44022836964,74324.44022836964,87512.7513866354,340395.01298780984,112047.64983645156,22350.617312828057,19170.158543734266,2.6230077068891546,0,PIF,0.020272621574050454,0,0.0
1573,2020-04-01,480137.2403850164,480137.2403850164,209838.16166956138,287512.58799213066,176629.0198015128,132095.23517419896,66945.08830117816,4.39492823599263,0,PIF,0.012821166297117364,0,0.0
1574,2003-07-01,491340.8605587585,491340.8605587585,260776.81344151325,890053.9918306734,288777.6818287596,134814.9471543025,228662.7928531621,3.1857827083541292,30,PIF,0.07189369181501311,0,0.0
1575,2007-10-01,382583.5830573856,382583.5830573856,203439.14395555272,249618.93659524256,38047.31568438004,169315.30795265426,142395.05591212463,4.584175909299248,0,PIF,0.022499219491302246,0,0.0
1576,2013-07-01,259345.61220360792,259345.61220360792,244315.85184895465,728025.7190008742,246594.55086966878,175594.84455117828,137934.57720845036,1.9301097758267227,0,PIF,0.08004861677607204,0,0.0
1577,2019-10-01,148997.0476972676,148997.0476972676,183133.381717243,200201.66063702403,60964.42187898405,40411.28584680733,21878.95139110144,2.759613346393078,0,PIF,0.02043068052532653,0,0.0
1578,2002-10-01,415632.35311158415,415632.35311158415,330008.5681137618,739568.0408762257,330392.36480414466,151177.77977096758,182667.27872119696,3.0016648927804206,0,CHGOFF,0.05193635001983517,1,0.5092118329325198
1579,2015-01-01,381359.34371616005,381359.34371616005,270546.15879019577,232297.3232514294,199979.5442512388,35594.450237193145,27475.884272362866,2.6022696292247454,0,PIF,0.17399875762463507,0,0.0
1580,2007-04-01,149879.31780242707,149879.31780242707,163257.03867328845,873068.4480932569,401858.092057985,81005.85223170408,127988.78601563867,3.7379742493901214,0,PIF,0.14056787555891073,0,0.0
1581,2005-04-01,253046.88237076957,253046.88237076957,270333.0603683374,642509.8783911042,530809.6015641877,107951.94859625203,146369.18605953525,1.5948792463738815,0,CHGOFF,0.07564184637943491,1,0.34658053847255016
1582,2012-10-01,258259.52201755327,258259.52201755327,160658.21913318738,153896.9598141797,91490.26767726692,19399.283676544444,7866.038386326863,3.0776015606874307,0,PIF,0.025733101091550685,0,0.0
1583,2010-04-01,421884.7474877191,421884.7474877191,229819.06932155552,648405.2379563889,101210.71697617916,39785.10519363632,47421.63558015777,1.5550894019040369,0,PIF,0.018306272242230175,0,0.0
1584,2015-10-01,357730.10795033444,357730.10795033444,258291.52254962607,574969.0254808725,173059.56493447072,61512.05899810725,44569.70324492213,3.516789955150219,0,PIF,0.01480617837122125,0,0.0
1585,2007-10-01,339425.3945930248,339425.3945930248,372703.6965460015,356787.922289046,319333.1954019005,34233.04263049597,14429.705637225861,4.3209925330978685,0,PIF,0.20235528128564975,0,0.0
1586,2020-07-01,342422.3401534753,342422.3401534753,351173.64533811505,293803.51816050604,186077.15498171342,187478.2917192033,237556.3734170793,1.0799881867742562,0,PIF,0.09526940070959805,0,0.0
1587,2001-10-01,171711.5357221155,171711.5357221155,171585.9005250641,669383.8410334848,598186.4934443972,64780.6457365521,44496.5366993408,2.8277448868157378,0,PIF,0.07012762986456246,0,0.0
1588,2021-07-01,217270.06692329032,217270.06692329032,249097.02566658903,687916.32581889,273856.74881685816,105222.61625669361,174615.89354476114,2.970814367241181,0,PIF,0.0453252018464288,0,0.0
1589,2000-07-01,70548.02844651777,70548.02844651777,45815.10882121481,348308.79614108,251914.30289288305,199341.50520588038,239754.61402313368,3.881016842612549,0,PIF,0.1335798246476904,0,0.0
1590,2018-04-01,404123.5111154557,404123.5111154557,285196.16627114755,798506.230888393,612949.4550977149,117662.10861693634,81523.26898806905,1.2988797279001432,0,PIF,0.04654099794505441,0,0.0
1591,2008-07-01,244849.19682641624,244849.19682641624,107269.78115872211,300438.3194885629,279575.78710067563,88184.19724849609,156154.67308131096,2.624083125080384,0,PIF,0.11215462631096512,0,0.0
1592,2009-07-01,247207.26068940808,247207.26068940808,292167.1414004608,137288.82929934503,22589.666870938443,186660.55712561417,217462.94501455958,4.141924924690223,15,PIF,0.06983358935176436,0,0.0
1593,2000-04-01,160410.31922013202,160410.31922013202,148249.09341999993,571891.6327586144,521444.9414980715,52274.57351965562,33019.811526050486,3.128578246043497,0,PIF,0.027365368507985474,0,0.0
1594,2017-07-01,144242.27665674302,144242.27665674302,96398.5649557842,167797.86972192524,77736.08391262803,44105.14075935451,49580.31051451521,3.9993847524530453,15,PIF,0.1770661703836043,0,0.0
1595,2004-01-01,314519.8683060632,314519.8683060632,145457.53781917162,306864.5326985179,251749.798299822,111719.23011774887,194736.52552552044,2.4560391210866324,15,PIF,0.05061891029132034,0,0.0
1596,2016-04-01,154648.8568416541,154648.8568416541,162546.55015987865,495892.8422997191,290479.31614818005,91187.33018796412,90630.56981967628,4.68035072754342,0,PIF,0.0690811692421961,0,0.0
1597,2018-01-01,78893.98320445899,78893.98320445899,84721.39004445032,314814.89033298404,189430.30072324237,161427.35468993834,160698.3030161427,1.3093810328780595,90,DELQ,0.02492427738662519,0,0.0
1598,2021-01-01,395378.33719140425,395378.33719140425,395204.68184764544,256297.00078443642,112130.53003001084,17981.907847829778,18801.47665443729,1.36465762321119,0,PIF,0.015342759429340633,0,0.0
1599,2017-07-01,219411.24548286467,219411.24548286467,128005.15117016232,656612.0402226367,533679.8683028043,127367.90663813178,100893.84678868845,3.1139436196361854,0,PIF,0.23737390389600213,0,0.0
1600,2007-07-01,221106.012754687,221106.012754687,270168.2104342245,528539.4599498824,190914.1911125371,145029.03715059653,90860.26513729028,2.88329539614261,0,PIF,0.06113332777116933,0,0.0
1601,2018-04-01,244093.2266821061,244093.2266821061,263093.9846307203,768604.22356523,417961.68027916877,194664.18455655372,235640.7588333999,3.553870109859606,0,PIF,0.26059772457652375,0,0.0
1602,2020-07-01,416770.17053364223,416770.17053364223,413427.96184816246,556616.4676174916,332934.35074530455,37695.00804556874,62267.64027169164,1.9162245389568722,0,PIF,0.027044799386585633,0,0.0
1603,2007-10-01,194376.6031729177,194376.6031729177,191626.0830908681,476426.7136544983,354469.51453681715,56786.21155479885,81205.51130099973,1.9041131639075024,0,PIF,0.05459816836085437,0,0.0
1604,2003-01-01,391116.2950660262,391116.2950660262,474784.64779325813,294230.2083208463,155150.02202349016,187164.21399815602,100069.66236506596,3.996438271078815,0,PIF,0.05753844906347873,0,0.0
1605,2022-04-01,472795.1783507945,472795.1783507945,584127.2942415902,729494.0175748639,506433.9466057472,129819.4806418271,124781.00049898423,2.1670608028186926,0,PIF,0.10888228452436984,0,0.0
1606,2003-07-01,347390.6881661597,347390.6881661597,325183.2785525465,241434.22702278112,129948.41807781116,17229.316219747212,7019.468633274066,3.909166940640009,0,PIF,0.00862523090339609,0,0.0
1607,2014-10-01,244256.48652966108,244256.48652966108,189299.38034135042,278627.2969979914,188757.8760943125,24695.360428598004,20524.72251944327,3.562827940318319,90,DELQ,0.06594878547181332,0,0.0
1608,2005-10-01,386505.3754159991,386505.3754159991,281128.7746554504,770102.6493375173,530843.1390498264,159233.706519257,212915.72486654305,1.3333086133166945,0,PIF,0.04311452259077573,0,0.0
1609,2003-01-01,256053.81638812347,256053.81638812347,291176.96341858164,687777.8710979532,493517.2456000633,117820.15470671898,95001.68933763397,3.844518558944296,0,CHGOFF,0.20196416970319123,1,0.23695526803899472
1610,2019-04-01,236492.27199866337,236492.27199866337,231796.6720233682,582556.2609632069,471078.1987949214,117428.94150758605,185159.799764472,4.518061498423702,0,CHGOFF,0.07937193958574543,1,0.42631538399500085
1611,2003-07-01,286377.4236077075,286377.4236077075,134465.49145187586,111914.83524499022,65199.12634521119,177174.47222914422,189282.20341009856,4.266585029390489,0,PIF,0.0836748155958071,0,0.0
1612,2016-10-01,192975.0506641822,192975.0506641822,101884.53802445452,184351.2469934757,56157.5434698407,55808.60468053337,74606.91992283972,1.0354474635591004,30,PIF,0.06321647266928863,0,0.0
1613,2017-04-01,96912.59732600054,96912.59732600054,117280.45678415743,489965.1173538399,339895.01138095034,40481.8865461838,66285.49898587131,3.158855624554495,0,CHGOFF,0.36536942979140113,1,0.3021934249064239
1614,2001-07-01,236683.40248677434,236683.40248677434,283084.7890626715,691997.9172559706,146492.13011587405,126623.1300481953,171692.661933788,4.653348847093687,0,PIF,0.03274949487945432,0,0.0
1615,2004-04-01,105735.59650818587,105735.59650818587,132872.55316826105,460562.7086372951,149758.42086716444,177660.38855423784,294251.20638025424,3.3949026967966653,0,CHGOFF,0.17690362210896074,1,0.23485705492663111
1616,2019-10-01,234698.66309995102,234698.66309995102,184253.91027416097,94180.28002012213,73811.53629877728,60397.62248684745,92486.36583136611,2.1613042826124063,0,PIF,0.05439525597337414,0,0.0
1617,2012-07-01,300620.17454605264,300620.17454605264,332382.1440371383,231101.3989067938,115101.4650178262,139445.92931035688,166483.0926729186,1.7781785679991895,0,PIF,0.22631365712926388,0,0.0
1618,2003-01-01,468820.03154254105,468820.03154254105,536987.6477038563,562788.6936885789,308653.205262602,38952.01605307209,31789.766297967897,3.739790117419848,60,PIF,0.007947695917429491,0,0.0
1619,2024-10-01,66300.04897038662,66300.04897038662,45357.66787333921,649257.9889441528,610248.9684090392,42662.652207538296,34872.42488815926,4.085015738851492,0,PIF,0.12345307384920404,0,0.0
1620,2006-07-01,329656.28292587487,329656.28292587487,174982.85385723444,107411.2164237616,36319.81268310994,181286.91099392012,294675.26152587606,4.6503390596696015,0,PIF,0.13803752621339102,0,0.0
1621,2000-01-01,255980.83399253478,255980.83399253478,332090.00920545816,115532.03783761027,19136.980875013465,32413.349032211318,15410.535297068816,4.622866334132421,0,PIF,0.028512635587476725,0,0.0
1622,2023-01-01,59117.50769186263,59117.50769186263,25254.838685936207,294274.2946742176,70360.42109064513,14625.651964486988,25127.039547325643,2.357120664462864,0,PIF,0.09386534769365396,0,0.0
1623,2000-04-01,162296.67917242416,162296.67917242416,152169.74403051834,148471.39021698324,51311.93334413237,157238.685141049,134892.5081790167,3.415507726023136,0,PIF,0.029338213343473418,0,0.0
1624,2013-10-01,103318.3635596607,103318.3635596607,101788.32674523792,524395.9103985591,383194.9802157284,78876.81421978427,113142.43913210162,1.406076743435975,0,PIF,0.091327432667009,0,0.0
1625,2024-10-01,147557.36557915012,147557.36557915012,149565.68149454528,181435.62520447798,139824.74811712274,85365.12491840486,73588.29345232238,1.3778502006551898,0,PIF,0.2466343641851812,0,0.0
1626,2014-04-01,173556.60955741318,173556.60955741318,109351.93991984238,611539.8546191665,368386.2043741035,161972.93353255713,280961.8049896828,1.2858742672021863,15,PIF,0.08139825056310944,0,0.0
1627,2014-07-01,230587.85092198834,230587.85092198834,241983.8068603013,717324.7618322213,253959.59203669266,44187.800399696156,19931.51018995152,4.708576984351648,0,PIF,0.03099026475053706,0,0.0
1628,2009-07-01,288067.7270700006,288067.7270700006,171331.04812803768,875823.6642767275,496936.66793844075,133562.11888899677,119490.87248618374,1.6097297049099741,0,PIF,0.057021302054625106,0,0.0
1629,2003-01-01,50445.49726687375,50445.49726687375,57817.32126493926,857693.7085429258,138917.2575772103,69570.38247915055,112317.5885500899,2.9293047939545143,0,PIF,0.034046349874246415,0,0.0
1630,2014-04-01,122841.21228293335,122841.21228293335,73361.38700153817,304159.4231929281,211524.85866033068,29811.007522900385,23362.26517903747,2.732289459177629,0,PIF,0.11924492374362163,0,0.0
1631,2022-04-01,92104.87352396033,92104.87352396033,94594.9680318736,104115.87415100171,66783.88269884938,140624.2493043167,110511.99450713601,2.299084438506618,0,PIF,0.07896582072788896,0,0.0
1632,2002-04-01,297353.02966823464,297353.02966823464,328596.54801341065,350118.01721164974,58622.791502020795,70546.18556467787,116983.39157602613,3.1509226094057454,0,PIF,0.03294168523006455,0,0.0
1633,2022-01-01,198083.6916805714,198083.6916805714,112917.84127324432,660953.6973443757,531148.5426200281,174654.77981321345,272953.1366877543,1.0111635618943544,15,PIF,0.0332542791660031,0,0.0
1634,2010-04-01,296778.98121562315,296778.98121562315,182278.04109466876,129036.99160348222,98163.7594665945,184616.77354406114,101184.70095094987,2.5205973532783896,0,PIF,0.0888844011211665,0,0.0
1635,2013-04-01,149820.48597860502,149820.48597860502,164981.32507987987,374964.3792905715,148702.99724529576,171319.83476498103,207682.79071588168,2.917376241878616,30,PIF,0.11480728141018459,0,0.0
1636,2004-01-01,60903.20933941319,60903.20933941319,29075.135770977286,324388.32898846373,213545.26532979007,71246.83201273777,50781.412043647135,4.213217544821202,60,CHGOFF,0.03417158683632712,1,0.6515393205368768
1637,2015-07-01,473615.1055716111,473615.1055716111,270758.58400594065,259863.4213715609,164024.3287392759,54950.69862833467,38531.07712057393,3.8038537172065814,0,PIF,0.09596431936013772,0,0.0
1638,2004-07-01,98738.6545350473,98738.6545350473,79976.1197127097,659027.2188788585,174341.84380557493,179632.12205748196,226617.70254916322,4.399047216071829,0,PIF,0.06276957361304814,0,0.0
1639,2006-10-01,107086.43658277256,107086.43658277256,132483.45594378017,620459.5441199867,188996.59391109133,96059.92693652764,55081.97532604973,2.5051929410604847,0,PIF,0.030279374411212017,0,0.0
1640,2018-01-01,115946.07192956323,115946.07192956323,105011.20384594433,519105.15710816154,361590.43651339476,144470.547476023,152805.14024510395,1.563622111189554,0,PIF,0.16256595385282174,0,0.0
1641,2001-04-01,491574.4357969727,491574.4357969727,368145.0418723377,826835.20453891,741539.9737938753,167161.19826802053,126733.33400654882,2.604225855732212,0,PIF,0.17792037219834303,0,0.0
1642,2011-01-01,327947.10807649826,327947.10807649826,419947.15973601927,164573.8592388234,100559.14662679756,62760.464424886275,100133.78511647755,4.85223853570003,0,PIF,0.0974995418520478,0,0.0
1643,2014-10-01,324630.47826673277,324630.47826673277,265333.5321113706,202745.16407206727,122508.87009780732,32628.511307610133,38380.654386203525,1.8573103762290741,0,PIF,0.05310870692274016,0,0.0
1644,2003-04-01,494014.1906833383,494014.1906833383,390449.78507088777,394428.73695991875,263220.18578969565,128717.2370352243,90250.39500470966,1.699021451896253,60,PIF,0.17940549252295962,0,0.0
1645,2007-04-01,89797.44617359465,89797.44617359465,69187.12601899021,617823.2825275785,310433.11768031464,122136.52859501277,207272.02959834062,4.777349104636302,120,DELQ,0.03504711259564479,0,0.0
1646,2008-07-01,488525.4016440301,488525.4016440301,332667.26647755987,558945.0196412379,108065.10808127734,61338.013805129405,95199.97976124716,4.799692339240851,0,PIF,0.14158997242453789,0,0.0
1647,2016-07-01,141805.9159493184,141805.9159493184,98289.27211302679,140715.0037237042,65742.48277321867,121094.27706321502,93413.2300105935,1.5969474177196625,90,DELQ,0.060417369662803984,0,0.0
1648,2024-04-01,330382.176602916,330382.176602916,336677.0651480585,865908.3390721033,753514.967668153,160167.87835088515,279568.4301866015,4.077811446204796,0,PIF,0.1847568646788469,0,0.0
1649,2020-10-01,239037.60438625625,239037.60438625625,104400.16078055905,330153.149498341,262127.54948705688,76502.0866453842,59276.4548307127,2.7189700167430817,0,PIF,0.21914869731523773,0,0.0
1650,2004-07-01,222778.3160647302,222778.3160647302,225815.9102297216,374357.54330213694,333904.0384817294,56040.366595858715,45375.90561612034,2.9688628640196866,0,PIF,0.060675075620583864,0,0.0
1651,2000-04-01,469059.49781575816,469059.49781575816,272562.9918905775,591376.4352156073,161011.26368550555,147750.23058581568,138936.73666901438,2.9947525858325847,0,PIF,0.07558443369911497,0,0.0
1652,2001-04-01,117152.4777981154,117152.4777981154,87370.81872799151,855035.7243169824,474344.9244583405,159315.683169541,100484.75206909313,4.873486244473375,0,PIF,0.04293165111143744,0,0.0
1653,2014-10-01,498681.0549843096,498681.0549843096,265241.0104831567,623404.3560646831,385128.31646894524,191314.99319509487,260537.0803418929,1.7386444570003543,0,PIF,0.07766948860100875,0,0.0
1654,2003-10-01,220606.27749119684,220606.27749119684,197988.82618745876,862914.1302291173,274355.2706291607,38041.30635431952,44899.09847804502,4.092254941011273,0,PIF,0.20383449508130036,0,0.0
1655,2005-10-01,341948.7067498495,341948.7067498495,361239.8799768701,233824.71743279276,72667.15514249305,178960.17935875698,295686.5043229982,1.0226964334384334,30,PIF,0.10235292036317699,0,0.0
1656,2021-01-01,485558.0291675121,485558.0291675121,349208.4879558823,587424.1417578066,455621.64069090196,155368.77412608147,114541.79358689576,3.514440427635223,0,PIF,0.05433350633632291,0,0.0
1657,2021-10-01,75920.47267053866,75920.47267053866,41534.18649636811,759680.6913385536,522266.44675946527,143360.9825068687,91510.64702097468,3.6107119067962383,0,PIF,0.07074926577038479,0,0.0
1658,2020-10-01,465288.96331633575,465288.96331633575,280967.0779884423,497400.0639689747,332138.9073647733,69480.18954617185,62676.18563715966,4.014824837802751,0,PIF,0.031847740113372575,0,0.0
1659,2006-04-01,305515.1234094545,305515.1234094545,347157.33170337015,376982.41418005916,137067.02329999613,14216.660725749283,8594.71290582824,4.703849451224501,0,PIF,0.0204787063384776,0,0.0
1660,2015-04-01,366978.59553985356,366978.59553985356,235190.65941719615,887501.9946261393,492932.3990618699,106434.59388269404,183558.31816152678,4.015340422622557,0,CHGOFF,0.05789653620267439,1,0.6123970617054308
1661,2015-04-01,117132.88274885676,117132.88274885676,128521.98629272013,195609.6191252616,32951.60672101717,64296.18153228608,90299.18889923075,3.928575943358035,0,PIF,0.07296190615130424,0,0.0
1662,2004-07-01,290024.3438739645,290024.3438739645,202460.03913496167,416962.21257349843,105890.40677199805,65065.99359607133,98553.39898213556,2.0151500652839,0,PIF,0.056519878301802835,0,0.0
1663,2013-10-01,353081.17162635963,353081.17162635963,201206.5889208478,796166.4770997413,449516.1424914897,186156.32966660417,269416.80936707946,4.971358836685917,60,PIF,0.13374801319841173,0,0.0
1664,2013-01-01,255311.2883244568,255311.2883244568,269245.5921608787,818394.2121348551,325506.3302488578,39064.08949010975,28905.349758572676,2.8736352436957033,0,CHGOFF,0.0654802075999154,1,0.3319876843493091
1665,2009-10-01,119743.33014772553,119743.33014772553,98391.95999726314,883913.3232790148,815441.6896986029,187504.15212220524,111924.84596216424,2.6698004091168923,0,PIF,0.040847804901772485,0,0.0
1666,2018-10-01,159853.58378850948,159853.58378850948,68441.23615200217,805575.0256567928,424689.3082826052,105723.27490204059,105850.88460896297,3.007510293108374,0,PIF,0.14351658483628418,0,0.0
1667,2016-10-01,434476.7559470743,434476.7559470743,549156.1038062961,121784.76081767828,26409.186758531843,169273.06245157798,264172.0727837889,2.5762258230147337,30,CHGOFF,0.0224054297183877,1,0.31441221807762604
1668,2013-04-01,65511.94677474325,65511.94677474325,34916.43295631127,842408.5296945403,138385.71586829875,63881.63857396297,55112.060500345644,3.374550284903818,0,PIF,0.007527325939992072,0,0.0
1669,2018-01-01,368987.9352983656,368987.9352983656,264957.79362466413,431097.0969535639,314789.81570979074,130444.92617609967,53924.38268063815,2.3984983591401057,30,PIF,0.060368415104603834,0,0.0
1670,2019-01-01,499725.5164315371,499725.5164315371,372952.7344965981,614327.7337143972,176438.23661971805,115751.79518744918,153265.21375952737,1.9597793957783836,0,PIF,0.008027542832707478,0,0.0
1671,2014-01-01,53367.348248044975,53367.348248044975,44854.55758827437,403306.21271703765,121092.64810343173,185591.55698938842,126218.64633775924,4.711979607182958,0,CHGOFF,0.07217713714084004,1,0.44405427585085855
1672,2006-07-01,122470.55726897296,122470.55726897296,135562.61331455378,747207.8228231099,365418.83112430235,44066.701100059996,51116.0172268249,4.711313919883247,0,PIF,0.10159930437904427,0,0.0
1673,2018-10-01,353364.9354019105,353364.9354019105,143282.85631634688,552253.8065846681,199500.843410893,48868.27905107112,20565.339032152624,2.9849816511227547,0,PIF,0.007973448040257802,0,0.0
1674,2017-10-01,76995.87556340672,76995.87556340672,95415.20205328701,773346.6068942836,497464.22504254384,190303.2358961735,211691.37811259093,4.848589375777214,0,PIF,0.028778489020823212,0,0.0
1675,2024-07-01,315405.49273513653,315405.49273513653,309535.9586913867,238892.60664702914,128656.57026074713,28613.277949359952,27212.711788821383,2.6628686393774297,0,PIF,0.022077869307006826,0,0.0
1676,2003-07-01,357800.0466024752,357800.0466024752,449248.0105768621,231686.13769901986,55410.16817524667,130589.66911835932,213197.66174241508,2.549515473866474,0,PIF,0.10459501291006155,0,0.0
1677,2010-04-01,314665.8566513316,314665.8566513316,357350.46376862744,441108.97729952534,343091.3328881281,21507.181510898095,30336.725166758486,4.667624542856698,15,PIF,0.055943866094351064,0,0.0
1678,2023-01-01,214333.11635948025,214333.11635948025,264713.05762707477,83896.26686923404,41166.81450923634,24628.25354291463,11093.536164250534,3.531668012092695,0,PIF,0.04075268007892737,0,0.0
1679,2012-10-01,363777.0331939875,363777.0331939875,342277.9909081947,648139.4230149316,413945.5562173018,123458.26115132714,185845.591581212,4.050069479987529,0,PIF,0.07879598629573663,0,0.0
1680,2023-07-01,317432.4926062192,317432.4926062192,229052.33000125273,322764.056802569,49432.563113595825,114759.91280927115,173025.6362707418,2.650975326256085,0,PIF,0.05203312135092279,0,0.0
1681,2000-04-01,143436.7274422639,143436.7274422639,114551.82035296004,536985.463895849,349641.98961581266,118874.97776318261,157957.9045336479,2.6280066579040606,15,PIF,0.1087829632369862,0,0.0
1682,2000-10-01,303410.9946132994,303410.9946132994,301053.2118485177,137402.91957789444,51701.95486327651,99993.89834448915,170091.16401633853,1.3332148195124018,0,PIF,0.12422734879845605,0,0.0
1683,2019-10-01,446858.2477125174,446858.2477125174,350443.5195580551,219928.37469380905,119970.17944434681,151048.27471050492,230281.39319693734,4.866975538455093,15,PIF,0.2129984043581286,0,0.0
1684,2008-10-01,350074.97856070247,350074.97856070247,370556.29201162315,590744.5194179849,229313.1299328898,198515.82190933073,140243.1164093689,1.9118358673684241,0,PIF,0.039590647893412864,0,0.0
1685,2013-01-01,262306.1783272312,262306.1783272312,126605.54320729406,330643.35423105536,313122.09857245034,62398.436814167566,58290.38824342119,2.977068254535724,0,PIF,0.12309061826055477,0,0.0
1686,2010-07-01,194712.84629125302,194712.84629125302,223333.29504332936,256071.99292021964,85700.60020085052,71453.5367898402,63585.96730310364,1.4584410873842821,15,PIF,0.05045389325800921,0,0.0
1687,2010-01-01,88648.79424690778,88648.79424690778,51750.48673162513,267654.13066236966,235612.63404207877,71379.4130452108,79007.79822922144,3.587814453417465,0,PIF,0.16078013575655764,0,0.0
1688,2023-04-01,160082.2097415629,160082.2097415629,200031.18118831035,256151.87907490626,226533.88399827262,155021.09979811194,268992.46793291153,2.563501800991068,0,PIF,0.09893604333937632,0,0.0
1689,2002-04-01,55034.0388890946,55034.0388890946,29717.89779814248,590737.7785330495,287571.4591602868,76122.94521350834,96054.8033102324,4.070647496369711,0,PIF,0.07128497149824208,0,0.0
1690,2019-04-01,493981.662886234,493981.662886234,255016.9350929171,217506.79586495482,85524.21425210236,138580.04284070362,116145.96870164077,3.11351461795186,15,PIF,0.045061191933984744,0,0.0
1691,2022-01-01,150117.01345793298,150117.01345793298,169735.58070047296,377419.2145275101,171660.99163320812,94718.63583226647,162738.4404413559,1.5179172607397509,0,PIF,0.11155877752749849,0,0.0
1692,2016-04-01,416694.1742084177,416694.1742084177,473711.123499234,644067.2297866308,606370.7927368496,125482.88673437237,173214.07496551037,1.042962034379784,0,PIF,0.18752184829042615,0,0.0
1693,2009-10-01,125890.19681224038,125890.19681224038,134058.39061406822,501210.2670250735,323299.15792415274,167512.92083293086,129405.86426448822,1.8497947292012178,0,CHGOFF,0.06337369532523639,1,0.3831518525585728
1694,2004-01-01,177620.51732250827,177620.51732250827,224597.13304150754,569770.3140358968,333785.2328522771,107671.15063529908,179715.84228965727,3.8973859792818226,0,PIF,0.1399514154546773,0,0.0
1695,2017-01-01,238224.79365276505,238224.79365276505,153294.23995773707,285743.72316027374,51072.20578760656,100282.90816087405,88439.30184974993,4.314056510403454,0,PIF,0.02631187248333743,0,0.0
1696,2011-07-01,195982.5488637223,195982.5488637223,224200.87373955754,844826.1959954686,699747.9311365921,60725.170885007574,68175.89344569278,2.3653401426384577,0,PIF,0.13557917715926238,0,0.0
1697,2003-07-01,409257.8657419375,409257.8657419375,293370.9666789827,419380.9836193952,91024.27913418517,108021.87054575892,115681.91569783937,3.143700284931418,0,PIF,0.014805167720308368,0,0.0
1698,2008-10-01,480962.0336069404,480962.0336069404,425006.3156730405,315310.4280221143,59145.26592717526,59858.33185282474,101345.13739396977,1.960053161834224,0,CHGOFF,0.08139253955409799,1,0.36973003365275325
1699,2024-01-01,443882.51764288184,443882.51764288184,355567.6637981646,821547.4709279473,303879.2930506579,170278.33908641216,131442.73746744756,4.521772963679843,0,PIF,0.029347299955664975,0,0.0
1700,2006-07-01,119110.04012649045,119110.04012649045,48271.13284245099,617337.4845167974,327578.335163891,83884.16510370093,72696.48749951608,4.860828583636728,0,PIF,0.06435605652656612,0,0.0
1701,2004-04-01,399509.90435718064,399509.90435718064,366356.96414075285,583435.6077735294,505390.10797650815,34530.450048641236,45726.05954821964,4.01176009490776,0,CHGOFF,0.1934108075048608,1,0.4059705883656588
1702,2017-01-01,116576.11098712015,116576.11098712015,125057.64079679479,807122.4147762578,631220.6087598519,55593.8303060084,91244.04023059958,1.3555468823673245,0,CHGOFF,0.4,1,0.3559843242079982
1703,2004-10-01,461021.4979529456,461021.4979529456,256833.76039359404,128003.03474253521,39438.46661891881,111570.47881877868,62572.93373392902,2.748474322475676,0,PIF,0.041829537116895917,0,0.0
1704,2022-10-01,283045.3590508603,283045.3590508603,350548.92476756225,766897.1998462158,343311.97875371546,184094.62800765297,127731.65087603277,4.962022726999907,0,PIF,0.03585466368157106,0,0.0
1705,2021-04-01,201371.48962551804,201371.48962551804,176675.20666466074,635848.7787301827,492269.1723087523,67106.68472920814,115909.9054715653,1.917539317253059,0,PIF,0.1144062928570362,0,0.0
1706,2024-07-01,120661.47380038675,120661.47380038675,67621.2724154701,375194.0917197061,214488.6914223438,60233.3787788692,89640.2747901821,3.6818866807019153,30,PIF,0.22382881919155437,0,0.0
1707,2022-10-01,55314.089680552075,55314.089680552075,54282.63755218906,290208.1008695616,84042.39521991399,87246.36861392572,77169.21014610706,4.754253925710627,0,PIF,0.03538176194688983,0,0.0
1708,2006-01-01,161576.14624739814,161576.14624739814,92539.57695630404,165940.83790287725,77468.5114360208,193873.35087550784,174619.54243516648,4.092813553053549,0,PIF,0.01687547830341307,0,0.0
1709,2005-04-01,461309.02847659035,461309.02847659035,210901.26785082396,851680.8196022859,554230.1381429376,170591.73814765725,180374.73402169737,3.4354406226571155,15,PIF,0.10797213840289614,0,0.0
1710,2008-07-01,408767.9865225024,408767.9865225024,415628.6332082058,196367.92473021967,182343.43355463573,38436.910704191396,51633.04396800894,3.0268206355822502,0,PIF,0.15719098192781397,0,0.0
1711,2011-07-01,486407.16848782374,486407.16848782374,243021.37367437358,292739.59929932514,198901.8164950013,126613.12454905018,150094.4839841242,4.715257449348133,0,PIF,0.031567343900196575,0,0.0
1712,2021-10-01,95342.68450461788,95342.68450461788,47251.42480434316,646707.8872469653,105385.01440727565,160454.19863536657,238526.06648642823,2.5789334684307814,0,PIF,0.04418534433776498,0,0.0
1713,2018-04-01,316480.43457755126,316480.43457755126,337352.0682257984,662324.999066514,472904.4347899962,155921.96486034515,74192.89559049526,4.6050759995382125,0,PIF,0.05683559877622374,0,0.0
1714,2016-01-01,165717.71331384947,165717.71331384947,74520.27439689325,211830.33777412705,74287.17218556424,102880.643433377,159121.07139670692,2.724211716030283,0,PIF,0.05539157185059589,0,0.0
1715,2021-10-01,294323.76759758336,294323.76759758336,332230.39113464986,747587.5518278147,627769.5503450783,149047.963278068,71732.5953531684,4.026180095035311,0,PIF,0.1524053306389579,0,0.0
1716,2016-01-01,194204.6985035548,194204.6985035548,216836.12607488464,498435.5607246172,227840.83943926633,120881.4560126669,197443.35747722248,4.662855597069907,0,PIF,0.03783771748981735,0,0.0
1717,2009-04-01,177559.4976095109,177559.4976095109,93618.97049310154,775734.4760543894,240238.7847880858,48274.54674191851,22233.14226213678,3.202571634512878,0,CHGOFF,0.1086682095648746,1,0.5982518454894419
1718,2010-04-01,308230.3859110689,308230.3859110689,267094.7546275364,151574.0196749865,79479.01179521346,20650.191720936644,11955.74659095071,2.239519393337032,60,CHGOFF,0.027310662525207488,1,0.4842458259456646
1719,2012-10-01,132493.17284129316,132493.17284129316,64519.265224757866,115120.59925682553,40770.92487434095,80204.93920956407,52314.32290716537,1.2039468786346972,0,PIF,0.02986442447079361,0,0.0
1720,2002-01-01,261110.0466374526,261110.0466374526,253097.6492848275,602332.1128253668,203984.1012570316,21768.410370032576,15505.009490574681,4.2370398540191,0,PIF,0.04604225700731536,0,0.0
1721,2018-07-01,342865.51926981565,342865.51926981565,156565.08612524866,203019.51363004983,123559.5926250843,85052.5467449695,81860.26114106152,3.4880396827736684,60,PIF,0.03014991038798927,0,0.0
1722,2016-04-01,107681.93293226183,107681.93293226183,134605.9449766209,510458.2175013059,389927.3003250472,167487.01029844437,220693.41441019726,2.052182591301983,0,PIF,0.051730333977142925,0,0.0
1723,2018-04-01,468767.42189460684,468767.42189460684,275146.6298985654,91569.18261329715,74900.24904096808,170415.88819668046,281125.67266791686,4.509646612646359,30,PIF,0.06401590501145668,0,0.0
1724,2013-04-01,277576.11475435615,277576.11475435615,281630.1667480064,719541.9936495242,336843.43617751915,16474.045054603394,18686.574117477492,4.681211055103205,0,PIF,0.09771799649115236,0,0.0
1725,2019-07-01,418787.587347954,418787.587347954,215869.20542227174,817614.7395463713,166338.0043511788,23211.738826803885,26588.713440218584,4.548664318051504,0,PIF,0.00866337452187692,0,0.0
1726,2023-07-01,344257.4437794785,344257.4437794785,202642.60128540167,767883.8648107161,412491.85355639894,137274.74664233648,116275.43564864366,3.406071593424734,60,PIF,0.037045804220142774,0,0.0
1727,2014-01-01,369500.42355014547,369500.42355014547,297763.64705603354,865849.306783343,430348.9089618875,104999.75203901797,159699.64523606093,4.906326428677174,0,CHGOFF,0.08835500052936168,1,0.37791609115093905
1728,2011-01-01,372258.9234467771,372258.9234467771,340909.7067252762,820538.5188202076,252383.82937368014,38378.09461877427,21287.589131018027,4.499222524807072,0,PIF,0.022819911055418515,0,0.0
1729,2002-07-01,443794.9536776627,443794.9536776627,576479.4004210174,444094.7749980995,384992.8308411486,163050.6273690977,133953.3384604465,1.4170416197826374,0,PIF,0.1497336575161853,0,0.0
1730,2019-04-01,326122.44577111583,326122.44577111583,138058.590731621,406645.53092379024,377903.25647703314,51134.270914220164,27396.411802982053,4.924423903837377,0,PIF,0.042652625714028204,0,0.0
1731,2022-07-01,175197.7182746253,175197.7182746253,70128.6643536524,814870.6077366653,155964.40120944422,24848.358392185044,17390.2018025696,3.195225490679403,0,PIF,0.007619283959740354,0,0.0
1732,2017-04-01,94779.33928945572,94779.33928945572,67798.54128704632,840089.8121929262,660812.213275044,152406.35623900162,186124.29288427587,4.680143614231888,0,PIF,0.13220592427139663,0,0.0
1733,2021-07-01,322812.77875256364,322812.77875256364,235505.0705944459,877725.4776207904,585068.3210246303,125543.93518007317,72356.5619695348,4.041365739330727,0,PIF,0.14229888262087992,0,0.0
1734,2021-07-01,79858.76169676147,79858.76169676147,95467.43717339702,710020.1325710819,255003.02523113872,84944.12035895149,45943.29429914428,3.5902667014216747,0,PIF,0.02707432935886035,0,0.0
1735,2019-10-01,158582.0532602886,158582.0532602886,193680.1140691245,245630.84055193188,161655.77105519746,141617.97871887157,220396.53909294287,2.3066895266254543,60,PIF,0.02599689677555417,0,0.0
1736,2012-07-01,77318.23307086027,77318.23307086027,92199.86504052131,854862.3916107924,216207.13994720334,183162.33085132853,103600.05399569432,1.1081200943373366,90,DELQ,0.01213102511690616,0,0.0
1737,2002-04-01,296999.41505295516,296999.41505295516,157071.37064931437,856656.0027893,176064.40199095212,16494.66412566307,20639.355738464576,2.106945009768334,0,PIF,0.0727850567623647,0,0.0
1738,2000-01-01,122152.15622429061,122152.15622429061,94166.40727675785,626227.7184086366,591654.4751484025,129259.09315831373,115404.54205880556,3.743281291494382,0,PIF,0.09186457388759627,0,0.0
1739,2005-01-01,324683.29374506295,324683.29374506295,347832.12362259225,782969.8184065775,516052.1867744238,51451.78643295637,85148.28017439986,4.45245962748632,0,PIF,0.3750602911010166,0,0.0
1740,2010-10-01,405889.3088884704,405889.3088884704,276552.66478383745,540164.6653544409,190450.2311961,100086.17438886293,139176.8366775124,1.0093863884619183,0,CHGOFF,0.14056521662728988,1,0.4793407033294325
1741,2018-07-01,419846.32434733806,419846.32434733806,418550.7733327122,854184.0952376126,435657.0922455314,90556.41448784021,43757.069944343086,1.831895095147289,0,PIF,0.02889908451996087,0,0.0
1742,2011-04-01,189294.57866193235,189294.57866193235,116118.70399817076,157027.84520551478,142906.41679799056,84096.13688856065,139066.02707644916,3.6922708616083475,0,PIF,0.03571716240830825,0,0.0
1743,2000-07-01,297029.5397125232,297029.5397125232,205270.38187864746,788450.231117512,394997.8399209279,46167.659047017776,45219.303878835286,2.134540417281625,60,PIF,0.04483341874812689,0,0.0
1744,2005-04-01,303354.84203886153,303354.84203886153,356255.8871428407,125512.97581045426,109240.92458266095,162503.4879245466,132849.59608647673,1.566811416214462,0,PIF,0.0787629673753012,0,0.0
1745,2024-04-01,262799.23196937493,262799.23196937493,164369.91684476868,358067.78281877685,302584.23399298254,82108.91113626305,110181.52336611827,1.3277443928940929,0,PIF,0.054221907100454776,0,0.0
1746,2024-07-01,344801.2511411442,344801.2511411442,437170.6369535557,190967.02694451477,81223.06083211323,178567.28957793117,250916.2357742067,3.551515987298224,15,PIF,0.09886950830323708,0,0.0
1747,2009-04-01,144539.2057205901,144539.2057205901,97655.54460216971,472890.775819588,334242.60670529003,77386.97185983325,63809.511814582314,3.379439268113379,0,PIF,0.12172252228815432,0,0.0
1748,2020-01-01,490659.4578140574,490659.4578140574,206653.64377397395,270441.84955382533,183467.42702547266,169545.53548903915,151288.73055462865,4.434454288598677,0,PIF,0.01058818696612439,0,0.0
1749,2017-10-01,94135.9221909196,94135.9221909196,59250.16735844631,860699.3510538776,660130.1479121175,113448.60298969068,70209.11026735711,2.259350668981059,0,PIF,0.12428053771794818,0,0.0
1750,2023-04-01,423149.51354140363,423149.51354140363,234460.5646401322,538643.4935957958,238480.81479907196,83268.79462336052,102488.98029545428,1.546874473342211,90,DELQ,0.09626278856679983,0,0.0
1751,2022-01-01,317343.1941280345,317343.1941280345,271691.55714794266,816139.2037690544,156526.6839989177,143766.12077361924,250105.9918523487,4.1966203547607375,0,PIF,0.070990962828138,0,0.0
1752,2015-07-01,160184.63623717218,160184.63623717218,80323.69836940078,308007.94462194375,88346.34777710082,159464.37867465024,156797.2169094093,4.952743699409332,0,PIF,0.04759150332948924,0,0.0
1753,2009-10-01,385553.7502971349,385553.7502971349,371459.4433610045,101301.59915617987,65161.53949502032,101711.25015215154,182540.02665584034,2.441558162472875,90,DELQ,0.0454445540739857,0,0.0
1754,2015-07-01,88016.40305468238,88016.40305468238,104511.48352551364,716037.1030208158,551405.9593546214,90829.88139287199,58765.157200407295,4.461398456959721,0,PIF,0.1916562568926397,0,0.0
1755,2007-10-01,398488.0255019524,398488.0255019524,289408.7002762126,655949.6811770169,495136.3407989071,119709.6043707412,181304.8935426109,4.050181883043449,0,PIF,0.12605445825436307,0,0.0
1756,2008-07-01,315493.3500093561,315493.3500093561,174039.83922300578,527303.1494528388,325317.18290495046,121181.04191608645,205929.19202388765,4.646341179034993,0,PIF,0.18557733641494625,0,0.0
1757,2015-01-01,99837.64327838071,99837.64327838071,75878.85485975626,748581.0383779544,163045.8283408885,90841.0510123906,123841.43317436789,2.6974899063237174,0,PIF,0.020430220006614815,0,0.0
1758,2014-04-01,85777.5033915666,85777.5033915666,94987.44588000263,768869.1855714687,125964.5319989238,153955.94690410115,85146.38411095293,1.405206019295297,0,PIF,0.06608630482814297,0,0.0
1759,2014-07-01,387876.35004640813,387876.35004640813,361632.21212605294,562080.7125749025,436013.543918377,85947.0750732235,73670.21398330145,1.4734248254597149,0,PIF,0.05530639120083295,0,0.0
1760,2009-07-01,181821.15792672674,181821.15792672674,89279.44171797996,872060.7893202283,514080.83586486947,96069.68514767362,49949.71683887602,4.052793681832169,0,PIF,0.16867566366285178,0,0.0
1761,2010-01-01,450185.83284524607,450185.83284524607,397724.97495613334,670163.7970462084,520160.8213653866,125010.46261310736,155318.92040639615,4.453327357993471,0,PIF,0.05434666833107957,0,0.0
1762,2000-04-01,392932.8594635792,392932.8594635792,322706.65845303354,635037.8084533556,177957.133523495,197501.29136682628,354990.46684593876,2.828066963748204,0,PIF,0.1728355975286165,0,0.0
1763,2015-01-01,364185.6101229722,364185.6101229722,252890.86293318062,376365.8698980892,179127.0213518487,59530.361092679566,55045.13286293125,1.2382835569485837,0,PIF,0.02802639848167667,0,0.0
1764,2014-04-01,175372.72368505294,175372.72368505294,87536.33686939736,81852.03445200628,72466.50609030678,54071.03198318972,33963.26204159145,1.2668241614391587,15,PIF,0.08688083543506403,0,0.0
1765,2023-04-01,369025.03355972806,369025.03355972806,473459.39189520077,277572.99259322596,79740.72325175346,43608.580637466715,33844.4568832291,3.394401400249695,0,PIF,0.0506089351769484,0,0.0
1766,2012-07-01,476666.4580316753,476666.4580316753,266189.1343909599,706414.8155879965,140733.0354665506,140994.40071854537,169069.59449627678,4.674497400859881,0,PIF,0.02664685399160287,0,0.0
1767,2011-07-01,91201.92546675602,91201.92546675602,52301.4406708326,662094.4286384828,445439.85557486117,95327.98110949747,114064.36229810744,2.598334054823666,60,PIF,0.007577766980131649,0,0.0
1768,2001-07-01,196773.1889016047,196773.1889016047,104491.36907709554,351438.1587606772,219869.92930563824,83835.2046141122,60507.98902096616,3.602479260796623,60,PIF,0.4,0,0.0
1769,2004-10-01,155602.51945771737,155602.51945771737,142092.13384201282,592978.0391215198,540573.2519061377,48777.171088285046,70775.0234277142,3.168031075827086,0,PIF,0.1646191621718146,0,0.0
1770,2008-04-01,226962.56048030002,226962.56048030002,181411.768560739,240135.7331679725,210160.72708209747,179316.29170663428,93821.36951192355,4.559031377808246,30,PIF,0.010014535394644046,0,0.0
1771,2009-04-01,384049.6946842759,384049.6946842759,239878.00148092074,296174.72980061616,221996.08413245078,94202.87669225331,119850.21238103748,4.329550446568941,0,PIF,0.19295066760899895,0,0.0
1772,2009-01-01,263409.16164142394,263409.16164142394,207166.3126364019,856874.6370000473,141663.47655228782,125461.7291824025,124957.18841798567,1.7973942406776149,0,PIF,0.08158734981228608,0,0.0
1773,2009-10-01,306828.77275411086,306828.77275411086,308721.8037875539,418808.0698071875,223773.16167018036,31380.619875580396,18139.41128775061,3.710172394238874,0,PIF,0.02574487919333593,0,0.0
1774,2019-01-01,191369.69963525407,191369.69963525407,125065.9313440875,280889.82732506073,243498.2086743922,30514.721170131208,39307.191822746856,4.390012743238152,0,PIF,0.057504141673354846,0,0.0
1775,2003-04-01,113580.17018919525,113580.17018919525,138990.46198150353,479428.762407973,238238.15795447165,22797.3629161592,30600.19775240314,4.720997527250156,0,PIF,0.07763548932586728,0,0.0
1776,2008-04-01,170120.14202197784,170120.14202197784,114952.15564770397,397353.02142564027,365452.16020582226,79795.75535927578,81074.75475233416,3.359708562100888,0,PIF,0.2821044348052363,0,0.0
1777,2004-01-01,436856.13555889414,436856.13555889414,252660.6072222285,678213.8106262666,455753.15938625444,99848.4544164632,151489.07128926567,1.7036449406420666,0,PIF,0.14196340912090438,0,0.0
1778,2007-07-01,321087.6329690347,321087.6329690347,404284.9906022799,868935.2073225225,206429.20254983884,56469.848395355,62853.38178780222,3.2329283363377823,0,PIF,0.10069521886427502,0,0.0
1779,2017-01-01,220094.90293875517,220094.90293875517,248598.19410444706,565224.6880553074,315066.22307443386,76438.72611668882,61155.27926749446,3.6632760466334027,120,CHGOFF,0.16278339313513696,1,0.13062459777349877
1780,2001-01-01,405457.6917810144,405457.6917810144,287398.0871114318,564740.6932882704,398985.7467511937,11189.406464516249,19414.087811311536,2.08995624608027,0,CHGOFF,0.1428475052035608,1,0.47731501391849945
1781,2008-04-01,79005.84460470894,79005.84460470894,91432.56851111665,379163.76415325614,76703.00108155185,76706.80839966501,132063.17053420166,4.892005928502758,0,PIF,0.015663430178242795,0,0.0
1782,2000-07-01,164250.98956507357,164250.98956507357,142394.57426760448,542997.3642197421,231164.63462815667,32642.553617861027,17426.87855289593,1.9173050052322957,0,PIF,0.03015922294136104,0,0.0
1783,2023-10-01,153546.41932580268,153546.41932580268,109336.91178055761,341849.6704374533,247384.59063117314,34393.05089103902,59311.29073326002,4.645410086924153,0,PIF,0.22954414702915868,0,0.0
1784,2018-01-01,493414.05297569995,493414.05297569995,570214.1627782021,80895.50093612038,22299.418369655166,10856.158536400628,16128.726949033029,2.7007230300985707,0,PIF,0.07370522684619647,0,0.0
1785,2006-01-01,367744.3620767421,367744.3620767421,396041.7612521232,790198.8617603577,338736.06215932226,142312.3075523703,78172.41062566232,1.0022166593316157,0,PIF,0.08288931673248902,0,0.0
1786,2004-10-01,328003.6713748494,328003.6713748494,219135.1063473696,432144.15012779826,303334.1904927682,186943.91706938297,210696.14760219844,3.1731562933999142,0,CHGOFF,0.1704683791003369,1,0.43328428217915016
1787,2002-04-01,52243.234382512805,52243.234382512805,49422.6568337166,483512.5577442773,372513.8957381386,128093.65656190987,57505.32017802025,3.5131434636693863,0,PIF,0.04813720277327394,0,0.0
1788,2011-10-01,132939.5009404358,132939.5009404358,97371.6971464724,148470.7506492611,83857.68079719324,28278.389866302834,34624.05769011039,4.47745341283319,0,PIF,0.060305411459102204,0,0.0
1789,2018-10-01,335993.5818378852,335993.5818378852,134715.54316085807,766430.6209924214,701656.5204739763,198033.3953845758,337936.6023039459,3.1622529538810538,0,PIF,0.2131084422363152,0,0.0
1790,2014-07-01,220873.69691674958,220873.69691674958,279545.2974669235,219676.3977096241,195570.1394568567,195361.18246653752,178851.91858180842,1.3765175286109264,0,CHGOFF,0.31879533986555114,1,0.36369982626896463
1791,2022-01-01,465926.17265557736,465926.17265557736,416848.3836775851,416709.35020313907,220334.92020727217,98964.56177492285,110056.03915070255,4.707254237225111,0,PIF,0.03011357178032359,0,0.0
1792,2008-07-01,394125.89861379104,394125.89861379104,369922.36764770054,769017.7485923826,213955.75510548247,30495.151497196228,21913.341857293326,3.261419163701893,15,PIF,0.06202826229066188,0,0.0
1793,2006-10-01,251322.832761854,251322.832761854,236218.90431043008,455382.010975086,349890.60557233903,146940.46883296885,170057.8392852039,2.086124767888716,0,PIF,0.311943430530106,0,0.0
1794,2011-10-01,387281.7398922217,387281.7398922217,346840.74065952835,843544.9150825002,290611.0592449389,192678.95885185307,293566.5357448204,4.595434465953975,0,PIF,0.0225350013463703,0,0.0
1795,2005-01-01,488931.9457217997,488931.9457217997,323205.0696765307,251637.72880496553,207414.17151002525,157952.9247863516,110782.11344852664,1.4836538894681373,0,PIF,0.1424088989611005,0,0.0
1796,2024-04-01,257441.37111566178,257441.37111566178,328088.049211879,666490.9205629125,413034.7360362498,128598.54236848639,151088.04407984097,1.3899313560534465,0,PIF,0.17591425360658908,0,0.0
1797,2004-07-01,339136.64954984,339136.64954984,325402.14811619744,881958.7893206165,410352.85103991535,126058.06145050465,113011.12620811562,3.140036375202327,0,PIF,0.018204452231716007,0,0.0
1798,2011-10-01,463399.0767775828,463399.0767775828,465173.5358749921,530683.182520655,315813.1105253905,195804.44169906946,283333.1212730048,3.4995369112248382,0,CHGOFF,0.12305229803787794,1,0.36493797734395017
1799,2013-01-01,161903.59791627797,161903.59791627797,131030.76451081672,647590.7968880741,373172.2634969091,23892.673995756195,33040.082833886954,3.0438366695658927,120,DELQ,0.10291215835451904,0,0.0
1800,2001-04-01,448951.0611498252,448951.0611498252,295892.53755290055,402445.86087282695,358090.8041273813,38415.64372221897,52948.493741358434,4.715968188449729,0,CHGOFF,0.16798427491111717,1,0.4954352001560398
1801,2011-07-01,93895.1180478422,93895.1180478422,42995.89696895302,696096.6185748845,223788.40805537152,167854.17450053943,155923.83618925107,2.05128333890439,0,PIF,0.03446622445681575,0,0.0
1802,2011-04-01,341801.6767644409,341801.6767644409,244459.0123021753,825276.7263494579,736581.5643567595,37571.48526075421,46550.73300238421,4.9609403035042465,0,PIF,0.2942647262332421,0,0.0
1803,2006-04-01,402277.169775103,402277.169775103,224666.84581572533,656505.5649814339,114936.28925178226,82826.33251651563,108628.33009543564,1.0773973377839496,0,PIF,0.06271780973574034,0,0.0
1804,2003-01-01,326572.79866359173,326572.79866359173,325227.1363197576,847461.543332403,648615.3915833564,63484.858650402566,85903.8737845169,1.4741359786406107,0,PIF,0.05344665517388821,0,0.0
1805,2001-01-01,272990.66186864435,272990.66186864435,325160.1318151214,562695.1746336939,498398.5317276836,56254.49612367471,67806.8573231261,1.7427052241096481,0,PIF,0.06471743668516745,0,0.0
1806,2000-01-01,327806.1949665587,327806.1949665587,220442.90426685594,553252.7011697895,257396.25642760543,14887.170710601069,24020.84661844379,1.3183029082181066,0,PIF,0.04332714437777921,0,0.0
1807,2012-01-01,118248.66895075006,118248.66895075006,82726.10221513794,329794.45824950736,68746.89141816179,117587.74007161411,87993.02376578876,2.752871465716058,0,PIF,0.012198849853167942,0,0.0
1808,2002-01-01,147006.81964859826,147006.81964859826,147496.0662013315,661894.5427543044,525368.2196749569,86235.50895835758,41231.74122081725,4.461488702848479,0,CHGOFF,0.025001461301488836,1,0.514376341131405
1809,2023-10-01,171454.70478035387,171454.70478035387,91615.84263311562,803201.0678400474,662072.1218851663,114802.14040103214,200617.2954677505,4.283037307520521,0,CHGOFF,0.16444982747663842,1,0.4880250976758693
1810,2006-01-01,319000.70328351716,319000.70328351716,394442.3548047944,609979.3054257237,255584.93418943047,67856.55923452569,32912.27809927071,3.9790274241904684,90,DELQ,0.038558890236356225,0,0.0
1811,2016-04-01,248855.48318528172,248855.48318528172,181032.93312186806,271092.160890838,153133.08368568326,188877.56246030988,314318.3135701529,1.0296376077418308,0,CHGOFF,0.15703441346194635,1,0.5956725760571817
1812,2016-10-01,160014.1291186278,160014.1291186278,78579.65873398559,526169.474071783,419659.75214458886,122355.96652589021,153825.78796074496,4.462824107024913,0,PIF,0.12072241312564712,0,0.0
1813,2012-04-01,447264.1994650611,447264.1994650611,249222.59124418782,699868.6819001603,212504.19457000293,192629.3388411307,324818.62972216797,2.5859963678208593,120,DELQ,0.024374606666266837,0,0.0
1814,2022-01-01,218264.82813195052,218264.82813195052,270533.0270262474,850277.9181956573,555385.045121275,76501.13130914514,91107.91327948423,3.9265510180955157,0,PIF,0.045920308021735814,0,0.0
1815,2002-10-01,250714.27365345103,250714.27365345103,156046.40906165732,208408.76060685422,103059.07571423141,10435.012095801198,16168.13521210655,3.907674737854914,0,CHGOFF,0.08516993611547005,1,0.5293933862773741
1816,2005-10-01,234365.48444704755,234365.48444704755,233437.84791849655,184547.6145925797,53432.5510096027,158440.45734286372,223370.3657945132,1.7100841088741445,0,CHGOFF,0.03979571458740733,1,0.4371122359465118
1817,2006-04-01,131874.3298745387,131874.3298745387,71284.49773325011,418613.6947909829,341233.8599427312,167201.98236652202,189800.49854449832,3.061579390337304,0,PIF,0.0630242190935676,0,0.0
1818,2003-04-01,379232.156943605,379232.156943605,217941.50588768994,183001.1589593409,74983.74871147703,21153.64546806384,19221.323964113824,4.704723835784296,0,CHGOFF,0.07668511229246332,1,0.6393403794213621
1819,2007-04-01,251806.2180209861,251806.2180209861,299980.37278503453,883951.7082541971,793382.805174598,128820.15340784061,52043.680640272076,2.05219452032752,60,PIF,0.05623398702584611,0,0.0
1820,2007-10-01,57315.6994517233,57315.6994517233,30562.44457773164,427929.5811716985,258960.34327686,135593.39473762285,101866.89500606118,3.8601113920061394,0,PIF,0.08374054214228543,0,0.0
1821,2019-01-01,483806.16606190865,483806.16606190865,201686.9509570249,517560.625635682,290666.1801343829,37689.4347390374,65295.94811627979,4.832204157175482,0,PIF,0.12504141996389653,0,0.0
1822,2007-07-01,417093.6252179362,417093.6252179362,354992.50137633155,266211.98066007247,130083.08816766505,114979.66504199042,90333.38141590635,2.4425247025175696,0,PIF,0.03226472831967817,0,0.0
1823,2021-10-01,375601.7093413115,375601.7093413115,441878.18291705125,448283.421300282,210933.80705121273,56207.7873291893,81647.06201179954,2.5505346907666087,0,PIF,0.027655603364878403,0,0.0
1824,2019-04-01,441091.341733338,441091.341733338,305849.18154722353,887449.0265862002,713840.0534955526,13125.82360885807,14594.559434952016,2.810250036834294,0,PIF,0.2250905737406768,0,0.0
1825,2022-07-01,458063.26412249764,458063.26412249764,236061.09087539164,480723.464120915,332660.96386600373,174713.10717146238,145347.35231876935,4.236156966677775,0,PIF,0.03292355232598792,0,0.0
1826,2002-07-01,201870.3678729974,201870.3678729974,259203.1161597522,87235.6191596787,67080.0129749796,103422.08253302818,184870.1608803545,2.757138886944644,0,PIF,0.07096049278468858,0,0.0
1827,2024-07-01,324931.4052875144,324931.4052875144,327876.8326181132,278872.5748055171,135773.9452613036,158522.8291730351,73834.24738263569,2.944983824029501,0,PIF,0.08812571832187126,0,0.0
1828,2015-04-01,323963.5141425174,323963.5141425174,377618.8595736462,882332.9609923734,316889.6886173304,147349.67612353066,179016.29281442924,1.8892699590811088,0,PIF,0.02886382977564205,0,0.0
1829,2024-07-01,170284.85096476862,170284.85096476862,183383.91863349383,891035.3609968007,195575.2892289798,198803.99959276052,207973.9339558089,4.953380261408762,0,PIF,0.03736114403397294,0,0.0
1830,2008-10-01,149878.51315118023,149878.51315118023,154137.76772079102,252604.33361279865,194839.98507896625,93211.14674122671,47270.81886253602,4.569416615879593,0,PIF,0.09769598569374649,0,0.0
1831,2023-10-01,101258.26466855995,101258.26466855995,75549.5669498285,584516.5520319599,281866.2406498725,91234.61528386375,63840.02507336387,3.40101725211383,0,PIF,0.05162688346444218,0,0.0
1832,2014-07-01,346691.3881624038,346691.3881624038,239877.84949728043,143064.83101443987,79741.31437366839,63533.55773972234,87164.15062389328,4.842240285839675,0,PIF,0.0086737732977104,0,0.0
1833,2001-10-01,401413.5459638509,401413.5459638509,419582.6214440785,553502.1468045958,290851.3126365125,128777.97054661078,71041.6657542952,3.74799106698952,0,PIF,0.06064666143648232,0,0.0
1834,2010-04-01,392428.84078265174,392428.84078265174,410104.5057886146,183254.97521887868,90694.77203072427,102361.375105504,155736.1945760713,4.836422530076652,0,CHGOFF,0.202447230651887,1,0.36516425331606506
1835,2003-04-01,192323.91973323846,192323.91973323846,241468.3635591814,751302.4493869795,523747.70931668277,148464.61320691707,189305.05945973113,1.6461434669585189,0,PIF,0.23459663954342447,0,0.0
1836,2023-07-01,142366.932709341,142366.932709341,129809.29170364278,850451.4898338404,541726.7920027513,77737.22270387119,42071.43412232975,1.9018296276123232,0,PIF,0.010485258909564891,0,0.0
1837,2007-07-01,254126.38030457986,254126.38030457986,169034.4477794707,221849.18260057576,205796.84992850543,34860.50090577192,27942.10263841452,4.540729854553576,0,CHGOFF,0.3127993053658685,1,0.3241448769808724
1838,2005-07-01,296066.0571082297,296066.0571082297,248865.99815612214,459423.9782477557,119966.22541425844,173862.7359026963,102935.26019515157,2.679497566506482,0,PIF,0.007060072890948768,0,0.0
1839,2013-10-01,463589.2075858501,463589.2075858501,441495.6748167509,163675.25874920003,99648.02640520273,167328.91897329007,253778.0351696435,2.4846308164102724,0,PIF,0.03983032691465588,0,0.0
1840,2010-07-01,443670.41942332435,443670.41942332435,347862.81801217765,358094.8057998395,71831.00009581732,76690.0355519914,87897.78385892532,4.017341425536042,0,PIF,0.1333140245196082,0,0.0
1841,2002-04-01,462226.24908582243,462226.24908582243,514004.74615856074,133380.15890363173,106215.25349032122,141166.82632727985,57026.020989894525,3.5213026406774386,0,PIF,0.03264146042619151,0,0.0
1842,2020-04-01,432618.0733111908,432618.0733111908,400670.04667545017,296928.1529742902,190939.37161763897,103556.55219236625,120132.34270839795,2.3762863990689707,0,PIF,0.0706405069923199,0,0.0
1843,2021-01-01,484061.54199634003,484061.54199634003,197735.34237730422,891983.4070132272,439482.9476770371,154584.69845490903,166321.56610498676,2.5914423502109076,120,DELQ,0.04047883305214216,0,0.0
1844,2018-07-01,259474.99872607584,259474.99872607584,236863.28333619118,116574.67920354952,92302.49314914647,84125.15004625736,109388.51846863568,2.6335350332006167,0,PIF,0.17691702276094015,0,0.0
1845,2015-04-01,71363.07384489247,71363.07384489247,69239.5519260722,784354.0302873099,403159.60835238313,111771.45472433363,50160.980968121185,1.505325312276177,0,PIF,0.016756142250185405,0,0.0
1846,2010-01-01,87602.91446681521,87602.91446681521,107202.763607151,143511.11375836597,47678.53605343658,20985.059772301975,9434.801214595373,1.9182157178807135,30,PIF,0.007092757639566322,0,0.0
1847,2013-07-01,225624.26379755442,225624.26379755442,174260.7887528389,513777.4835162353,271274.8241296551,43232.89650173546,38439.03178072717,3.150121126410015,0,PIF,0.1331562680239542,0,0.0
1848,2013-01-01,165959.19107284877,165959.19107284877,152188.0456563083,450738.2297904235,93152.01337191513,158535.46547726955,216234.9767942199,4.127308609113998,0,PIF,0.07092943529479429,0,0.0
1849,2004-01-01,126473.2661124803,126473.2661124803,104656.33753324601,843874.8212169288,732727.1298821964,82497.44161284671,109984.04890000763,2.6761931377168837,0,PIF,0.21603699444747765,0,0.0
1850,2002-01-01,478941.69852889184,478941.69852889184,420745.8690077798,243220.88707377345,178710.6085146015,16670.030603622134,13162.13957528058,2.5334111983438365,0,PIF,0.11573309877660656,0,0.0
1851,2006-04-01,137938.8147847801,137938.8147847801,63530.98527835724,227339.2526113008,172380.58596105347,41850.89428526987,29400.025666479378,3.6020646141220687,30,CHGOFF,0.34692790552784863,1,0.6941425051997766
1852,2011-04-01,481720.672541854,481720.672541854,581704.3516231219,693945.5526256225,589572.4241934308,88203.62609626676,119637.26711397007,1.6290154555208516,0,PIF,0.07452650377977152,0,0.0
1853,2004-01-01,392377.4781445432,392377.4781445432,478453.7594351428,675089.9679422902,528769.66607708,146403.49033318667,64118.555016734645,2.5230012976684124,30,PIF,0.06149731398143982,0,0.0
1854,2002-07-01,338425.55245635053,338425.55245635053,302299.8595985446,653329.0518040949,323712.8324181519,79062.15794337388,93253.55157228043,1.8325449447879754,0,PIF,0.08230589044903885,0,0.0
1855,2021-04-01,354208.5320402203,354208.5320402203,319106.4538162516,101424.2352613522,24839.720328304782,151585.29333198513,150636.08121113185,3.606584937311659,0,PIF,0.03306372545297693,0,0.0
1856,2009-04-01,199163.4456466058,199163.4456466058,89982.13085136442,293166.94311442506,131541.61043804837,173031.51158606584,127129.97954511104,1.4494560596643096,0,PIF,0.11532587350601711,0,0.0
1857,2014-07-01,340892.167126227,340892.167126227,319809.8484769608,768714.0458405254,689742.3388349811,74815.9566990854,84423.62173059453,2.7912912784097714,0,PIF,0.009592669873839553,0,0.0
1858,2013-01-01,134011.4532265694,134011.4532265694,105364.71080546868,572703.6595945535,520743.6270308659,162071.3584623408,114103.86335705352,3.384728228369634,0,PIF,0.12674536558445418,0,0.0
1859,2018-04-01,471967.44464119076,471967.44464119076,489967.9371272509,573799.8350003889,438553.3160013861,34107.32652673601,40589.4323838783,4.334701771512961,60,PIF,0.11521290618674931,0,0.0
1860,2018-04-01,185807.0029822671,185807.0029822671,82203.3267594782,322651.6164319456,101165.62892567848,88903.86976361531,54103.63865312032,3.89820510570442,0,PIF,0.02382396259741288,0,0.0
1861,2007-04-01,164833.93053209397,164833.93053209397,171394.1420328762,293341.9326166973,89633.5277156407,28536.85529350259,27622.822013732017,4.771452484055452,15,PIF,0.01824215307311572,0,0.0
1862,2021-01-01,370023.2591873709,370023.2591873709,243550.95263659256,856175.0081749689,731016.9556425697,19980.317871007384,22269.999749175728,3.7195136290117814,0,CHGOFF,0.1510442607400788,1,0.6375122678579219
1863,2009-04-01,345401.92312978185,345401.92312978185,340751.0162591029,676759.328659634,178348.23912544196,22260.20172223491,9892.02047957492,2.3967585396007194,0,PIF,0.016097690838441616,0,0.0
1864,2020-10-01,253084.51325448736,253084.51325448736,244078.09029179782,184030.21659750678,113603.68967060135,29902.885145510925,37528.244555609126,1.926895530057688,0,PIF,0.15953575873787967,0,0.0
1865,2010-01-01,334600.80561085383,334600.80561085383,202151.53139785797,848919.6925578864,384222.19534756255,168787.92544911575,244816.99673070945,1.226329614635361,0,CHGOFF,0.08268402254223019,1,0.3493118220181779
1866,2002-10-01,121771.88229238526,121771.88229238526,96979.99294032635,557543.524490805,218338.95412457667,113298.6534904011,196970.04762212606,2.1103504668398663,0,PIF,0.07377825619984237,0,0.0
1867,2019-01-01,352997.7383308798,352997.7383308798,406678.0808002491,353357.14090481226,244489.7918505442,190003.75567763203,130034.18005452357,1.547394755386803,30,PIF,0.18666648239648437,0,0.0
1868,2000-10-01,171774.81283783726,171774.81283783726,162332.7772463204,405654.3460476707,372250.8449285978,112220.05724937757,77675.75138434967,2.4768991109667273,15,PIF,0.10075579062098436,0,0.0
1869,2019-04-01,172776.18950440577,172776.18950440577,79799.18350171209,674831.6984891469,521042.2718767043,129455.15313897349,107028.7507004225,3.810312557010422,0,CHGOFF,0.12082976077805584,1,0.7289450556608653
1870,2001-01-01,122980.97072470306,122980.97072470306,98214.81050642268,388543.57438258856,209397.81748121686,45051.95261669368,74203.70393810603,3.7681360968525834,0,PIF,0.061423171469088655,0,0.0
1871,2005-01-01,199569.71076627407,199569.71076627407,135826.01017464904,554570.7352772577,278710.17441067053,112710.39392040459,109284.00123298887,2.272665717455768,0,PIF,0.03929857906413764,0,0.0
1872,2015-01-01,199062.97714009765,199062.97714009765,194580.300057945,662609.587251692,580533.0326377047,83207.4842726321,68439.0992461861,3.0342094824643517,0,CHGOFF,0.08191777453733166,1,0.4636334962631954
1873,2023-07-01,254380.55526602117,254380.55526602117,242452.02707625506,240207.49779089092,147123.65233225972,186972.71500667033,268801.9023409232,1.8670862792071965,0,PIF,0.09909992727405982,0,0.0
1874,2010-01-01,135688.77709985728,135688.77709985728,55545.32595020695,854278.0187188905,467555.94332261325,187445.0309985405,84947.51041856995,3.011906874136073,0,CHGOFF,0.042561360634488975,1,0.5902677019892522
1875,2003-01-01,136853.39127144485,136853.39127144485,129590.02870048836,372061.6725770361,259054.89545732024,47714.73637542579,55747.050166687884,3.0403275049204566,0,PIF,0.05247584092206755,0,0.0
1876,2005-10-01,293782.3572484527,293782.3572484527,311810.22011319525,423887.3008030697,144004.28825500424,127824.86414828952,131693.60988965555,2.2051873556736075,0,PIF,0.017770095632826173,0,0.0
1877,2022-04-01,107994.83210171381,107994.83210171381,117914.91654336335,652781.781651613,131201.5593545933,131253.40256448582,167322.0338182565,2.0378711849623588,90,DELQ,0.04159941384089459,0,0.0
1878,2018-01-01,360003.6535949758,360003.6535949758,163109.8049705583,579203.7732979666,483107.58433019166,116881.66509702339,166385.6721040387,4.918297855926728,0,PIF,0.05186213204770657,0,0.0
1879,2002-07-01,474776.2066381684,474776.2066381684,319663.29490552424,440898.26629012695,280327.2447617466,33622.64451907837,28746.814351656336,3.1484940443950147,60,PIF,0.048605392774288554,0,0.0
1880,2009-07-01,242058.0297489702,242058.0297489702,188598.59514677993,612788.473046649,172746.10063705154,134262.91057976376,173331.27746575436,3.248306526309264,0,PIF,0.08048503590892726,0,0.0
1881,2006-07-01,455497.39091780456,455497.39091780456,255895.9458424001,820319.2122090765,318643.4340454748,161826.20413559803,183520.6548615662,1.0311763614722476,0,PIF,0.2814255466963612,0,0.0
1882,2004-04-01,94242.466006639,94242.466006639,73382.88419865468,736232.5656492432,693491.9166841526,75592.94643209472,44415.00869307797,1.7273631265418006,0,PIF,0.1436714828235916,0,0.0
1883,2021-01-01,69330.93231904006,69330.93231904006,32170.702258404013,755892.3881629144,497028.65394439193,107764.82336938987,176132.62604060813,2.4264878472800913,30,PIF,0.031756943611147115,0,0.0
1884,2015-04-01,374615.99488122796,374615.99488122796,188018.10255278373,291894.8950251966,192326.5435432605,32102.309806362802,46754.64620490309,4.863922970075075,0,PIF,0.18826655275552187,0,0.0
1885,2004-04-01,392459.70784167346,392459.70784167346,393176.05927137635,423910.7464240628,88059.37383201264,186830.85518253528,315803.1441857542,1.7009669371482303,0,PIF,0.06984334420709562,0,0.0
1886,2016-04-01,429376.2084345881,429376.2084345881,273218.6144048922,534131.6961563285,494175.1132819882,30812.192102740803,43401.01937053569,2.2131588453074706,0,PIF,0.09476448138514303,0,0.0
1887,2010-04-01,75567.95527999164,75567.95527999164,78610.71885343146,116236.47171241601,100454.6172268794,49591.65026696694,36833.16596870378,4.960627975139917,0,CHGOFF,0.09255145721619278,1,0.4584982125297142
1888,2001-07-01,399608.1747305737,399608.1747305737,177145.3748549733,711229.5879094062,418363.70272631355,66710.91040200664,66893.47916386824,2.9244345693435845,0,PIF,0.0461658238456367,0,0.0
1889,2011-01-01,219442.4297584618,219442.4297584618,198909.80457651854,345240.0080203729,137236.74680058716,166900.14544458417,157155.81324236593,2.273631101880906,0,PIF,0.24692276487023476,0,0.0
1890,2004-07-01,186501.93470698936,186501.93470698936,140306.11367046577,311728.7839936317,220842.44360319932,143124.62489544743,64427.65089758925,3.5374356819472803,0,CHGOFF,0.033532686045893524,1,0.29811403878364573
1891,2006-01-01,127860.76460448361,127860.76460448361,142855.5402261833,292619.44767204,238982.1611623093,11332.74322058948,11046.788804591606,2.9852091380657755,120,DELQ,0.18182005334341866,0,0.0
1892,2021-10-01,498207.0897961372,498207.0897961372,550796.0477022212,312370.99764445284,243304.8728915907,44876.693960288,39661.898064830464,4.829796366565832,0,PIF,0.010995815759280502,0,0.0
1893,2017-10-01,78648.61519348863,78648.61519348863,58042.967299055716,357172.16236942244,332755.12244477536,152528.72404646134,61849.37576229638,1.332780191968181,0,PIF,0.11865079152086402,0,0.0
1894,2003-04-01,422153.60657359974,422153.60657359974,405454.3128493867,575956.1376224505,379834.041155542,86728.55329015435,137549.1059232614,4.162191682070645,0,CHGOFF,0.19179831781410436,1,0.38855348164619913
1895,2021-04-01,337772.49597073736,337772.49597073736,204282.7728271237,558523.5639580518,227308.11288828435,14980.5711687794,9009.677955988062,2.11634551385194,0,PIF,0.020307672173012166,0,0.0
1896,2014-04-01,380786.1999178402,380786.1999178402,351224.30216706684,289683.6379535378,158845.73160600214,193144.2068808047,212716.0954291076,4.226677323960926,0,PIF,0.03088624223455536,0,0.0
1897,2021-10-01,370272.7039648084,370272.7039648084,175190.16975426293,249267.90679003016,200175.52340395705,38734.25345870679,58045.17494206329,4.3908813623314655,0,CHGOFF,0.11717256078837833,1,0.6801157104114898
1898,2018-07-01,436295.5182829322,436295.5182829322,345172.5185619334,757613.7158585126,274463.8041593797,106988.66160889725,133337.17835006226,4.396891432093594,0,PIF,0.11317342224347039,0,0.0
1899,2008-04-01,132706.43143524873,132706.43143524873,74906.79726132263,156033.13689462055,52290.85527196993,57180.05855252025,36428.94159765755,4.466782795553688,0,PIF,0.0916365654243175,0,0.0
1900,2013-04-01,50371.07757560842,50371.07757560842,60195.606877011654,500514.7297847605,365309.5167563171,150119.17084281833,189975.14656404,3.8725100271323627,0,PIF,0.08882205967185314,0,0.0
1901,2013-04-01,319337.8200694698,319337.8200694698,255601.4196487748,506859.9168352064,256238.94627958964,157577.95881898474,230163.98465636102,1.569616586859441,0,CHGOFF,0.2896497146524196,1,0.38636790925895304
1902,2017-10-01,209236.38769550028,209236.38769550028,194944.78367742267,550792.1815855297,442427.2987455938,85471.87666972968,136470.40889564296,1.2076103739951076,60,PIF,0.0643705592970841,0,0.0
1903,2006-01-01,105704.29900271195,105704.29900271195,76566.24032861408,806233.0950438513,213608.93415734687,135105.42807721606,114314.76489574133,2.3630609751234313,0,CHGOFF,0.33261857948427864,1,0.4857346780786767
1904,2008-04-01,133762.4393469075,133762.4393469075,88265.41043066766,591609.4308777095,247622.36944084082,182723.98106383224,81767.14711441608,2.9802794344443098,0,PIF,0.045612129524925396,0,0.0
1905,2006-01-01,199287.1906066503,199287.1906066503,116110.25837901971,878379.6883233791,320151.763160619,164813.7325135952,206202.9913157598,2.2104836029582104,0,PIF,0.10594761954471715,0,0.0
1906,2007-04-01,81605.01689901645,81605.01689901645,99613.9730815541,794509.5283459566,562746.7437861344,88830.56635253379,63609.42900992491,3.968827735702384,0,CHGOFF,0.033363568142323774,1,0.435322208179329
1907,2004-01-01,75610.94095780289,75610.94095780289,84647.90044870236,256087.01277951346,193976.5318825587,93880.4502403612,140187.27368150224,3.889773911071699,0,PIF,0.31954293063225636,0,0.0
1908,2000-10-01,462211.81467459985,462211.81467459985,240320.11372361262,277770.31438474695,142996.75691507276,178506.8720651339,241311.7290645942,4.887698004454977,0,PIF,0.1961057238004397,0,0.0
1909,2023-07-01,190446.2372091633,190446.2372091633,204168.34351189117,362714.7914504399,193117.879171745,16530.83208100516,24506.323719045682,2.602292361997638,0,PIF,0.02479632175155586,0,0.0
1910,2001-10-01,492003.81386311323,492003.81386311323,382128.3902142584,401041.8203657077,102516.51835090753,14334.198739627009,25149.97781292638,4.142910643239054,0,PIF,0.024832440296779508,0,0.0
1911,2022-01-01,483965.15374867996,483965.15374867996,200292.3615361588,533455.9986523103,379533.92513167794,49101.1148973542,59823.146295934355,3.9647998829612274,0,CHGOFF,0.11047647596739248,1,0.8565760138491766
1912,2000-01-01,114157.07704720121,114157.07704720121,99948.01283015095,270660.3589749979,255463.89138800386,167248.11249021528,278641.87316366856,4.954998068969175,0,PIF,0.09368263727759071,0,0.0
1913,2019-04-01,371715.9363032859,371715.9363032859,192192.67533646405,262323.04851328785,202601.9203106483,39110.50564726816,50790.88692318051,4.094461004837459,0,PIF,0.07636661670325877,0,0.0
1914,2008-01-01,320362.20010718115,320362.20010718115,188674.39662146088,392739.76504182525,129011.02986558963,64203.064140187,42017.18713862946,2.1342981228082487,30,PIF,0.07872419009125456,0,0.0
1915,2012-10-01,360791.18289731914,360791.18289731914,370329.37079439487,631058.9528344566,409240.5897537093,129523.05112663339,196749.58833131855,1.0610895965109357,0,PIF,0.05811514983307419,0,0.0
1916,2007-01-01,93285.95000651365,93285.95000651365,58903.34530179949,644263.0027388744,248663.25882429775,45006.13391166235,61711.4240106427,4.872664617915111,120,DELQ,0.045502720686041144,0,0.0
1917,2012-04-01,134852.0353855511,134852.0353855511,162186.45957347582,880415.7268330374,153316.68844023952,67592.10483627896,119578.25310114994,3.864276175378988,60,PIF,0.04332045440490955,0,0.0
1918,2011-04-01,84487.39765289667,84487.39765289667,83765.26549605546,245980.65581588753,72283.45354430922,98713.41815340651,73127.37246407493,4.2504265117433935,0,PIF,0.038196384238989106,0,0.0
1919,2013-01-01,321860.39234768203,321860.39234768203,369835.337037173,402144.5045227242,93327.62870661565,53340.76391590825,46213.14289221611,4.172976617715009,0,PIF,0.009247149335889325,0,0.0
1920,2009-10-01,493965.984132091,493965.984132091,471080.8288089689,871035.5483100296,267186.70762974944,198558.5999558073,307783.19134811906,3.9430443599726765,0,PIF,0.06339695909737116,0,0.0
1921,2013-04-01,352393.04194607364,352393.04194607364,416516.1121148946,645807.1689857527,507916.7065866858,41054.74329104089,20036.580140539907,4.005897874336702,0,PIF,0.012592265154985805,0,0.0
1922,2020-07-01,369842.6907598683,369842.6907598683,268326.8663790678,565668.3903540557,217366.96407385828,171488.0499348481,220615.88996816866,4.717832739095474,120,DELQ,0.034687001066162994,0,0.0
1923,2010-10-01,493063.2686944765,493063.2686944765,440910.2505085676,522509.7621491045,394825.0760869258,99318.96798475664,114183.68770707505,4.656445127713894,0,PIF,0.18233505676593906,0,0.0
1924,2009-01-01,355105.19937730825,355105.19937730825,306917.9069068853,141918.51171173036,129016.70603858048,34533.499146835806,21975.41363342078,2.516906983359932,0,PIF,0.15222094809524453,0,0.0
1925,2003-04-01,68081.70768281166,68081.70768281166,82611.13638754982,812566.5232290465,495193.0652799856,32512.369860890314,20520.845261300117,1.1238460945313915,0,PIF,0.017098097843329534,0,0.0
1926,2008-10-01,440152.5203854689,440152.5203854689,241390.1476287202,592914.2766403882,319181.8548773923,105056.25064966251,161185.35438377075,1.1547263739842668,30,PIF,0.14587201976111477,0,0.0
1927,2003-01-01,214105.23067045832,214105.23067045832,197031.34200744852,548767.274500988,411631.28771738266,77168.83257914994,32536.171491440396,2.786553458093875,0,PIF,0.03742027846723569,0,0.0
1928,2004-07-01,51963.62968162191,51963.62968162191,56068.13675001589,522390.28152391093,118933.69863814439,54574.4368314688,78891.60614283288,4.339918119601629,0,PIF,0.11292966112059954,0,0.0
1929,2023-10-01,278255.3799023692,278255.3799023692,203973.65499101466,401369.6500033116,197702.51604529336,192198.43606149228,274023.8676818788,4.390444906462087,0,PIF,0.0698255056673215,0,0.0
1930,2002-01-01,471656.75039431866,471656.75039431866,556943.3144999956,288825.0469159321,158582.1866646484,98042.15072030626,128391.2913164634,2.6175583249196976,0,PIF,0.005650076750827264,0,0.0
1931,2012-01-01,165798.80923774245,165798.80923774245,121980.38748372093,699364.027974277,569870.51771095,186474.08646074226,181499.8395419609,2.206446501391869,0,PIF,0.1865264001581657,0,0.0
1932,2020-10-01,271180.9278737779,271180.9278737779,150770.59843501667,497845.3645645629,398960.39499888977,41159.947952315575,18095.92818468874,3.0264057777261835,0,PIF,0.043394273319626954,0,0.0
1933,2023-10-01,128199.59950207584,128199.59950207584,118667.12852832435,107830.41647716064,89349.6081001917,44858.55277370233,68296.57849176468,4.33017282747975,0,PIF,0.09260948938956332,0,0.0
1934,2003-07-01,75961.70224989805,75961.70224989805,59137.036658817044,407257.4898131739,288459.8049215524,123245.2612790658,70988.04856052621,3.545984478708672,0,PIF,0.10098267587239139,0,0.0
1935,2004-01-01,86245.22602090094,86245.22602090094,35677.15701878294,841454.9833427226,483369.3098190902,61276.3720971963,48598.44254232656,1.5592232546381393,0,PIF,0.02773992079060144,0,0.0
1936,2009-04-01,377154.9076826099,377154.9076826099,174567.93418715755,386593.5404635075,314031.2694012573,45138.19256613948,77885.77512142404,2.448935774634231,60,CHGOFF,0.1105457712638583,1,0.6063580897158702
1937,2013-10-01,438833.51183396706,438833.51183396706,252658.15842756993,418851.06649897044,355447.8767624187,27990.223228529103,23024.909814064446,3.2217036607661518,0,PIF,0.1765738200156532,0,0.0
1938,2023-10-01,114484.47766362099,114484.47766362099,125062.4957752177,591648.1209051292,316169.4632321322,24491.42735836113,18544.78169878413,3.153049725148688,0,PIF,0.10958818681228144,0,0.0
1939,2005-01-01,179743.35551471094,179743.35551471094,216201.70048314662,737373.3391290235,692046.6506871355,153101.993228551,269875.75834120193,4.32253608035483,0,PIF,0.15392451120923742,0,0.0
1940,2004-01-01,137763.26044017228,137763.26044017228,122757.64342633101,628138.1165178639,533826.004933768,63610.997810265144,33097.12549118045,4.728687055362627,30,PIF,0.14107133921664478,0,0.0
1941,2006-04-01,62085.09961689257,62085.09961689257,30732.677877420454,777044.8795208161,433883.0036612498,195899.63912845062,122430.72025756701,1.4018523767010231,0,PIF,0.01390212539153202,0,0.0
1942,2021-10-01,299044.11644914263,299044.11644914263,263451.0056278125,173455.8813733726,35633.05494134503,44793.01422103371,45404.193436812624,1.8976303613835532,0,PIF,0.014218638276302728,0,0.0
1943,2000-10-01,364964.9765619414,364964.9765619414,427025.4148105064,838165.893721292,276254.14842008875,77344.8635045311,116229.40418454098,2.5686276425576864,15,PIF,0.05020058420294557,0,0.0
1944,2009-07-01,341544.8663982817,341544.8663982817,367000.1595957709,821215.9845773365,633255.1367161534,81232.63770164335,133067.3880802018,2.1855923258041114,0,PIF,0.1787914198297836,0,0.0
1945,2002-10-01,224624.09628601142,224624.09628601142,148698.53427034084,505701.84100018203,120824.0060694211,105029.03061999768,153120.77468529626,2.6331619798337713,0,PIF,0.04040918748786019,0,0.0
1946,2003-10-01,299754.6106729574,299754.6106729574,153324.94748712343,592288.6349855049,311449.08724489453,175420.81510609615,309906.3136644269,1.162884914460928,0,CHGOFF,0.29024938776013703,1,0.701426676588152
1947,2022-10-01,92344.68798630111,92344.68798630111,111793.72868008455,254506.70116514942,161327.15405883917,168606.33989319557,71419.04898206757,1.26405308065126,0,PIF,0.04004075755875105,0,0.0
1948,2000-01-01,119436.673425208,119436.673425208,139583.23620697416,447316.8991447389,381417.0385839629,11891.702864121113,15070.464169715353,4.353445911748297,30,CHGOFF,0.10388722633079484,1,0.33624529857172564
1949,2008-01-01,469307.5787988425,469307.5787988425,210411.15668407848,246216.75595424612,203791.41518953902,87758.4627220699,49397.8944381907,1.410327136447548,0,PIF,0.12300403639120382,0,0.0
1950,2022-10-01,392678.4865189536,392678.4865189536,448166.7214513044,98020.876731636,74635.28502087109,167307.97889771056,280158.52183121844,4.296300447978998,30,PIF,0.10735262197071813,0,0.0
1951,2015-01-01,465232.5931213253,465232.5931213253,226796.87605329652,884340.5158641831,421083.5068401436,10037.583487074937,17158.547246735907,2.2260480072121402,90,DELQ,0.08558286385607547,0,0.0
1952,2001-10-01,462506.12802471523,462506.12802471523,211344.61263678662,292500.1428823682,77161.363208381,111391.51872146633,91813.29022826573,2.236893479555423,0,PIF,0.01094503933621536,0,0.0
1953,2011-07-01,342226.6776984833,342226.6776984833,370542.7893359012,566348.8132962249,388356.39542861254,59300.36805330836,92436.93630942648,1.4029881125072285,0,PIF,0.15041102000136458,0,0.0
1954,2024-04-01,467707.39165047434,467707.39165047434,412835.754545659,326205.3145010477,96240.6468666083,88426.02435599912,113396.27847466368,1.0530535259339948,0,PIF,0.044327830214656014,0,0.0
1955,2010-01-01,237516.84638710844,237516.84638710844,183622.66397698902,383909.7285725566,229981.7320612807,89857.89297697353,48584.75180909172,2.421154433781541,0,PIF,0.1049052969344704,0,0.0
1956,2013-01-01,51627.31015322342,51627.31015322342,62648.50059597429,406164.47803746536,379577.9853879834,84433.34373632773,105024.56116038002,4.341427625175933,0,PIF,0.15506049992888815,0,0.0
1957,2013-04-01,78157.00213077173,78157.00213077173,90300.50681572607,354738.31968630134,209383.5200943994,179470.52322013996,317031.0638527661,4.6798218581522475,0,PIF,0.032273111227166244,0,0.0
1958,2016-07-01,99269.29656536685,99269.29656536685,44855.93596366441,602667.8026587473,401645.24134530686,111928.08570421157,93049.36225258281,1.2463422245213183,60,PIF,0.008594035883068358,0,0.0
1959,2004-07-01,92909.05393228712,92909.05393228712,88679.69608257062,867967.741800657,600686.0830769752,181711.8775273171,72974.9606163867,1.123632255222435,0,PIF,0.010360084356571705,0,0.0
1960,2020-10-01,208266.07588261855,208266.07588261855,228059.82179131696,431480.4130051111,351359.1111703369,148081.05739105667,261734.5051318653,1.6352024805213339,15,CHGOFF,0.1565324044039603,1,0.33380131617026065
1961,2024-07-01,365571.86319921096,365571.86319921096,327348.2255094332,878127.9137244974,437294.1273599625,76712.81348506108,75146.0911583285,4.065159234742783,0,PIF,0.12095444833711062,0,0.0
1962,2003-07-01,405791.96297022275,405791.96297022275,521322.94316067407,627593.7346227221,343926.3376440627,103777.09949430144,104120.17361109299,1.819531064093899,0,PIF,0.1452583467022591,0,0.0
1963,2020-04-01,315595.9734550811,315595.9734550811,321100.83644113754,577851.6799172275,168026.33107937773,84073.12225900542,117505.38480474097,1.9232414975778638,0,PIF,0.015692506026852113,0,0.0
1964,2020-04-01,115896.2785506408,115896.2785506408,57221.32026802995,274425.1584751169,176110.67425433235,167429.1128580611,208640.03801477788,4.555770791565157,0,PIF,0.05582663072137652,0,0.0
1965,2018-07-01,386555.72096667887,386555.72096667887,223610.1962820826,131594.97883749226,50875.46169224536,45643.5842744831,37554.68565415234,4.499796155034138,0,CHGOFF,0.0924577605440919,1,0.5937728273579876
1966,2009-04-01,209660.86361191954,209660.86361191954,239772.57889138936,778586.5116392997,432971.8027131174,187918.3336296948,101470.0803514836,3.681156877680675,0,PIF,0.013302571722455537,0,0.0
1967,2011-07-01,55847.00690230831,55847.00690230831,72438.09188543377,550664.4724343005,420292.3209090217,120280.65390786406,187434.24844849532,1.6560551219259159,0,PIF,0.23179220030074188,0,0.0
1968,2020-10-01,176264.87923973723,176264.87923973723,86106.33479570235,419819.36718840315,68873.85409038221,126234.01125393595,135919.70038790497,2.5245967586062874,120,DELQ,0.1078867207761001,0,0.0
1969,2003-10-01,198770.24936344006,198770.24936344006,97456.33491924773,745813.2041125564,448332.4972014521,108192.26604787455,145136.03118316544,1.9447096246364208,0,PIF,0.28374128758979983,0,0.0
1970,2020-07-01,173410.49084814632,173410.49084814632,188505.58772875508,334675.9137134014,96639.68277500366,115354.33063853433,185109.85342639318,3.687382327372515,0,PIF,0.10523221377883385,0,0.0
1971,2023-01-01,415341.56893441355,415341.56893441355,190192.73507598075,722566.1498908795,269883.27782065154,136858.32912033715,58138.968951952236,4.119724216722512,0,PIF,0.014619282240419904,0,0.0
1972,2017-01-01,391966.87891734065,391966.87891734065,180972.71680787028,348930.34503275354,62029.56519329286,134456.69846916333,215552.82925867595,1.5685348880702223,0,PIF,0.0722407484732894,0,0.0
1973,2008-07-01,362998.41368568863,362998.41368568863,435574.44152545574,835122.5728514142,238486.12695887443,50687.94688529321,73624.92022735006,4.591823331628076,0,PIF,0.10331027443238909,0,0.0
1974,2013-10-01,112552.28533051937,112552.28533051937,126104.12423415203,299732.8370545781,281540.1072953028,120663.63056588407,208211.18201930838,2.8513036287353466,0,PIF,0.12654754266265777,0,0.0
1975,2001-04-01,413525.2593678269,413525.2593678269,493503.88953287585,192794.37641114835,182926.81492387972,77379.02373080408,56256.64934218882,4.180023417979793,0,PIF,0.04287008674130633,0,0.0
1976,2023-04-01,354729.18274849566,354729.18274849566,349572.151854344,652439.3008465177,473591.55398187495,131035.75810254697,111562.70077851259,1.2065504341678492,0,PIF,0.06069167172084444,0,0.0
1977,2008-07-01,137676.95891662635,137676.95891662635,95036.03390780323,213534.74751311203,136552.37132515374,114088.57025090457,151289.45769480165,2.4423247480777506,0,PIF,0.0664714879553735,0,0.0
1978,2001-04-01,341642.2686266824,341642.2686266824,415328.31243909587,858477.7012369682,662406.1695389835,44139.18740537359,74864.92527728816,1.0591237907893007,90,DELQ,0.3493983687112083,0,0.0
1979,2019-10-01,267580.2384516565,267580.2384516565,178971.35622006262,617555.1921588702,535570.6754959613,149599.44433241684,267743.6765630682,3.873938925742598,0,PIF,0.12647629744088423,0,0.0
1980,2016-04-01,247707.52783530127,247707.52783530127,160504.5091739909,269305.7422533113,152277.32895572652,96832.55502110315,95228.30208002577,1.3178038809247408,0,CHGOFF,0.11478581054154548,1,0.5217021631447459
1981,2015-07-01,100455.42356257497,100455.42356257497,120321.52602547845,251231.52611405158,44776.291334000845,114773.89493436604,132554.8441790773,2.353143164105778,0,PIF,0.09474032369375782,0,0.0
1982,2001-04-01,283236.9241303244,283236.9241303244,286845.4569307183,837577.5320787457,600975.8303465456,137802.14433571446,88024.07012919034,4.126994722555226,0,PIF,0.07928544012901419,0,0.0
1983,2018-10-01,94969.31403756364,94969.31403756364,114542.95275371372,578443.4885369105,542396.0481772907,134045.63704425603,183852.3730900296,3.995865913731656,0,PIF,0.1246486428032574,0,0.0
1984,2015-10-01,123914.02426441999,123914.02426441999,66952.13023129199,812863.5254713817,289738.997260451,152296.47581710847,239458.58043094506,3.5611584814913706,0,CHGOFF,0.07203941244630362,1,0.6513473404621168
1985,2019-10-01,109645.84142364323,109645.84142364323,137832.1818779056,170384.66797357667,88731.64138665688,49282.82844219231,74816.70724781939,3.7760825553655555,0,PIF,0.029314544369323903,0,0.0
1986,2020-07-01,479348.7255815034,479348.7255815034,456084.94496452867,838821.6003749245,368259.057067701,30974.334410097817,27386.895134393886,3.604925300414291,0,PIF,0.09155611543663907,0,0.0
1987,2005-04-01,178189.11069975054,178189.11069975054,178408.55766084907,506440.4358351524,234164.88774105834,137144.11918812542,239806.04064823693,3.5651038360273213,0,CHGOFF,0.28268923663592255,1,0.4782119821892925
1988,2005-04-01,209841.9456182035,209841.9456182035,256564.2037770275,628105.9713917074,456708.41084079834,54837.13986647961,31174.103622793024,2.3986185601655987,0,PIF,0.014972627942591289,0,0.0
1989,2023-01-01,194936.27283321624,194936.27283321624,144774.81831470423,385757.8866638501,174641.6651568717,31774.925024467066,34684.174281408305,1.1126628163074224,0,CHGOFF,0.23389710224267343,1,0.4526084110147699
1990,2013-04-01,454212.7003301647,454212.7003301647,475841.17141985026,128495.06404477748,116013.9915845906,34935.123633787516,41098.93648785084,2.76730339926312,0,PIF,0.11393645236163437,0,0.0
1991,2010-10-01,303334.6601006998,303334.6601006998,296147.6182319997,865537.4019002999,676613.7514523411,69432.02354090767,79924.5492705246,1.1818386063613788,120,CHGOFF,0.08596822438313531,1,0.3075823691485159
1992,2007-01-01,463621.9545199903,463621.9545199903,514146.2914871617,895570.6298689552,154143.4854177752,198439.53912935656,289929.5114935723,2.8754695804945674,0,PIF,0.032396687206665116,0,0.0
1993,2015-10-01,184966.207622553,184966.207622553,223300.17904283386,378928.41598356323,304976.4074168592,39879.46207054615,49986.91673592849,2.8563159069190265,0,PIF,0.1387473563062635,0,0.0
1994,2018-10-01,101675.60349437702,101675.60349437702,102901.27949763225,853971.7023966233,656094.4503593396,66721.94683670888,33893.49506160272,1.714886149055277,0,PIF,0.04209650634657974,0,0.0
1995,2000-01-01,300298.3037258786,300298.3037258786,138400.16062419134,217535.55858848267,122514.93515696014,184939.48885760715,120542.13754254517,4.137046521476744,120,DELQ,0.0245344087815372,0,0.0
1996,2013-10-01,205491.6463055079,205491.6463055079,116067.08857847145,206841.24872003193,113236.05189109575,193028.5319967525,221043.65635852245,3.8168373676417247,0,PIF,0.1563870403825196,0,0.0
1997,2024-10-01,410858.07507083676,410858.07507083676,517097.9056915818,139951.70880752063,114539.49063701325,53480.238618788426,73394.49545928556,3.238158162803777,0,PIF,0.08062698024735887,0,0.0
1998,2007-01-01,445740.5340102464,445740.5340102464,566886.3149492971,400840.91421900364,196343.1960567663,177286.01243962493,198532.73849492203,4.703634320486749,0,CHGOFF,0.028692728612348947,1,0.46483693985770114
1999,2007-01-01,262658.07990818226,262658.07990818226,333752.2630715344,122887.84514891132,34109.963772104216,36394.40945937259,32671.65795488576,2.1487484528408434,0,PIF,0.02863512450594026,0,0.0
2000,2021-10-01,487111.56083847873,487111.56083847873,210977.49636553094,403618.89548257535,161576.3393722371,154691.91814709798,72950.9120749498,2.048128885859974,0,PIF,0.006684715244964488,0,0.0
2001,2001-07-01,298855.8528549826,298855.8528549826,222409.5272068072,193480.15149272792,70071.14366618324,12471.550523000591,18710.234886766808,1.7337432622095559,90,CHGOFF,0.05469404374278444,1,0.4786486620865654
2002,2009-10-01,171914.1770238406,171914.1770238406,186304.32775175106,679032.7923698251,471824.0505937999,87257.72955578241,95640.74855272127,3.1777591511267995,0,PIF,0.09067035367025703,0,0.0
2003,2011-04-01,270038.98190492357,270038.98190492357,290993.2570813572,763357.3724558546,223739.03826002293,56993.689276303754,65788.0881191127,1.821428730794322,0,PIF,0.019919385689103834,0,0.0
2004,2019-10-01,66789.63158131743,66789.63158131743,31879.894332572905,644008.6507929561,428792.5191034067,143761.5226902333,151889.99992814724,4.4755823136064725,0,CHGOFF,0.09249824666345474,1,0.5670530716737099
2005,2003-01-01,411800.5221183804,411800.5221183804,390609.26658328524,244405.20499764782,127768.57856414944,13050.66495748509,10068.373749457296,2.2172390819352157,0,PIF,0.048636313860470994,0,0.0
2006,2010-10-01,95645.77288448943,95645.77288448943,50556.69673214302,708815.5181845237,582454.0851519272,98331.32414979127,77379.16590732356,2.963724040944242,15,PIF,0.06712835322354387,0,0.0
2007,2003-10-01,188936.81982635224,188936.81982635224,159441.5905051868,284590.1615672855,153109.22078884448,142378.5147015377,69609.01276005991,3.1180430597206494,0,PIF,0.05459682384308695,0,0.0
2008,2019-07-01,304392.44615222455,304392.44615222455,187419.6435689552,702780.6495141925,628175.667873147,18873.925917534754,26246.81034257596,2.230586189741994,0,PIF,0.3116775382884897,0,0.0
2009,2015-10-01,69338.8065411045,69338.8065411045,31053.041598613243,545266.0114150406,474586.0695238997,180506.03460469472,140906.98578616208,3.9536784842787527,0,PIF,0.018138680373256798,0,0.0
2010,2012-04-01,85692.60463165172,85692.60463165172,40448.40754771398,380704.26335879194,113537.4565536835,78627.50740532529,64316.19142245381,3.768291744935026,0,PIF,0.18106216531783834,0,0.0
2011,2009-10-01,363252.36092585576,363252.36092585576,443096.5574564377,148463.74997316732,103766.2263164313,41400.508126026085,74144.17701631082,4.043244112884978,15,PIF,0.2120005645762589,0,0.0
2012,2003-10-01,82299.69187734593,82299.69187734593,88075.59682128426,758557.7980417612,244027.89138492072,52838.25424578755,49675.22838051359,3.423681879163976,0,PIF,0.06751429634313966,0,0.0
2013,2023-01-01,264687.28981131944,264687.28981131944,327852.68380953494,850515.3950545448,687763.6990691462,74392.12646828801,82945.4423600481,2.840729169039511,30,PIF,0.17092412546056088,0,0.0
2014,2016-01-01,202413.03503933767,202413.03503933767,166584.0937931457,626052.5796005228,412304.7835875991,47691.2693462355,44880.45757936106,2.795668386170065,0,PIF,0.07535311537970164,0,0.0
2015,2007-10-01,152635.7335803874,152635.7335803874,117829.17681699446,870924.0846886198,335561.9596496724,107009.96324388856,86278.66180433262,3.866138246473862,90,DELQ,0.0800489979896546,0,0.0
2016,2010-04-01,134950.50403864944,134950.50403864944,97510.72191231669,845971.3636152527,295496.8690321874,130257.02993487763,53169.75167568113,2.508140964222064,0,PIF,0.00810408087544563,0,0.0
2017,2018-01-01,393535.08217966073,393535.08217966073,375698.6501953549,239578.888659078,118271.02304970719,92351.7206878317,147471.00356854594,2.749039124448744,0,PIF,0.19295254374095552,0,0.0
2018,2017-10-01,478193.98691762716,478193.98691762716,342579.8211717759,679594.1258505351,537272.4211484365,91136.10848007324,96824.38196174044,1.6546844768881375,0,PIF,0.07950371077452939,0,0.0
2019,2011-07-01,113080.88399149929,113080.88399149929,121182.66689469194,366429.95193890954,288354.4608995813,158522.9086800535,223175.91029643884,3.7185218252855203,0,PIF,0.08629293267858147,0,0.0
2020,2007-07-01,481856.5486283571,481856.5486283571,540250.6205011738,479764.2356638133,84774.81082373731,67193.17546199818,117058.53238867743,1.3076989969391728,0,PIF,0.09194123886338319,0,0.0
2021,2016-04-01,317643.12656379666,317643.12656379666,377442.664162334,208711.65354205354,81779.43969975169,128326.07844237599,51839.100031150854,4.962048643521927,0,PIF,0.050899814329346656,0,0.0
2022,2016-04-01,338747.1824134657,338747.1824134657,209522.19087254678,879319.1310072751,429354.6230461161,179655.1011582598,241646.07285811563,1.5749503086784626,0,PIF,0.03365912189926844,0,0.0
2023,2014-10-01,369466.87016416184,369466.87016416184,323032.21641926566,675432.6541226549,417731.8689561049,52087.72936824232,29486.706584585478,2.5319135844737053,30,PIF,0.046440123861925975,0,0.0
2024,2001-10-01,366853.5006595614,366853.5006595614,220515.69612961242,298864.8138973939,80580.41141424027,127781.13870464687,133039.4706625154,1.9511225315931253,0,PIF,0.025987531622087133,0,0.0
2025,2011-10-01,418914.9986835597,418914.9986835597,181725.42742024688,384606.78593778744,160852.7178147825,190114.638210409,301425.79181659274,2.162632503935366,15,PIF,0.013830498958675424,0,0.0
2026,2015-04-01,267560.89310646383,267560.89310646383,277472.0907349181,426435.9999996032,366085.7608499938,110661.09844153635,55340.97223229858,2.2898129972162584,0,PIF,0.024907712827774257,0,0.0
2027,2023-10-01,290011.36438161554,290011.36438161554,259294.27319914085,692977.653797949,368136.0702846023,195610.56750245474,349254.6245402501,3.873346556217516,0,PIF,0.2503960737357549,0,0.0
2028,2013-01-01,195722.15110853716,195722.15110853716,205808.60440366762,839071.7587510593,625372.4161638236,68908.74839511132,83598.0372721887,1.7069970926177955,0,PIF,0.15565705634741436,0,0.0
2029,2008-07-01,97365.91720240268,97365.91720240268,46624.7035042992,343580.9090473487,184785.64831600513,117215.83960657765,111705.62173914387,2.05542616871736,0,PIF,0.06776047354766757,0,0.0
2030,2013-10-01,349088.08591679856,349088.08591679856,452408.9298626371,467450.07238994405,244002.4220572591,69096.79272818104,29526.052555205566,1.4048243610817766,0,PIF,0.02712434702806973,0,0.0
2031,2004-04-01,65124.48613381291,65124.48613381291,84330.58996781202,566430.2097244549,366786.455943501,10706.690762806122,13078.782827615187,2.325839994856307,0,CHGOFF,0.07861781558893821,1,0.40247881394876667
2032,2002-04-01,174035.77298751572,174035.77298751572,142448.25285851368,402542.0737682588,143905.4139442,199488.53908467508,218010.3815743819,4.764966973442088,120,DELQ,0.0647971832593317,0,0.0
2033,2016-10-01,92403.43900074513,92403.43900074513,108985.49889389603,493428.68515986187,172621.9199026642,55611.41292708254,39008.280976083144,2.520435930733349,0,PIF,0.014001043866254179,0,0.0
2034,2024-07-01,135827.22079522314,135827.22079522314,84105.80432544675,166680.25579648366,156926.641254729,194889.37719497902,211771.9709927458,4.109353216186131,0,PIF,0.16848229155120176,0,0.0
2035,2021-01-01,337428.91080382135,337428.91080382135,358960.0961061281,217492.9979305362,183823.69151719488,134076.23706295414,56031.12577819095,2.8468157520003765,0,PIF,0.04247055753404169,0,0.0
2036,2014-07-01,332814.4835922132,332814.4835922132,396482.9829835805,408903.0309205188,302671.6252258483,181747.3857002288,327012.3750619814,2.7983987372481263,0,PIF,0.04936851813055009,0,0.0
2037,2001-01-01,239474.71084807042,239474.71084807042,271372.6559958627,830249.989651853,215628.90015310966,193768.52194019026,167602.06290759463,4.295883776013659,0,PIF,0.01163612761397303,0,0.0
2038,2024-07-01,90577.38942027102,90577.38942027102,102406.4948936262,366473.59751059953,63832.28653987016,117887.54920497676,126412.1166344271,1.1072778142950979,90,DELQ,0.03902906447878931,0,0.0
2039,2011-01-01,245018.26240673376,245018.26240673376,200112.28772090364,284830.10305611114,82694.72477664748,199941.35541723904,299649.99703749415,4.459545996837919,0,PIF,0.031061112809251595,0,0.0
2040,2007-01-01,208735.19233623202,208735.19233623202,237538.76045153386,689147.0210964063,620359.6537886347,155792.6827623203,217780.9836135501,2.940833806400744,0,PIF,0.15522036535359582,0,0.0
2041,2022-04-01,374206.61878517736,374206.61878517736,382302.32890748506,858286.7361828196,689231.5565765649,109524.76565777895,180056.81525150943,2.4045087407362367,0,PIF,0.0884779573889748,0,0.0
2042,2018-07-01,310561.97368957323,310561.97368957323,161245.72033887613,456481.3659921089,259491.7670576089,134439.22399626832,230947.23182738374,4.6273398038356035,15,PIF,0.0943354502547238,0,0.0
2043,2018-07-01,271204.59530164953,271204.59530164953,136352.4397053302,87056.06356509014,80528.98932899637,46911.55789205386,31189.100633802173,2.3594374070941417,0,PIF,0.07310015060407322,0,0.0
2044,2006-10-01,269141.9370372478,269141.9370372478,294637.73183153995,644282.4518100068,172194.58909098996,12096.19807366648,11449.774644492858,4.910789420344784,0,PIF,0.07903825665772962,0,0.0
2045,2024-10-01,484833.59926718846,484833.59926718846,466854.84454180946,420349.8573252388,251083.5247426915,58789.976045357005,80045.1267251612,4.745425997131819,0,CHGOFF,0.15162409800840437,1,0.5155607226327888
2046,2011-04-01,390332.3997665527,390332.3997665527,338589.35349089134,632389.3400252964,187552.57667684372,92644.46372678233,42897.53528342572,2.071692848866968,0,PIF,0.002,0,0.0
2047,2013-04-01,273640.8022070575,273640.8022070575,332893.7807165395,307727.54297994694,121596.34877115379,53329.99150373326,74860.52865875482,2.362410879294726,0,PIF,0.07644388376161466,0,0.0
2048,2018-10-01,265650.1758000399,265650.1758000399,263958.3351529812,81974.67792990919,73950.01400159797,107666.82061737761,43802.82648900514,4.248670184068206,0,PIF,0.031324171176497474,0,0.0
2049,2016-04-01,61915.595587233554,61915.595587233554,46841.13373077091,362486.89937139506,306164.7047093307,135009.38702268663,226778.48962060857,1.7824403290589057,0,CHGOFF,0.17263811400596962,1,0.4367940627960265
2050,2004-04-01,474129.168493913,474129.168493913,366283.09701894555,657929.720942612,152270.61543917443,134600.83132900717,189173.0194900444,3.9278062562860896,0,CHGOFF,0.12954539437644766,1,0.4197648584263124
2051,2007-07-01,193628.28729529833,193628.28729529833,182924.50100034123,402352.8920675352,140676.6713021161,179815.2418012944,214285.6153298296,1.516604588034093,120,DELQ,0.03651786678948489,0,0.0
2052,2009-01-01,165172.58684633469,165172.58684633469,179088.00667681385,259722.79451564528,162484.1322655669,193600.62833180986,193689.94815422187,1.822422106983864,30,PIF,0.15561541151510744,0,0.0
2053,2023-07-01,499734.01642445213,499734.01642445213,453717.4968574776,460485.62858996325,91674.50576400317,179232.0525383788,319612.81113081344,3.002023238354671,0,PIF,0.022670770230198718,0,0.0
2054,2017-10-01,373410.352177036,373410.352177036,320343.0630538415,696925.789104676,411233.4099095157,127833.24227591597,182944.2528998011,3.983526907265692,0,PIF,0.15689383314031322,0,0.0
2055,2009-01-01,71313.69798467959,71313.69798467959,75179.65865041038,177935.13116969093,109891.51791190823,49095.189372314526,75125.95662823836,3.9577145742047293,90,DELQ,0.05916570018335901,0,0.0
2056,2018-04-01,77848.46466150941,77848.46466150941,80552.7720160117,647236.6675902512,247745.20319650162,189255.7202422861,294394.6512225968,3.435689088986981,0,PIF,0.08065380412058304,0,0.0
2057,2018-04-01,61475.70378208904,61475.70378208904,70531.82228179311,627222.0995192368,241165.88373701784,43223.47500578824,18613.10488742131,2.0884506955836235,60,PIF,0.006105642846606144,0,0.0
2058,2009-10-01,319828.50478079106,319828.50478079106,145936.66176110762,384005.06134175847,127974.83812620473,38771.20267698838,18476.732197916845,2.661511456573678,0,PIF,0.021025437455114555,0,0.0
2059,2010-01-01,82204.02502787832,82204.02502787832,88735.70357561672,875675.6769311854,786830.5826276252,70338.17230203265,47668.951682793595,1.9848570663366414,0,PIF,0.27578603505528115,0,0.0
2060,2022-04-01,470024.76058021875,470024.76058021875,405342.0238908255,813658.3455738883,375175.35102219693,118985.05665427475,156739.5665695259,2.1080697001631874,0,PIF,0.03945835079404144,0,0.0
2061,2014-01-01,471607.94301020505,471607.94301020505,220346.45903034622,339252.4142576973,209731.0162600369,139479.8000773028,177631.55283292432,2.2928960827942646,30,PIF,0.08090237450036178,0,0.0
2062,2003-07-01,295724.33003663586,295724.33003663586,299009.539116384,105494.69658295132,41275.819053848485,12525.608695670839,10712.26350765643,3.3953908441340896,0,PIF,0.0983967793908076,0,0.0
2063,2017-10-01,327487.5191281779,327487.5191281779,342187.1810916588,332809.9415309628,237004.3442098336,157824.23162675253,278117.5876912066,1.8303795542046633,0,PIF,0.08803256779810577,0,0.0
2064,2014-07-01,181352.48068636243,181352.48068636243,158005.96981108128,247871.99288365548,57296.358946913766,43253.71432657601,22939.577071353728,1.1702780767363903,0,PIF,0.04878124403530537,0,0.0
2065,2012-07-01,78787.64408372299,78787.64408372299,87802.45382607263,528746.5695190261,109616.16154493635,66332.12178747403,98662.94000484198,3.769818607196651,120,DELQ,0.05264602231252571,0,0.0
2066,2018-01-01,381857.200336317,381857.200336317,255929.59208524032,833370.4253693668,621216.8231267158,71196.4779011738,76410.05127526028,1.0872256024232811,0,CHGOFF,0.10630566646187381,1,0.44235362217922725
2067,2022-07-01,95803.69493705785,95803.69493705785,55730.58978762116,793676.7582307676,580443.0893073331,73164.73979076107,72167.34927535069,4.883139271436274,30,PIF,0.050733185354088606,0,0.0
2068,2008-04-01,88500.93845827691,88500.93845827691,63336.63087392491,330779.9076451579,119742.68014233503,154469.84441979954,67316.5664978927,2.4011420409866826,0,PIF,0.03998897927185763,0,0.0
2069,2010-04-01,190050.3991419007,190050.3991419007,146157.3970049779,431449.97751562233,187265.41360499326,17779.42881841412,25227.578218521277,1.0263254892767306,15,PIF,0.09536191937492314,0,0.0
2070,2004-07-01,55609.546927046926,55609.546927046926,57074.315859621776,109964.6032452445,100706.50747191279,47338.38549454071,70070.54875138412,4.538341245658082,0,PIF,0.15736579694232314,0,0.0
2071,2016-01-01,245316.0270903422,245316.0270903422,284804.0436235006,526214.0762723025,122852.1672873863,14240.65391896515,12055.290224863884,3.3992181333473117,0,PIF,0.027066116790286966,0,0.0
2072,2010-01-01,368456.4095360345,368456.4095360345,386446.7989114588,131961.74364159766,39128.98654171359,157876.8967752356,177413.84997085997,4.2695691793640265,0,PIF,0.03940318890394157,0,0.0
2073,2008-07-01,410607.0191398725,410607.0191398725,228539.26935324143,849657.0563078617,419756.66347226175,196907.24428937348,245940.88394579213,2.740098862543862,0,PIF,0.10455166517133292,0,0.0
2074,2017-04-01,321938.28670951456,321938.28670951456,234884.68544371892,790885.7445788633,297119.2643753149,135313.9602606472,123772.13140026828,2.4167275320557335,0,CHGOFF,0.19494102206361621,1,0.5635064887715241
2075,2010-01-01,431093.3914012607,431093.3914012607,233899.35103770738,255633.85367875246,171071.923137657,122126.44437457413,154100.95603632368,3.620757772191721,0,PIF,0.15557242705778215,0,0.0
2076,2011-07-01,232925.99169519966,232925.99169519966,237130.72036091602,653482.3174868772,459059.15912033524,182532.58054381554,183952.29763245842,2.624003499564514,0,PIF,0.23433399616648104,0,0.0
2077,2011-01-01,431947.4382772145,431947.4382772145,269256.46165429486,545776.713595333,311698.79384032445,58441.25740906173,95218.21199102687,3.2248343920836855,0,CHGOFF,0.15424166637880055,1,0.7316727269731303
2078,2006-04-01,277912.98972427065,277912.98972427065,242575.8638335375,737113.3242632701,470984.33833367896,22627.83797622099,31812.896418746153,2.1112915124589757,0,PIF,0.1099897168740339,0,0.0
2079,2003-01-01,150366.2575992329,150366.2575992329,167304.54419860803,470034.72753624636,233483.48328020974,106894.28194472099,59294.25567213809,2.3305816269231,30,PIF,0.047442428293276016,0,0.0
2080,2020-07-01,474865.54099720967,474865.54099720967,476691.56398461945,237253.01594593795,179911.28777840652,59466.253603027464,90355.66942294578,1.3287630528868855,0,CHGOFF,0.25376075648332286,1,0.3776366783405405
2081,2002-04-01,173736.8932267024,173736.8932267024,116149.4704327129,604671.588100722,111065.35065459528,95705.50678937139,83503.8092114451,4.125487946873461,0,PIF,0.10869797122465265,0,0.0
2082,2008-01-01,61790.6678845069,61790.6678845069,43227.52010721913,145829.86813667492,58377.60211300929,96696.97161054377,165332.075047148,2.3954033078955885,0,PIF,0.05318308551934306,0,0.0
2083,2016-07-01,159203.31932976213,159203.31932976213,157297.3145747571,559362.1527581061,390179.73200729,70578.04657293319,87849.89142809733,4.899996581724498,0,PIF,0.20701878909585644,0,0.0
2084,2003-04-01,215009.4025658425,215009.4025658425,192330.42028963854,254417.9404808552,105256.7946203236,102401.67050078016,44914.309134383315,2.0390352964751672,0,PIF,0.03204286288452507,0,0.0
2085,2016-04-01,208107.35748016884,208107.35748016884,101297.11755218737,641647.8784413193,136560.77862940793,82228.85730448132,117431.67144427566,2.900210721078103,0,PIF,0.03793037109199253,0,0.0
2086,2018-04-01,286100.3792496072,286100.3792496072,339484.54433675855,758995.392617049,323340.1909703928,31481.27398855658,18354.467880440618,2.2221288021535646,0,PIF,0.011060638063623882,0,0.0
2087,2016-07-01,447407.09691616555,447407.09691616555,385374.96340366243,169810.27801129944,122126.84170251008,174677.88440709817,284406.07293780375,3.775701499662695,0,PIF,0.02451210964980434,0,0.0
2088,2007-07-01,181552.2021993646,181552.2021993646,149966.64182293596,408220.21276184573,101070.38203222443,143242.00574174293,247473.8318009859,4.233463678481682,15,PIF,0.05191496769131931,0,0.0
2089,2000-04-01,284346.773581626,284346.773581626,164521.73604340618,681487.7019763173,497285.045837699,17848.684349969702,24512.63690845339,2.9480429220715103,60,PIF,0.04875584852769592,0,0.0
2090,2022-01-01,203062.52915981572,203062.52915981572,150122.9981859238,214236.51044546397,165040.21790876717,31999.420801548204,36672.03662277138,2.467710229624848,0,PIF,0.0606035230212119,0,0.0
2091,2008-01-01,419797.8767179402,419797.8767179402,293666.40415411355,544549.4094292847,358444.5275626852,28337.749435284564,35220.65469842849,3.979005276255385,0,CHGOFF,0.2557753757983001,1,0.6507924288965738
2092,2020-01-01,120920.68097981527,120920.68097981527,77832.06121186873,630907.965138093,217907.5600453195,21731.273931677257,21739.906455856115,1.765820176256101,0,PIF,0.02766726624497174,0,0.0
2093,2004-10-01,96579.62073952632,96579.62073952632,87951.7689018597,370930.75793629343,294606.66745599784,21220.787409704062,10971.48439142218,3.397865352848528,0,PIF,0.060659253596449324,0,0.0
2094,2004-01-01,276347.8639569208,276347.8639569208,225513.07311880306,762225.4648461329,245096.64820760666,39851.34325787806,67762.46285000395,3.9344978410916784,0,PIF,0.031183626854778955,0,0.0
2095,2019-04-01,352349.41359447135,352349.41359447135,422917.22012895445,498739.7117383053,436226.061218711,171095.18762068634,147289.1997446954,2.0770784455162907,0,PIF,0.1593452639452942,0,0.0
2096,2023-04-01,407986.3404908449,407986.3404908449,508844.4721010502,594135.7687512182,424995.15386830113,167364.3262776534,140249.11013302577,3.6227973604560777,0,CHGOFF,0.11988793211039905,1,0.34799839501607105
2097,2021-07-01,315331.1838073924,315331.1838073924,188418.60815044263,195515.69329791854,37886.237511176674,158797.83030289318,106053.875120773,3.9409045803477043,0,PIF,0.005172535688144929,0,0.0
2098,2018-10-01,398232.39259355026,398232.39259355026,195171.65900603263,98991.34311678863,78146.70579733112,126794.23624232881,226881.9988291052,1.46966651793629,0,CHGOFF,0.10741852568907864,1,0.7666335255148107
2099,2006-01-01,226719.5263524157,226719.5263524157,250934.03247102787,121613.82807648876,67513.53141907115,147463.77511059056,253577.26433311394,2.2956299373566793,0,PIF,0.045619702101946956,0,0.0
2100,2022-10-01,64790.45161991104,64790.45161991104,83927.94832483209,821214.521522537,420559.65567112213,150311.43005965816,133657.7229344585,2.6252241917367534,0,PIF,0.07626982708147427,0,0.0
2101,2016-07-01,102244.68855570044,102244.68855570044,120366.54358330742,803766.755083566,390959.34672780114,178969.44535845678,136734.00448847728,4.103829588239591,0,PIF,0.0736188862153305,0,0.0
2102,2004-04-01,67425.17055304829,67425.17055304829,28408.089462787186,742224.9801127109,471538.5382168122,149145.17563079545,227821.8421853516,3.27002053165016,0,PIF,0.08470263417770228,0,0.0
2103,2003-01-01,198024.6427144217,198024.6427144217,123990.59445599312,243681.91481258583,177805.62842414767,149927.26852398345,148675.9860769604,2.798245892547642,0,PIF,0.09487690205074445,0,0.0
2104,2021-10-01,272971.103570907,272971.103570907,119836.51170406964,510876.09459859267,442817.84162421094,162775.4228155619,285655.12179474864,2.275089794683584,0,PIF,0.1474191231723379,0,0.0
2105,2006-10-01,210342.86764562273,210342.86764562273,239517.7261423532,732816.0224496662,269937.0691052529,115707.42262625006,192271.42006555598,1.0162454688995348,0,PIF,0.1362838232522511,0,0.0
2106,2019-01-01,302269.7637798765,302269.7637798765,279075.4799574163,633228.7286297345,414524.8351703562,50475.47010809575,73857.31697796885,1.080880363854348,0,PIF,0.0631941292597564,0,0.0
2107,2003-04-01,266274.1168217545,266274.1168217545,229620.60248849745,174727.37881426886,122147.3831984335,26063.070738121078,13706.412683304923,1.9617849029450345,0,PIF,0.03341775612988033,0,0.0
2108,2007-01-01,355074.26083877316,355074.26083877316,319213.4981553651,814343.7838461875,561765.0524910424,89618.27647256077,123940.1792481821,1.4667624233403704,0,PIF,0.14999587557686211,0,0.0
2109,2007-01-01,350132.97360353277,350132.97360353277,219605.54834906606,211759.56207792906,115282.015334615,27420.277620351888,48867.216165630445,1.4783463881111016,0,PIF,0.1307958290844799,0,0.0
2110,2007-01-01,193128.86619890577,193128.86619890577,181825.9089637549,220872.46859893505,102223.76268951829,42167.765995322916,38904.38344825434,3.4109584962657853,0,CHGOFF,0.3290630429249076,1,0.3782418495944035
2111,2016-10-01,205796.5049124912,205796.5049124912,87998.64325070809,818827.0759199808,622229.1954059015,14529.60223486265,23744.226633592396,3.4218212928807783,0,PIF,0.10958948792744647,0,0.0
2112,2022-10-01,313316.5197385865,313316.5197385865,307492.1384538157,477385.8900575032,186184.24137102152,67039.19529693687,65121.77878626743,1.179088437749372,0,PIF,0.06041037903307968,0,0.0
2113,2022-10-01,318394.6105508788,318394.6105508788,337813.6402220127,385771.2972843028,122074.445282623,194299.58625638348,341938.8265447726,3.375741007201653,0,PIF,0.05387650619879934,0,0.0
2114,2018-07-01,191614.9611367099,191614.9611367099,192711.6956832981,533998.5286844063,313277.36840738246,81996.94180623801,107828.26784806905,1.5832743761348063,0,CHGOFF,0.28171305886201825,1,0.4045904930050946
2115,2005-01-01,198643.04859894133,198643.04859894133,138832.7721371653,884745.8129223314,322125.94058568176,55769.59514970545,29842.348069276788,2.5089029392289577,0,PIF,0.015422903249781659,0,0.0
2116,2024-01-01,362320.2559337662,362320.2559337662,414362.7141633384,178096.97329765517,31449.526555826462,86655.400656264,92778.82086159929,4.958735438670329,0,PIF,0.07693221326127767,0,0.0
2117,2013-07-01,341334.8702942313,341334.8702942313,356350.05381901294,700698.0560094935,134015.92690160475,67254.3188392687,31583.99034679275,3.0880214528817955,0,PIF,0.014784147577581076,0,0.0
2118,2013-07-01,110772.86210589862,110772.86210589862,57099.82033712173,354147.2070401846,250030.91048277981,138036.59635638853,131563.51002348977,1.1367520534493805,0,PIF,0.23523472893974384,0,0.0
2119,2017-07-01,248468.84585392705,248468.84585392705,143026.07166856824,175980.40209505145,163400.73813410895,130548.68462022532,219522.01265314626,2.390632806716833,120,CHGOFF,0.22329812239047472,1,0.579627113535095
2120,2019-01-01,451717.73541976564,451717.73541976564,439700.94682388514,425985.3513894097,218850.27540572046,15195.152476394276,11017.747841254435,3.6835926353470643,0,PIF,0.020819054213457016,0,0.0
2121,2023-10-01,66337.55424701385,66337.55424701385,43814.26431256605,529977.3597347222,141847.8576058194,107151.39960328917,185457.09481625934,1.89839153854036,0,PIF,0.07663441116483913,0,0.0
2122,2014-07-01,434823.7759178961,434823.7759178961,220668.56467892884,248888.54293708046,200222.5120565137,16877.940658333056,9112.269568185835,4.857796947834306,0,PIF,0.12038292394387685,0,0.0
2123,2015-04-01,123430.17067886463,123430.17067886463,66587.13261852655,412320.95645921404,148084.54274326345,138699.02061871224,184571.80291276277,2.701174791563662,0,PIF,0.05228952933644246,0,0.0
2124,2018-07-01,278261.88460777217,278261.88460777217,152781.20774564665,601254.3408872782,569087.9366863511,187803.5828191791,329024.32337818557,1.0843492269708421,0,CHGOFF,0.1951410174893188,1,0.7183530324029875
2125,2006-04-01,240951.39301535516,240951.39301535516,199992.50331730512,552687.3761705821,331950.3015470829,182422.69695820962,240034.52158666277,3.1622646584518352,0,PIF,0.14651261877153385,0,0.0
2126,2007-07-01,54558.20180365647,54558.20180365647,51647.353048193305,672991.6871249775,226196.5701372629,49085.30129727604,81413.1524314391,3.704758497410148,15,PIF,0.04179541572879199,0,0.0
2127,2015-07-01,461928.6216903344,461928.6216903344,258108.18239401927,765851.717008669,418770.6410590667,151102.57806706472,270087.19475363544,2.8239647082069426,30,PIF,0.09041053051001395,0,0.0
2128,2001-07-01,254716.35230043755,254716.35230043755,265222.6247765062,415495.07205088646,173803.6733703352,160682.53449770738,208659.25587471132,4.712683359095465,0,PIF,0.05046105344841108,0,0.0
2129,2008-01-01,479420.72454227676,479420.72454227676,313019.23092141823,426833.1658790265,330188.5708117164,174229.831290783,260503.10990996304,4.607728669862425,0,CHGOFF,0.4,1,0.6246463193044931
2130,2017-10-01,179034.75544064803,179034.75544064803,121815.66377787493,487287.5502532256,114343.34355660988,59323.74745209899,26385.973162033395,1.5558402926110313,0,PIF,0.005735239344002587,0,0.0
2131,2024-04-01,439824.0980371876,439824.0980371876,264399.71069870214,544409.7702726689,454909.9873830945,95658.6207347104,95489.73830254647,1.3197926693778275,0,PIF,0.08662887753862165,0,0.0
2132,2012-10-01,465075.3082980337,465075.3082980337,514692.11049537204,168824.59287507116,128959.9599489919,52085.841516952176,41854.69753125994,2.249235989723161,0,PIF,0.11719732608998722,0,0.0
2133,2009-10-01,300574.5873668513,300574.5873668513,379875.9170523385,336360.99043971475,282237.4943333369,14618.796870126362,22715.5559215089,3.432530649070746,0,PIF,0.17965078716802999,0,0.0
2134,2011-01-01,141205.00454047287,141205.00454047287,119071.1008480842,220951.27220915988,191342.69627709204,135212.39929434186,182348.68802403088,3.406381257261358,0,PIF,0.06809152833337752,0,0.0
2135,2017-01-01,358361.344447574,358361.344447574,156900.47923343597,396399.2651221879,132326.89789313907,91978.08739969766,115908.93802386228,2.086572398900093,0,PIF,0.014965052543461959,0,0.0
2136,2013-07-01,297040.12993825704,297040.12993825704,188475.64122335438,878150.33951071,497739.69213049836,57142.207307077784,97380.73044411224,4.804402187108002,0,PIF,0.12405961142756093,0,0.0
2137,2000-07-01,475038.34963368165,475038.34963368165,257587.29436047026,557839.3844784034,462971.97819346446,170949.74998692627,89648.60067955375,2.229326866862136,0,PIF,0.04507532173945532,0,0.0
2138,2013-04-01,247672.42781472133,247672.42781472133,286925.05416987144,432092.84633484797,195267.2413855767,104179.32159604854,180790.47994789583,4.216797744404625,0,PIF,0.010389471832734143,0,0.0
2139,2010-01-01,170831.1414379199,170831.1414379199,81378.58975106398,544068.2540834412,107902.9139850051,198984.9586703922,107664.90899625915,4.327920722338806,0,PIF,0.04545327757622547,0,0.0
2140,2017-07-01,112229.1506723482,112229.1506723482,142511.78714265447,628642.775450287,240963.48136636833,160737.98711840375,142385.65762028855,1.39374007570937,0,PIF,0.02503966881091389,0,0.0
2141,2021-10-01,364385.10590900574,364385.10590900574,338755.13170544826,436661.8398981288,150009.17063857475,175150.1279498248,224609.56942561394,1.9302116487234078,0,PIF,0.10361362487522356,0,0.0
2142,2024-01-01,488349.328541262,488349.328541262,422893.82105559204,447122.0394873675,378287.6439630988,156933.12727155763,137797.75089506325,1.8607660318009747,0,PIF,0.08546266626209226,0,0.0
2143,2015-04-01,62754.69675712931,62754.69675712931,72959.5869240445,655148.926093001,341383.089064,30125.73080061811,40836.95817441979,4.678605267099199,15,PIF,0.09842397978507181,0,0.0
2144,2009-01-01,383200.40965015703,383200.40965015703,162780.79764745888,129907.31822867502,90524.01675615342,22355.510124197426,33211.03435836371,2.404419695755741,0,PIF,0.16755261573398555,0,0.0
2145,2011-01-01,467118.66315185,467118.66315185,513567.7632917483,522866.0659964422,480877.47375473136,183864.96679674805,286812.46239700634,4.345885333566029,0,PIF,0.041436922685786894,0,0.0
2146,2004-04-01,83651.6904023072,83651.6904023072,42239.389128521536,528808.8060185153,205891.85769882798,36257.46572756239,23606.553615598325,2.9120720087091,0,PIF,0.026300570929674517,0,0.0
2147,2023-04-01,99576.52029775991,99576.52029775991,115180.1898106525,700536.8541252724,531679.2028322237,84332.96862810945,55230.283081889116,2.8288761767760815,0,PIF,0.028692093411570124,0,0.0
2148,2021-01-01,361380.6943023689,361380.6943023689,316662.9402857806,885768.6969160596,148996.3015406703,125883.09219562686,59572.869119510084,4.613685430372977,0,PIF,0.004117136929937186,0,0.0
2149,2021-04-01,341583.51915310475,341583.51915310475,155426.12440493953,732518.9251651827,170891.4938399857,50260.68648137917,54643.04513029787,2.763605628777708,0,PIF,0.08780850042842193,0,0.0
2150,2008-01-01,80972.33689231056,80972.33689231056,93111.75295302473,493106.66237338376,137819.40278503465,52804.15830447759,31288.949096214474,3.979407668923705,0,PIF,0.029521376815347118,0,0.0
2151,2008-01-01,425490.2384680204,425490.2384680204,180655.79655477943,218951.6072778864,87566.33869273885,98585.85503536153,83407.16154477352,2.6975100071614686,0,PIF,0.016387048058160818,0,0.0
2152,2021-04-01,285540.73153020156,285540.73153020156,149775.714596143,562373.9967391999,265659.7241565666,78570.06737738616,123874.20048025335,1.4074789463052504,0,PIF,0.04287207888090538,0,0.0
2153,2013-07-01,458238.81800147565,458238.81800147565,512330.2772944044,764125.0871044025,406218.6103104347,138549.37673376282,239430.29803852877,1.2123791779897926,0,PIF,0.057923448117007434,0,0.0
2154,2017-07-01,445095.896446717,445095.896446717,364259.3652238355,844579.5321891727,292448.39676867326,24264.477148919224,37631.93111427645,1.8329607079147916,0,PIF,0.03789098574062914,0,0.0
2155,2012-01-01,415628.4960725746,415628.4960725746,495948.63391074893,756754.5111851625,153600.17013740452,102864.14720078574,41239.03241380577,3.8890721449084156,0,PIF,0.011580726865644046,0,0.0
2156,2011-01-01,282154.5033099896,282154.5033099896,274222.10909169225,234954.25721730207,162592.68641531075,43109.38436594822,51525.79923504825,2.4945988804019787,0,CHGOFF,0.10590994187472656,1,0.39190480967264146
2157,2015-10-01,163269.78878724453,163269.78878724453,156930.98274084498,664312.2087664518,112221.65213796866,125277.75171014214,79341.42954867061,2.8164303255501015,15,PIF,0.22461708649561465,0,0.0
2158,2020-04-01,277688.97676000965,277688.97676000965,184111.0115396407,801727.0569383915,639438.6663514281,32080.52543446519,29708.031852432254,1.407505594070193,0,PIF,0.15348947773760818,0,0.0
2159,2008-04-01,95365.12001080104,95365.12001080104,49619.661258776425,638433.9126341196,570328.2472664402,47550.0546405886,47506.61870241994,3.492150399152238,0,PIF,0.05881676919950692,0,0.0
2160,2020-01-01,346480.76681304176,346480.76681304176,438317.27905888326,642316.6735611365,461372.9391326461,162738.90674022955,279929.9699620802,4.213792841607807,0,PIF,0.06463987078906043,0,0.0
2161,2006-01-01,110289.74865305342,110289.74865305342,54518.19917676266,490133.07472588454,307199.92980659625,54681.72810722262,70388.19188245187,3.4987329760174477,0,PIF,0.08297575047264641,0,0.0
2162,2010-01-01,280027.8331253254,280027.8331253254,245335.0560851665,602320.5021429141,406936.65972337394,150042.41437082688,116240.42005304739,4.938456327301225,0,PIF,0.07617133158147096,0,0.0
2163,2022-10-01,74471.888375068,74471.888375068,48057.5832541048,321392.1897628773,215904.08588367485,61881.91294075629,80441.08928988666,1.0653655660498846,0,PIF,0.022831606280430593,0,0.0
2164,2023-10-01,184780.62062359066,184780.62062359066,117839.51642309371,152824.27116431107,136833.36736217322,54655.22599442791,94696.28230657632,1.062679309002085,0,PIF,0.12074127527478902,0,0.0
2165,2023-01-01,154436.2073014045,154436.2073014045,144417.55948108865,758726.2218912283,699124.2536025068,66839.40874744082,32271.588725840502,3.000022412460161,0,PIF,0.015255927073812485,0,0.0
2166,2007-10-01,329014.1942202517,329014.1942202517,367884.16323210875,853378.3320610429,419323.9252032902,177377.0770403222,273583.3412081525,2.065632235508227,0,PIF,0.044137179539887196,0,0.0
2167,2021-01-01,404054.0204101289,404054.0204101289,444241.8533204702,782594.3150090942,503727.27138276206,85461.47527397831,60135.52924210165,3.7460416214040153,0,PIF,0.02795838313725714,0,0.0
2168,2023-04-01,75786.32954323676,75786.32954323676,89573.49382974376,353809.11410025845,280303.7290951396,56314.500677954995,34596.877289610406,4.17284061421253,0,PIF,0.061095607280683334,0,0.0
2169,2024-04-01,432627.6583199229,432627.6583199229,287097.1063846385,156694.7240725012,23634.34761218076,111961.5000024135,185678.48392508304,1.4097436351319987,0,PIF,0.017358550270116756,0,0.0
2170,2000-07-01,437345.462729572,437345.462729572,358263.0132896337,309713.47785775334,177036.1676683464,83271.86823917578,33524.35813089041,4.669352810984943,0,CHGOFF,0.03423411208420866,1,0.5062554024881851
2171,2018-07-01,204021.08342961024,204021.08342961024,83322.43813937636,771125.008164118,518428.16952228296,160137.528756616,230200.9061867613,1.1196917512244045,0,PIF,0.13838404784601246,0,0.0
2172,2024-10-01,346551.82968664495,346551.82968664495,371563.1201066516,617767.8962592372,447118.38593492226,198184.66747947526,103476.13376395855,3.753615711177987,0,PIF,0.018199356393653297,0,0.0
2173,2019-01-01,231175.8642665523,231175.8642665523,155375.33293569917,872689.2801644085,388374.2433992996,110049.1441065084,139233.4522360999,2.5380030650291565,0,PIF,0.1193274992795408,0,0.0
2174,2005-10-01,119385.89698533418,119385.89698533418,108085.3270029669,360998.4351184248,139531.50382158623,95832.29055404136,121635.67738304743,3.669756851239529,0,PIF,0.01412014261283084,0,0.0
2175,2019-01-01,287898.08835339965,287898.08835339965,159026.34013734205,532207.1386391467,157381.13013786948,75176.72567963827,120875.64002566959,1.390545286443586,30,PIF,0.15797097848324196,0,0.0
2176,2002-07-01,88861.8535257185,88861.8535257185,101076.76449410238,727831.3417433469,433971.21287135564,194934.35913132617,302469.7221491204,4.748321277755155,0,PIF,0.30234778204243656,0,0.0
2177,2012-01-01,445312.46992819454,445312.46992819454,505672.3474847341,271873.39304008614,240728.32364383788,101823.82244088958,138402.0023548659,4.7496333593600735,0,CHGOFF,0.17650820490068683,1,0.4699643609554087
2178,2015-07-01,465930.3917343239,465930.3917343239,554320.9389630716,870553.7792209259,754580.7990528961,43819.40338784939,40873.27707724022,3.077603256704447,0,PIF,0.03462930796606127,0,0.0
2179,2011-04-01,419725.9116551316,419725.9116551316,185243.21785243918,565766.0914432881,247790.12624510677,194151.02202308844,122891.39301295718,3.0383381362605784,0,PIF,0.022077624583242278,0,0.0
2180,2017-04-01,303137.65434019035,303137.65434019035,392021.5065156966,86476.00192211561,30810.025549856062,192567.60393987782,248403.75469815265,3.539232751254817,0,PIF,0.06662221477591147,0,0.0
2181,2006-01-01,300919.36600645474,300919.36600645474,187473.20827496104,100625.68601497017,78592.18852673966,92787.75994366454,101672.90411193132,3.320275802190151,15,PIF,0.08703824057118235,0,0.0
2182,2015-01-01,493073.3194704184,493073.3194704184,334545.47304996784,803417.1334493081,586481.6644700144,76155.34247626185,38772.144538883906,3.1741862673100454,0,PIF,0.17151871160582796,0,0.0
2183,2016-01-01,161555.76042403228,161555.76042403228,100875.76516683171,609130.8527640835,337624.09373576345,139283.11487084074,242044.3371272556,3.3567645955437326,60,CHGOFF,0.197133944228127,1,0.4531706378165966
2184,2015-10-01,84176.76465734336,84176.76465734336,53938.73915262661,705719.465632367,325494.90134612186,167495.58484926587,140727.6678656225,4.434520688714677,0,PIF,0.08422962491527465,0,0.0
2185,2007-01-01,302873.41562053,302873.41562053,271797.155592339,722893.1207846646,180028.09050565894,104721.10513387021,42202.29863970464,3.444267118323137,0,PIF,0.014598154361926489,0,0.0
2186,2007-07-01,197953.51901454647,197953.51901454647,121905.61463337285,424777.0165256367,330523.61442584393,72854.46830007635,121110.82204040607,1.7833374191869789,0,CHGOFF,0.05232130660455407,1,0.5465803239157624
2187,2006-04-01,195052.44776361992,195052.44776361992,147146.43143841357,734861.2218366875,473229.7236364283,67264.86206397254,81247.29179934112,4.655648161516833,90,DELQ,0.04252743483939754,0,0.0
2188,2011-07-01,53188.40937647662,53188.40937647662,52658.967917802904,848776.6047462812,383227.1727272294,72053.75817073943,102769.19036335927,1.863842474331383,0,CHGOFF,0.09045773500390472,1,0.438015291965162
2189,2014-07-01,318307.73429656983,318307.73429656983,366825.33972467814,221180.30837108975,195751.29255494676,32426.258623257912,19901.056436505187,1.6606467791640993,0,PIF,0.03540736959388929,0,0.0
2190,2009-01-01,168815.16602402634,168815.16602402634,172776.81065096828,706591.8476244569,478884.2623044554,157937.88290748966,152638.74215823915,4.988231316255446,0,PIF,0.1440350756977132,0,0.0
2191,2010-01-01,134536.34668670644,134536.34668670644,125776.76053580584,332389.4462447633,296953.7708401578,29942.374068635923,39017.4801238149,1.853666777812113,0,CHGOFF,0.2358915317050678,1,0.6395661550497508
2192,2007-01-01,68194.36912685167,68194.36912685167,36344.57816279502,343624.2625041602,181959.34482121942,85679.75403743202,64375.53386946848,1.4003734346376295,60,PIF,0.07667865017100083,0,0.0
2193,2005-04-01,213962.70941402507,213962.70941402507,242741.55853635678,418458.9778498367,214959.97465356268,168639.23405676434,233076.036353184,3.2480288434772024,0,PIF,0.0876798856578537,0,0.0
2194,2016-04-01,445535.9925739058,445535.9925739058,193160.97082761602,788250.0063246301,709260.6021629066,86780.12018146098,63094.4315647347,4.308774974699972,15,PIF,0.026261204494430954,0,0.0
2195,2020-04-01,201501.86341881755,201501.86341881755,128512.3465649941,98085.97519424031,90026.55885700778,66004.74160593095,45726.69611254031,1.2430028794532086,0,PIF,0.12042672631476076,0,0.0
2196,2007-04-01,355583.39455381717,355583.39455381717,160493.6408565348,435819.48958441644,400349.82145621,190168.20752262077,79162.17747338043,2.9604167008730933,0,PIF,0.012122906624280042,0,0.0
2197,2021-07-01,390446.13353085826,390446.13353085826,390714.0100434168,637639.0726468018,513374.64077224,34043.31317127202,27053.180732528126,1.2740093618279564,0,PIF,0.08036240853462756,0,0.0
2198,2014-04-01,197645.3641355898,197645.3641355898,144584.29873483087,170540.675791668,88668.34651160029,178122.2415290501,132777.93126127368,2.7147644715571317,0,PIF,0.09720173315678302,0,0.0
2199,2004-01-01,419738.3307554186,419738.3307554186,414216.10002297943,729647.9495542815,232202.75151804718,21794.591759992873,32040.211460688006,2.3758405150813,0,PIF,0.0546958318577018,0,0.0
2200,2009-01-01,361345.8468501271,361345.8468501271,257396.7150255419,852360.1302758295,389317.7951566133,88570.5884419883,106071.59365952708,1.5485176725322258,90,DELQ,0.02965508364490813,0,0.0
2201,2000-01-01,301659.0029154282,301659.0029154282,244394.06616300286,154566.55328312243,139208.51036695187,130027.00054459475,84381.57815813644,4.7240840937208635,30,PIF,0.025254473724547418,0,0.0
2202,2000-10-01,50446.60882278301,50446.60882278301,40970.9654714591,205417.47302132007,90556.94463435204,80307.29298691938,95997.60816353586,3.5395479178094553,60,CHGOFF,0.11398487972394464,1,0.3297001257443421
2203,2008-04-01,65790.84466526366,65790.84466526366,29015.248600769813,878759.7244558864,663792.1966575183,111575.2199826771,79845.57348996136,4.372225202312828,0,PIF,0.16315191935664478,0,0.0
2204,2011-04-01,495889.62984772853,495889.62984772853,390366.23754944577,242241.6254443081,215208.30325702924,48760.31665156462,48550.80293659326,4.62377811672604,0,PIF,0.04638369259809161,0,0.0
2205,2019-10-01,402027.7655766017,402027.7655766017,392764.21237523365,144730.53407662766,134065.8809095767,118116.55831869898,194123.53437720914,4.72074132395395,30,PIF,0.11107857562400567,0,0.0
2206,2003-04-01,471904.36644782615,471904.36644782615,420677.7418876065,860797.8798446382,781724.399107802,35566.156210855246,50040.11316687603,3.992458465477515,0,PIF,0.04643062218629453,0,0.0
2207,2020-10-01,456036.4422131124,456036.4422131124,213313.5037222032,811950.6220437645,482336.0826991403,161258.3000570195,211496.7146272785,2.227793260936789,0,CHGOFF,0.1145704810182107,1,0.6787879089041907
2208,2005-10-01,59199.34241423788,59199.34241423788,59273.3645093911,617694.8876411675,335719.67910169385,120920.08355400467,96019.83651714533,4.3157304754214145,0,PIF,0.032651799114275015,0,0.0
2209,2003-04-01,406331.28040598327,406331.28040598327,275483.05096938694,532173.3603757937,500302.7787718232,101567.10181558199,58341.59882630049,3.0807316459282794,15,PIF,0.10975446151069926,0,0.0
2210,2017-04-01,253015.58480501958,253015.58480501958,104493.2409820193,833770.8109682717,270594.7835167086,20386.69120828545,29644.870297235087,2.086615687307082,0,PIF,0.04608958263603211,0,0.0
2211,2019-04-01,405301.1918002951,405301.1918002951,218877.23497268595,617526.4615913667,185272.88839030056,104957.12382417724,125428.6475030297,2.543095239975679,0,PIF,0.15124910586566542,0,0.0
2212,2015-01-01,53022.10287352331,53022.10287352331,44952.33455176759,619885.2606383574,570632.7968400967,117078.19176863566,148907.56513142446,2.2048941230924344,0,PIF,0.11807495782851062,0,0.0
2213,2002-10-01,179689.6855402539,179689.6855402539,122074.25306815912,771822.1626456014,541321.9946884246,60476.82754736127,106751.19509626359,2.8648161600121096,0,PIF,0.07936933686185223,0,0.0
2214,2002-10-01,388095.699106086,388095.699106086,397776.63469550206,615661.4553797852,356494.5840656465,138742.16477256216,123154.38380842112,4.125340552483649,0,CHGOFF,0.09330395798179257,1,0.553224521091776
2215,2009-10-01,406859.3548707154,406859.3548707154,250864.64798276033,493015.04737089557,126034.28500401294,24585.37825556891,37395.504552002436,2.9394693673701338,0,PIF,0.2776459839252343,0,0.0
2216,2011-04-01,328871.57054658077,328871.57054658077,360284.2488935602,399571.6282767273,223996.7378387952,49650.92547521419,58714.18442009722,2.071434312363926,0,PIF,0.12367834235248464,0,0.0
2217,2024-10-01,185565.28525081868,185565.28525081868,122070.31199522945,492569.79208881746,445961.3226341032,150134.2182916047,109502.48262453525,1.349612298716123,0,PIF,0.14608700928962173,0,0.0
2218,2007-01-01,189663.16607953832,189663.16607953832,181844.74526772217,508432.49225149944,321488.50430730067,37972.22159594459,18000.491085226477,4.423024348518395,0,PIF,0.02478976708335364,0,0.0
2219,2004-10-01,485043.7836389147,485043.7836389147,542906.9567764729,375882.1425169665,178056.4601985538,56654.275728297056,71521.22158824632,2.6694744271053787,0,PIF,0.062273257729323135,0,0.0
2220,2023-07-01,247645.48065539205,247645.48065539205,184991.30178000886,447457.09536388377,264394.52293010615,133662.51610183303,109157.17670975903,2.767690181498471,60,PIF,0.0809404003730123,0,0.0
2221,2003-10-01,251206.49760972668,251206.49760972668,111064.53399775292,737534.9849480874,633480.6504745997,148479.92372411134,203962.37006179642,4.054886280930287,0,PIF,0.1175357847322218,0,0.0
2222,2000-07-01,298549.7376083148,298549.7376083148,263291.3028774346,421540.962314228,371073.62679692666,19782.95837845208,27320.622136831164,4.3989059834592386,0,PIF,0.11634984062886577,0,0.0
2223,2010-07-01,234276.05158897495,234276.05158897495,303590.8748246692,100959.00864105207,47457.85495482448,34051.988517920865,35333.8638759392,3.044579631898682,0,PIF,0.12140852291433725,0,0.0
2224,2010-01-01,298702.2040688364,298702.2040688364,379976.88721793814,312075.8438545563,198620.2969379742,94762.4211102199,109067.37369965448,3.5294713352343483,90,DELQ,0.0964686237627989,0,0.0
2225,2015-04-01,244550.94024540106,244550.94024540106,146466.4429078934,270028.3285551925,100818.34114806894,122631.0395181173,156620.14525492248,1.956626802155934,0,PIF,0.022855865505020365,0,0.0
2226,2021-10-01,422021.713820984,422021.713820984,455836.9879605762,730737.2497022141,373310.4504120952,96218.43452566605,101611.18155506968,4.740271782264106,0,PIF,0.3321684408059937,0,0.0
2227,2023-04-01,459072.9589092278,459072.9589092278,326151.4358670076,448420.3079468832,146142.91795080816,132943.298634234,216474.07892511445,3.2716850722469677,0,PIF,0.13873308113671842,0,0.0
2228,2007-01-01,469449.6169169127,469449.6169169127,255495.71574861332,309854.6452888092,178221.5161382805,153638.6522391722,77788.54101528718,3.8784195619807718,0,PIF,0.06035314530309476,0,0.0
2229,2024-07-01,303933.29262322397,303933.29262322397,303727.59985358134,744778.0047501322,456245.1279008623,190413.33102650143,337363.9477630553,1.4568522174102831,0,PIF,0.20067447247272358,0,0.0
2230,2015-10-01,248966.8508590229,248966.8508590229,211816.4795992446,95757.77973642184,40244.06357268907,76477.33549459495,34172.465401957525,3.547683809430866,120,DELQ,0.014494933766208338,0,0.0
2231,2001-07-01,367358.02645632706,367358.02645632706,325224.8167013317,222885.69103959843,81953.8740418328,40989.90601584856,28337.75250494613,2.4757991296141326,0,PIF,0.1034902476906019,0,0.0
2232,2023-04-01,427245.61608315795,427245.61608315795,489048.1453808078,758102.951904556,205309.80934606737,60175.96081475874,83742.73231495678,2.80025190071396,15,PIF,0.04074079290975431,0,0.0
2233,2003-04-01,303342.00892986974,303342.00892986974,213215.8548346484,531534.4166815302,139067.97147702414,38151.2445598403,19798.373308749076,3.728648129369611,0,PIF,0.0059627458649805344,0,0.0
2234,2014-07-01,364991.45982001757,364991.45982001757,365132.08504366165,714392.8151551739,513769.0897360356,84906.67197485406,65126.97112340622,4.185310172833779,0,PIF,0.4,0,0.0
2235,2019-10-01,387378.2078245616,387378.2078245616,282620.4179031907,767304.3321049036,251146.69005606943,175787.78052129745,108209.21833537822,2.397460953340127,0,PIF,0.01209401959269167,0,0.0
2236,2006-01-01,354377.19952277903,354377.19952277903,155377.21714969762,852410.0606426025,208313.34886909183,75941.38041942775,107305.18491159724,4.492947408938523,0,PIF,0.07383740435581658,0,0.0
2237,2006-10-01,385760.1000781893,385760.1000781893,285544.87110469944,132008.17142873714,125288.60592048382,38276.31342229338,46333.73567990302,1.8759612167667803,0,PIF,0.13153259551029195,0,0.0
2238,2011-10-01,143890.39965019928,143890.39965019928,180586.91459279467,735372.4895047471,263214.22947172896,109300.24758436417,53586.63855962166,3.2515929330504725,0,PIF,0.04982948004021202,0,0.0
2239,2022-01-01,274268.5461598089,274268.5461598089,228996.74700229728,661188.2415402646,573143.5242414741,198469.32516542662,207239.27372610374,1.6050619213389568,0,PIF,0.09758654316910234,0,0.0
2240,2005-07-01,314720.84957228927,314720.84957228927,156544.47735670695,249760.99255477852,159184.8596508234,45754.4315470643,31657.6787450074,2.156999089577548,0,CHGOFF,0.03985101671581426,1,0.704818100324109
2241,2016-07-01,51115.06888566039,51115.06888566039,52088.5117427382,843995.858398901,609412.3861594856,157796.24083377715,276897.3777639462,4.581645877589038,15,PIF,0.09052677898905397,0,0.0
2242,2011-04-01,435183.12896615686,435183.12896615686,551395.0473991616,411445.5418512415,246346.89965894705,166438.19927911749,91721.6160596712,1.0462271042998186,0,PIF,0.03057616730288456,0,0.0
2243,2002-10-01,324511.02880021045,324511.02880021045,394978.832965388,807840.6325129394,238029.39902307352,86254.28526519035,106720.46448631825,4.662444754581788,0,PIF,0.0818471497914735,0,0.0
2244,2017-10-01,108111.34926419146,108111.34926419146,98896.45181722031,576193.2378252388,476881.2957219712,127714.77334625972,137240.52405768126,2.3136081356554405,0,CHGOFF,0.18412561599151933,1,0.4983530009798678
2245,2020-10-01,417360.6826591222,417360.6826591222,308284.582563156,511933.3161635844,415883.4726571109,92150.95564272584,111439.8366339937,3.7831816795083357,0,PIF,0.04613543623256982,0,0.0
2246,2014-04-01,372675.6348982451,372675.6348982451,343834.23086392053,210809.6257947031,90595.09354627466,59842.117942594654,104070.82835352601,1.3668731777366712,30,PIF,0.3341169925599522,0,0.0
2247,2004-04-01,391234.79455863667,391234.79455863667,443792.4771676349,829748.6519155966,631505.5662771009,90962.57201374845,79846.45714851655,3.5650858493465667,0,PIF,0.18521849408190058,0,0.0
2248,2003-10-01,226419.1078378353,226419.1078378353,266068.17468993645,536462.7640370419,313526.1169854291,28105.125959713598,40703.892910778835,4.637845119060755,0,PIF,0.13305641306810365,0,0.0
2249,2010-07-01,434391.12801274646,434391.12801274646,493885.1181669366,84995.7725073903,74561.63303537409,144321.66159556963,148139.41233022846,3.220807701599932,0,PIF,0.10129124589772856,0,0.0
2250,2012-07-01,236312.411959563,236312.411959563,191396.21420598155,94993.32367763223,75259.36283930037,167546.67600956777,222010.44745859652,2.4484859931339034,0,PIF,0.07962931050084282,0,0.0
2251,2013-10-01,306729.1188255161,306729.1188255161,155503.13329583054,717658.7361147989,131185.58829096277,68405.98734039173,62380.82661295818,4.174310480384776,0,PIF,0.05391760609740711,0,0.0
2252,2006-01-01,50289.036664943174,50289.036664943174,45876.479659357174,212787.8097702795,181597.53811051077,117630.59663219667,84455.36737002883,3.8509016974863712,0,PIF,0.053508803901785175,0,0.0
2253,2012-07-01,340192.90160503803,340192.90160503803,183971.53985502667,570965.5172150792,528059.2482208578,54108.22108749292,27977.353878619135,1.470770243687746,0,PIF,0.1229589208524009,0,0.0
2254,2007-04-01,373179.1064575715,373179.1064575715,169745.1815006584,638487.2087858638,474858.8751556543,34217.485532834224,18561.33497116157,3.662806147506546,0,PIF,0.02491976132756125,0,0.0
2255,2017-01-01,305199.2144699566,305199.2144699566,259053.4137275138,309079.7862177674,76012.24671572866,136087.52737131034,237228.11062035724,3.6586233843395184,0,PIF,0.12056559512074871,0,0.0
2256,2019-10-01,273451.4676696272,273451.4676696272,270672.13567611267,546837.3228973582,435228.21457092627,35480.44333650335,53356.88391932888,4.007684669438792,0,PIF,0.17418675004054723,0,0.0
2257,2016-04-01,414471.41317026876,414471.41317026876,484406.2422957601,277012.17171104124,185041.70244166613,158576.0231491718,117812.93843127742,2.265227460561026,60,PIF,0.0733793155558731,0,0.0
2258,2000-01-01,356617.72272435884,356617.72272435884,393902.81835670467,855978.6504417195,360419.27277153963,61633.364262675575,70311.71986029849,2.605111926563184,0,PIF,0.1031264129137401,0,0.0
2259,2024-10-01,175133.31787401036,175133.31787401036,205171.56484316912,785339.528206317,673212.2380258429,165517.54467050554,231712.28346905098,4.840152226143248,0,CHGOFF,0.33374396985635546,1,0.3459454939161668
2260,2000-07-01,481583.0021359936,481583.0021359936,522065.78128796245,316195.0890279247,190492.79087953232,80015.86913418112,71498.42493773076,3.293827683111171,0,PIF,0.03336347590419104,0,0.0
2261,2024-10-01,368270.2373879033,368270.2373879033,380392.02063039626,513627.88257927855,427514.23614866816,80080.09260216712,81360.03525866337,3.0340199083925783,30,PIF,0.3357257269384886,0,0.0
2262,2000-10-01,494572.5180105911,494572.5180105911,202341.3939910165,490518.9428662027,336540.6314744513,152608.824527772,214527.51824230206,4.947398768808391,15,PIF,0.1843084964632919,0,0.0
2263,2012-10-01,487067.59232099075,487067.59232099075,469285.76793196285,867219.0715190608,330248.19478648703,106950.49718073952,76837.09174054871,1.9182305275842229,0,PIF,0.02528639728840632,0,0.0
2264,2002-07-01,463509.37526454043,463509.37526454043,235663.75129635664,403103.5997507603,374892.3768633145,48185.71101787605,54781.47242129965,2.591747640235279,15,PIF,0.0412642543330321,0,0.0
2265,2002-04-01,389917.1935513884,389917.1935513884,176554.66865408648,541026.5947896848,328297.33898465865,171577.62413015266,119096.05075014096,4.039534246383155,0,PIF,0.11109367145580452,0,0.0
2266,2017-01-01,324243.21582363534,324243.21582363534,175341.30760282412,841539.4078076985,474126.8313216845,74629.1097547943,30173.193975474544,3.852402325144178,0,PIF,0.02353256881690939,0,0.0
2267,2018-01-01,127476.7986573159,127476.7986573159,145446.30365315714,213505.06196477768,100946.83784159314,29527.584559296283,40345.58297187445,4.866802572303529,15,PIF,0.1665339981186865,0,0.0
2268,2002-10-01,294508.13784069096,294508.13784069096,314965.9847725103,531398.1946882373,137672.17990058716,89040.19853534675,123781.08433898809,3.6172013632123368,0,PIF,0.08156108715536677,0,0.0
2269,2024-04-01,394419.43507744727,394419.43507744727,494560.6225012786,166651.7946967003,116484.65560611933,119052.735002239,213582.0088013784,2.252379892994744,0,PIF,0.031242448162374196,0,0.0
2270,2008-01-01,284385.7214175055,284385.7214175055,364320.4711772189,586349.1240911705,290031.3545415857,125878.21344842852,82251.54642515842,2.5906078682186995,0,PIF,0.10563145815375605,0,0.0
2271,2007-10-01,440707.60778254597,440707.60778254597,530592.386947819,379860.22677734384,340996.730122711,168765.49060772583,242248.08720804768,1.3588516960671595,120,CHGOFF,0.1334459707896661,1,0.28050843330595
2272,2007-04-01,99345.15463626423,99345.15463626423,51623.06503505383,873461.5800072725,805399.4752110173,112867.29652076018,194939.24713688684,4.694881033288318,0,PIF,0.10104620290154342,0,0.0
2273,2011-07-01,221423.15662188534,221423.15662188534,263614.11394476774,420635.5285417916,321412.9428175884,52504.99178279652,68383.15611578565,1.5146720909847695,0,CHGOFF,0.3662831249869561,1,0.4659500400475771
2274,2004-04-01,277683.98836714576,277683.98836714576,320662.0892896743,191673.8627841996,65935.00586867525,59716.60283982253,104408.31639585164,3.1828148963057905,0,PIF,0.20368394398014053,0,0.0
2275,2010-07-01,244546.38314109863,244546.38314109863,289537.3600470781,763879.9679612914,552120.0237009693,29159.71177593651,52260.54222280452,2.605580498469872,0,CHGOFF,0.22788746907966015,1,0.40481791870525174
2276,2005-01-01,98863.94651969889,98863.94651969889,53042.19347245066,753110.6869667895,125270.47416370454,149825.61495488972,228075.66252352888,1.5368944521309498,0,PIF,0.3788137470334089,0,0.0
2277,2001-04-01,119087.73232008374,119087.73232008374,60152.71945877145,649784.8880250832,527053.7797487417,30128.89383495401,54201.88820981246,2.1719690144991923,0,PIF,0.17451488285306269,0,0.0
2278,2009-01-01,426927.7817849692,426927.7817849692,525730.8208926684,694025.6775450669,378171.0200108236,125104.40013221116,159652.5110505525,3.5342760636165003,0,PIF,0.10398446576178998,0,0.0
2279,2016-10-01,267972.9166406529,267972.9166406529,149111.91739886132,297066.47850531363,267179.13102995127,123420.00486885651,135253.26435100468,1.1250059644434631,0,PIF,0.07119092433837426,0,0.0
2280,2019-01-01,71925.09203872744,71925.09203872744,52631.87355493369,606483.8703466806,274256.8780925567,159245.67582531797,268279.71801472566,4.863958133405172,90,DELQ,0.06484021342401763,0,0.0
2281,2008-10-01,57421.06653994246,57421.06653994246,46533.24936158066,111176.29438842277,40083.377060149985,24179.64294023001,37800.958939052995,4.636382471880202,0,PIF,0.021489132132848164,0,0.0
2282,2008-01-01,263063.93089744693,263063.93089744693,134688.2788464729,241449.91798982833,228422.50480879785,48553.15526712256,26906.06613822948,1.338405785306012,0,PIF,0.13815755026731205,0,0.0
2283,2019-07-01,123970.42666599966,123970.42666599966,51890.4080086095,844469.146993531,485183.24363634543,182816.8516343963,150606.6623424127,4.47341419341556,0,PIF,0.012756553194780031,0,0.0
2284,2017-01-01,367306.67569964984,367306.67569964984,475545.12949523644,686172.9436077802,576759.9463384612,118724.9975977823,90813.12685480613,2.3142848741929876,0,PIF,0.13658059753597113,0,0.0
2285,2020-10-01,407895.5581374881,407895.5581374881,484984.3598145014,269151.4836111914,236542.63242236592,96961.14049091491,154882.460472347,1.2700177941030968,0,CHGOFF,0.18361140242304133,1,0.41047581884922846
2286,2022-07-01,152733.5188056975,152733.5188056975,186503.531582943,171334.13340581625,96765.23009281981,152058.49043783353,110477.1072436757,2.2244513371675825,0,PIF,0.06018710789472998,0,0.0
2287,2020-07-01,316479.6251968013,316479.6251968013,207644.42223600284,858113.9447921712,441560.67117802234,181480.78570694008,149841.91216093727,4.23554997686914,0,PIF,0.05958277007037098,0,0.0
2288,2023-04-01,119500.0895684237,119500.0895684237,71471.97771887729,171993.88616930885,101873.48610117652,59971.8310204143,67546.52012319073,3.6633258086716896,0,PIF,0.15778861169299774,0,0.0
2289,2010-04-01,186612.19321747415,186612.19321747415,146169.58048217374,290797.43939874356,240835.99728187473,181280.36947415525,91830.70393557707,1.954238402681555,0,PIF,0.16291333450970344,0,0.0
2290,2009-10-01,449957.972381645,449957.972381645,363560.3866486617,229759.87425955487,211776.15195156744,30651.97894774319,53509.81865721511,3.8767059062809675,0,PIF,0.23686918271481985,0,0.0
2291,2008-01-01,294844.14116703987,294844.14116703987,119423.5220354659,86120.33273764973,35538.21735388505,195759.7790686768,212886.38852839865,3.8312844580421563,0,PIF,0.03775434977977622,0,0.0
2292,2005-10-01,448649.91281489003,448649.91281489003,494110.6220355867,337590.5147603961,250122.2659480651,41321.84676892593,27545.4411371315,3.9714454540277755,15,CHGOFF,0.1638721398525663,1,0.43254172278356656
2293,2018-07-01,151361.51188077813,151361.51188077813,196315.93151373285,878826.6747109853,332459.7635459443,60584.910034435845,47204.67406488962,3.1626266706549586,0,PIF,0.029250844515918348,0,0.0
2294,2017-10-01,198510.9544618997,198510.9544618997,173860.21810009208,360360.7107636723,230184.88438850967,28352.848617411837,43020.266178215454,4.275782608482812,0,PIF,0.04736218082148305,0,0.0
2295,2020-01-01,261928.46230556766,261928.46230556766,196297.78758746703,493530.0011635744,391779.7453023726,162698.5363084541,209492.11139252756,3.5654488718276536,0,PIF,0.13122269993089097,0,0.0
2296,2004-01-01,266036.03383754427,266036.03383754427,200451.95389429777,691667.3428158608,594273.0139192393,197004.091787919,206948.1558075939,1.5015968389775698,0,PIF,0.2984422080716568,0,0.0
2297,2012-04-01,498941.5852326652,498941.5852326652,242719.82306056668,531885.6837049571,270715.42412762094,66425.53662825594,57407.73293687966,4.24102395102134,0,PIF,0.03775858863309666,0,0.0
2298,2005-07-01,101500.39353700854,101500.39353700854,64914.1337924291,689745.0360780915,307491.47270090587,71866.27247634083,119366.86797658031,2.295072420177866,0,PIF,0.09904707040629096,0,0.0
2299,2022-04-01,433384.2660207158,433384.2660207158,369208.5114509057,622541.4119162225,219608.51130239395,63006.181642200485,93349.35111524124,3.8201388727891743,0,PIF,0.04047496137256177,0,0.0
2300,2006-07-01,438656.91773984156,438656.91773984156,345952.5688948088,579021.6788591922,148654.39903222435,39417.339040835766,55395.42752006905,3.700526824367223,0,PIF,0.10363237284064487,0,0.0
2301,2003-07-01,298939.38419200433,298939.38419200433,266214.86980692367,612712.103913631,270778.34457801457,159614.4011803516,163509.10533100064,2.34365008414684,0,PIF,0.08674652933049645,0,0.0
2302,2014-01-01,204816.7257166192,204816.7257166192,238439.25175178164,735314.7769041659,623239.7485064629,21536.769601733264,38198.13599373563,1.6467346339547286,0,CHGOFF,0.13889211354837572,1,0.3809449718736969
2303,2021-10-01,283651.7469297333,283651.7469297333,170962.034150792,662356.9437369055,321274.654492704,193877.08479011373,270283.7367078173,3.7798323517614305,0,PIF,0.03243374933834089,0,0.0
2304,2022-10-01,181610.46716295372,181610.46716295372,77165.8812014497,729255.434978257,294498.5277661713,186189.94965671917,184900.5125687382,4.39609341231764,0,PIF,0.009851015118177046,0,0.0
2305,2002-04-01,409598.3517979728,409598.3517979728,177930.71216528793,199390.06339249568,147809.00959169265,32503.426204006817,56711.09593754939,4.35292526773814,0,PIF,0.17980712975558893,0,0.0
2306,2008-01-01,274225.6214196485,274225.6214196485,142803.52017722398,635692.460822643,204990.20774983024,110609.53172999165,182949.82408719847,3.506019367465464,15,PIF,0.0370727691337203,0,0.0
2307,2003-10-01,466628.98049485276,466628.98049485276,426235.09642798617,684357.9681069372,242967.227538516,198641.75814242402,285239.8850707532,1.909629078939139,0,PIF,0.10539565697943133,0,0.0
2308,2007-07-01,330211.1049602197,330211.1049602197,372268.88120530744,325972.4746474043,292960.2377113056,171997.657319201,253489.21345587424,2.2648398692118046,0,PIF,0.3152783820179258,0,0.0
2309,2013-04-01,281443.6999016075,281443.6999016075,337204.83014191815,797153.4088314915,171604.612600986,145875.40793212628,144865.73123361164,4.018510723757506,0,PIF,0.029243213046665734,0,0.0
2310,2007-01-01,369981.2092899435,369981.2092899435,359474.4391684146,329863.5147082143,158896.88594440074,14267.57963377137,15841.161051397045,2.643415718827711,30,PIF,0.0870276637353751,0,0.0
2311,2001-07-01,276769.83399360545,276769.83399360545,211128.03554827056,279942.3378887278,171157.0124265995,22991.714619965867,15362.288305474865,3.929989673872722,0,PIF,0.07692678263259972,0,0.0
2312,2012-10-01,457027.85768875125,457027.85768875125,246366.91652050652,791019.3886940192,264365.46070867305,160863.24870411155,198433.62353357262,2.2377999703725027,0,PIF,0.03300170336357851,0,0.0
2313,2001-04-01,133000.68239907856,133000.68239907856,101250.29472577033,282556.2672554699,105904.91096635966,81524.52229628406,74829.98677076268,1.0252729861469279,0,PIF,0.019439624531051858,0,0.0
2314,2005-07-01,488006.90768565756,488006.90768565756,341201.5564838891,420712.01919407607,137773.21196091696,137002.05671721906,121440.49394662282,3.413960258625297,0,PIF,0.031719329109285196,0,0.0
2315,2000-01-01,415485.74833303643,415485.74833303643,491529.31809254794,381696.7206301915,162659.46878605156,150444.50913820002,259895.82043498065,3.4036654204216026,0,PIF,0.30763695782153355,0,0.0
2316,2002-01-01,437330.0128391913,437330.0128391913,366503.2975505342,816410.6944977833,709301.3701857484,90214.99372976692,56898.308439956076,3.5102187311199864,0,PIF,0.29164530296180535,0,0.0
2317,2010-10-01,267308.52456698206,267308.52456698206,161341.09287874404,453293.3053961307,224502.519725112,37242.532633148105,58171.45865961596,2.0727425430739275,0,PIF,0.04975559166623773,0,0.0
2318,2021-04-01,426740.6972019188,426740.6972019188,281615.13062582904,649333.3253028968,314448.24256119365,83471.95558505025,66281.40711490536,4.244283801246356,0,PIF,0.01797807035519059,0,0.0
2319,2019-04-01,188048.3376097423,188048.3376097423,98316.02386191953,731111.9018079398,335773.8912766989,175499.20404053488,77240.33773422742,2.9498673553214614,0,PIF,0.07957625261382292,0,0.0
2320,2002-04-01,392876.6803538788,392876.6803538788,481952.39380804315,594880.9362126845,548059.3934383004,72906.29801607598,33292.53790573867,4.049551635939388,15,PIF,0.009158414842531451,0,0.0
2321,2000-10-01,113202.57127506018,113202.57127506018,50410.37983231242,853829.48862643,208197.39740895148,21903.394092968883,21921.978895504362,3.4443738575050586,0,PIF,0.08360196736137009,0,0.0
2322,2008-04-01,188173.36218312892,188173.36218312892,77444.93447723407,738056.1739899267,625502.8559979814,192234.96926510852,199202.5773619467,2.6642832592092827,15,PIF,0.10832748190995864,0,0.0
2323,2016-04-01,250579.69851187977,250579.69851187977,141499.8600195078,408169.43469338777,168055.13365857847,139328.61270503502,118199.6487027363,3.718507386562448,0,CHGOFF,0.12508837885329444,1,0.4986391172012411
2324,2018-07-01,195043.87316453984,195043.87316453984,220357.95745741873,859665.7114713002,786774.0311318377,112762.78286813752,150683.94237570555,3.2999094240482223,0,PIF,0.20892805851875143,0,0.0
2325,2020-07-01,224157.70203088262,224157.70203088262,195268.2815949952,510151.363282494,205173.5920243653,167530.3958694352,180845.69328634083,3.0428445335915493,0,PIF,0.025599499677461463,0,0.0
2326,2008-07-01,419047.1351526641,419047.1351526641,403650.9070279321,98513.40481481462,21308.39927921411,88120.52883844821,44391.447173896035,3.5942421036772276,0,PIF,0.01777974447001634,0,0.0
2327,2004-01-01,165504.1514639754,165504.1514639754,119487.13023791088,293210.88931537536,165967.1881111021,197172.0008620131,174950.65186568047,1.3437559054677175,0,PIF,0.0432296593680572,0,0.0
2328,2000-07-01,385376.5274695575,385376.5274695575,177970.80621391223,589818.2613705585,195992.16305739695,172938.8831855865,93862.20312020685,4.641044357421715,0,PIF,0.031322320055771714,0,0.0
2329,2003-07-01,83170.43110024332,83170.43110024332,97354.51155811656,208588.21990603814,156940.07715947978,63303.50091463824,30897.297525871745,2.3403281843294415,0,PIF,0.06250193971282367,0,0.0
2330,2001-07-01,394582.59838177735,394582.59838177735,225979.36581155175,558935.796812427,377753.6811454002,80499.11756375157,55675.546318469,1.8987718543481176,0,PIF,0.0594641099849705,0,0.0
2331,2021-07-01,406410.45927339786,406410.45927339786,174656.22809843544,376510.3782921744,263246.7666120377,62391.16319770468,86150.07038057584,4.087185430704713,0,PIF,0.08150848904215995,0,0.0
2332,2006-07-01,230764.4489761169,230764.4489761169,211249.5585099167,518196.09364778467,157941.81177511922,135274.76014116534,185921.94201323195,1.924887548370073,0,CHGOFF,0.155680052433008,1,0.5355678669491865
2333,2020-07-01,375115.0204253617,375115.0204253617,178164.74201534857,81537.37525606736,58454.48774900699,131473.06690280687,211138.48523297443,4.98307849280424,15,CHGOFF,0.22139912497815384,1,0.6823733295235741
2334,2013-10-01,461812.2816852946,461812.2816852946,224526.51204933715,775705.5108283326,309556.7812806434,109276.11596741623,159432.43364360812,2.681970166253772,0,PIF,0.10742153211492743,0,0.0
2335,2013-04-01,410320.83809953707,410320.83809953707,459698.5721579912,376778.89997593325,357540.27637799626,193509.6711688379,222476.9005634645,2.1864976346525733,0,PIF,0.1881829505946365,0,0.0
2336,2011-04-01,225700.92967863195,225700.92967863195,190141.43908465462,194929.9161079215,143354.2147549929,99732.30475376104,83541.45554497324,1.248260290504294,0,PIF,0.034912448132807576,0,0.0
2337,2020-04-01,267896.081426029,267896.081426029,165387.68375985895,439091.00274416554,273259.15506738337,158907.25489734742,64855.78620047802,1.1672167094552806,0,PIF,0.11609933493078614,0,0.0
2338,2001-01-01,400710.8951536124,400710.8951536124,286012.9236221805,478665.380660844,403847.2165919233,135038.07226356724,176358.70605307262,1.3805622445614718,90,DELQ,0.13229871888173395,0,0.0
2339,2002-04-01,181667.5654321056,181667.5654321056,191898.5160886304,602670.2226068749,374529.02399482555,108455.13862748697,87371.29294596589,1.0201313152484475,0,PIF,0.04870186299910754,0,0.0
2340,2010-07-01,411747.2331389931,411747.2331389931,189287.91521534877,510141.20108886936,302105.5649141969,17998.07037016568,13501.0750707448,2.3083599176237612,15,PIF,0.04476285284161298,0,0.0
2341,2009-10-01,197632.01415242354,197632.01415242354,99771.07452390506,115689.33729499136,39317.308448901305,134924.05452582502,238108.00199355025,2.2418176004032238,90,DELQ,0.1314455920746407,0,0.0
2342,2013-07-01,412695.76207349217,412695.76207349217,393974.1619800517,794640.1041037671,550280.0048630922,132093.0660124828,85059.51613755841,2.7203669817543568,0,PIF,0.061678984562678243,0,0.0
2343,2018-04-01,89060.19950782551,89060.19950782551,84275.40119365654,454337.32406530826,204322.55621526638,33726.05897258414,15021.877917523318,1.9316916929643924,0,PIF,0.07991385852762521,0,0.0
2344,2014-07-01,69978.78360976555,69978.78360976555,89238.06214615885,143129.9734770673,26402.62832241816,161223.8453185265,278779.6564372986,1.2509646317764793,0,PIF,0.28071224891548313,0,0.0
2345,2006-04-01,498953.95131642005,498953.95131642005,367776.2297988978,713719.1539539318,573009.0209965233,98728.875854558,81787.92988342114,1.284650111811795,0,PIF,0.0709802298214109,0,0.0
2346,2008-01-01,441255.70545561006,441255.70545561006,202346.56904287677,621326.623402116,118983.13709354782,71587.74273691366,68064.77181469,1.7285855012207318,60,PIF,0.1417061107622433,0,0.0
2347,2018-10-01,447281.37655979174,447281.37655979174,395299.9860546816,612538.9736707618,421328.86784538446,166552.2833107335,85492.7635961299,2.2663581074764587,0,PIF,0.0993547905314204,0,0.0
2348,2005-01-01,478075.97642297787,478075.97642297787,465890.83836575266,430069.48142316006,118431.12023674825,75240.4823045865,72659.07918699826,1.5919682008620493,15,PIF,0.04179305018719816,0,0.0
2349,2012-07-01,247242.33923651953,247242.33923651953,129961.08308416208,416607.5913492105,206660.5342141255,128151.65034392702,225689.1282136605,2.4604712944577174,0,PIF,0.022195297895361385,0,0.0
2350,2013-04-01,179075.99960606848,179075.99960606848,160734.27934192662,519797.6818376211,435212.7343545411,127403.81227673353,174750.5858976048,4.688880613448793,0,CHGOFF,0.10253655888015588,1,0.6015905803622541
2351,2018-10-01,108511.24775805634,108511.24775805634,62718.4605262144,121487.41857726467,27399.742614675244,20033.136688920724,21302.331711978488,2.046412038118467,0,PIF,0.20020554005913088,0,0.0
2352,2017-10-01,275544.11009230907,275544.11009230907,319701.996897281,325145.3666586951,222308.5665944756,90338.38980919601,75022.44670151311,1.6735972680505875,0,PIF,0.059933209676152774,0,0.0
2353,2011-07-01,149021.74421447353,149021.74421447353,171620.1982080169,890073.2223211463,569731.4138913066,52327.96248707172,47747.25339265729,3.659105012008927,0,PIF,0.04998344679911599,0,0.0
2354,2007-07-01,470997.8855326939,470997.8855326939,370518.1104138075,622997.8410850222,525825.0034083591,47918.42576120062,60172.09732231352,2.9635241518427944,0,PIF,0.08426629793749273,0,0.0
2355,2009-01-01,51801.42309925059,51801.42309925059,65791.3749757661,423526.0156422041,122055.07179781127,134442.75883916987,101669.6593005082,1.1890160632370286,0,PIF,0.10536815477144582,0,0.0
2356,2010-04-01,114438.53198440472,114438.53198440472,146686.9082755927,262337.7444111715,207202.22164119282,12167.899104293203,7455.59466483894,4.151229324665556,60,PIF,0.030571635861982974,0,0.0
2357,2005-04-01,160914.13388754206,160914.13388754206,83084.1478838419,691071.6767581914,352513.5596548754,194125.00586075432,266867.555917932,3.861371887415104,0,PIF,0.07099064109058931,0,0.0
2358,2015-07-01,139530.52021693776,139530.52021693776,101988.77671807646,293438.05395907693,144640.0565125998,85124.29114091602,137667.91428033562,4.909193446961365,0,CHGOFF,0.13261238036702108,1,0.4618216108210199
2359,2005-01-01,151600.29646086963,151600.29646086963,142548.14013215463,213143.4851539622,93661.10470283411,66772.67040453196,110986.4927061951,4.753226478249182,0,PIF,0.06434889551735454,0,0.0
2360,2016-01-01,345221.4222775303,345221.4222775303,164447.615268967,206702.21819211554,94764.55776579914,184795.1359881169,291604.1272250928,3.336993174500976,0,PIF,0.02281617294761016,0,0.0
2361,2018-10-01,197380.43524091714,197380.43524091714,146928.01299751698,677995.8889150806,383723.774631761,102467.70700030054,117104.14860655228,3.7440851743224504,0,PIF,0.36920835743145985,0,0.0
2362,2024-01-01,326760.97185651795,326760.97185651795,207511.1483381552,607104.4085167482,142936.57593802756,126721.79778220276,190635.62906674552,2.6380272959473086,0,PIF,0.15371382280941967,0,0.0
2363,2002-10-01,450616.07014083106,450616.07014083106,566354.6442901859,137241.0014844091,67255.32276522637,142211.6422410227,241318.6547760432,4.553868746116186,0,PIF,0.32429632447173606,0,0.0
2364,2018-10-01,321150.5444865659,321150.5444865659,247423.12778937657,174335.10859700607,117080.83903403881,175568.14196204804,75969.67381306419,3.2112353007973917,0,PIF,0.04425556247717287,0,0.0
2365,2002-01-01,362539.75607887167,362539.75607887167,393864.55875519954,599754.4312299332,328997.6219480885,34650.97806524066,33851.84004964013,2.302205305340182,0,PIF,0.13489907851003927,0,0.0
2366,2008-04-01,214476.48419961077,214476.48419961077,160435.87978834545,548315.2035351703,154988.7357018036,25514.10402748449,17496.95181957355,1.0379659676383302,0,CHGOFF,0.06486201322530877,1,0.5084177820044938
2367,2004-04-01,121882.31043021912,121882.31043021912,63211.92788880222,642519.229504887,282992.044190211,198805.04902360044,356949.753761564,3.345799059907999,0,CHGOFF,0.07692036973648643,1,0.6715935835053344
2368,2004-01-01,194262.82810245774,194262.82810245774,228615.56283799218,225991.90485787482,113983.38779472094,11687.922308953395,19885.74234587227,3.101735562059578,0,PIF,0.14782336022019904,0,0.0
2369,2004-04-01,483927.19191684865,483927.19191684865,193752.45845030303,675802.083098077,462991.90691335156,144557.0031868549,220169.03719534024,4.247508711452413,0,PIF,0.06022847939642853,0,0.0
2370,2001-01-01,329815.1230039117,329815.1230039117,148531.18080931128,847599.1032110507,737930.847230057,126102.418772138,102676.59023798886,1.7480185052265456,0,PIF,0.03731517439956096,0,0.0
2371,2020-07-01,174880.00374530684,174880.00374530684,127303.19313932845,572861.2579190618,338160.2354629841,114984.69412474171,199261.94037977073,4.261605071389365,0,PIF,0.04521748723885012,0,0.0
2372,2001-07-01,252911.87022294672,252911.87022294672,257516.99829968959,240826.61610708278,166433.9504458117,159307.31224421776,70246.65748125222,1.0611344410222543,0,PIF,0.0948632559663267,0,0.0
2373,2009-10-01,425980.86684394744,425980.86684394744,301395.8894586173,637225.9613329674,134933.68082039003,198569.86005073716,131702.56951034223,3.3492535107989294,0,PIF,0.012045200629808874,0,0.0
2374,2017-04-01,350799.6068175981,350799.6068175981,161256.10204060384,361326.9805077728,330098.7988428776,18908.306083846204,23892.975297664023,2.5874096049795243,60,PIF,0.09088811927714413,0,0.0
2375,2024-10-01,302293.7783281257,302293.7783281257,207390.46956254158,120415.95203629156,48427.31643686208,126760.79360220426,191435.34165422188,2.326082085369567,0,PIF,0.1354961543912848,0,0.0
2376,2021-04-01,448323.2944852285,448323.2944852285,278176.8810035531,327917.73018904874,142130.49663425316,146187.75702241962,239321.52024284913,2.7331838686668823,0,PIF,0.08107903196422399,0,0.0
2377,2003-04-01,352597.8074975556,352597.8074975556,142759.03157869726,822579.7835991082,270031.7405612414,68128.46817287353,55913.855116918625,1.8943659447962906,0,PIF,0.0888901723718753,0,0.0
2378,2024-07-01,339228.3788559929,339228.3788559929,298969.3389579413,417134.2425442997,90825.16538332004,179643.66313497693,170145.26340258782,1.7337026123999006,0,PIF,0.05350617732276157,0,0.0
2379,2016-04-01,135395.66174484565,135395.66174484565,68372.280432898,789025.5771854958,617047.5362540022,96828.63987544525,100387.90214314726,4.220427536005799,0,PIF,0.15567704878527036,0,0.0
2380,2004-04-01,97874.9073555835,97874.9073555835,64474.768310176405,497100.66168868914,170203.3222498677,41250.907770869875,18058.135409146937,1.9110332009225894,0,PIF,0.010551357703699487,0,0.0
2381,2011-01-01,484313.9526758296,484313.9526758296,473209.04405183735,503921.950946872,189550.33672520134,172337.485043857,277386.9975342493,3.947887977985464,0,PIF,0.22434424479809048,0,0.0
2382,2022-10-01,319486.2665451587,319486.2665451587,336292.5604299001,84277.38327321336,24898.659075933963,189155.86788068234,165157.24328805725,3.845442177770529,0,PIF,0.06708065040039894,0,0.0
2383,2009-10-01,237057.5341158931,237057.5341158931,151031.74077265823,602425.340096957,560200.2782461996,28907.834490061283,19628.125778058115,1.13360166282801,0,PIF,0.06252727584413885,0,0.0
2384,2004-07-01,315059.3694095979,315059.3694095979,219367.74314133808,168407.3529249446,130486.70514039091,152819.3647593651,148674.27524581173,4.524289680750181,0,PIF,0.0705087667025133,0,0.0
2385,2021-10-01,77815.38248227192,77815.38248227192,48418.15611587433,472573.70003928454,422442.9496111848,50852.70164139174,70928.77487801337,4.157420520373521,0,PIF,0.18234398752256337,0,0.0
2386,2023-10-01,419957.27325684804,419957.27325684804,529650.003962154,293459.82163964113,246323.9217245335,11277.221357114124,18260.999423902274,4.184268997693537,0,PIF,0.0693809321871852,0,0.0
2387,2024-04-01,147490.49100395117,147490.49100395117,84286.05967296017,401754.0319800382,351549.81950733636,59516.62634822377,41752.523468827974,4.2367642088761075,30,PIF,0.01914442528523129,0,0.0
2388,2023-10-01,412045.70284307614,412045.70284307614,232749.18365154185,520403.4316467767,277493.2863134005,172432.86869194193,110642.95618785403,3.330212916300255,0,PIF,0.11450833765962436,0,0.0
2389,2021-10-01,290470.29946862475,290470.29946862475,232530.70187631372,91860.57397361772,26311.913553569873,36824.93658890914,63386.62175671092,4.973523467551049,60,PIF,0.05357858117676,0,0.0
2390,2011-04-01,174457.40614560625,174457.40614560625,99506.26921194224,313358.53828273073,128948.37575652993,34827.087769707505,40791.234450063224,1.7166085619098204,0,PIF,0.008854694713601726,0,0.0
2391,2004-10-01,63594.47670893171,63594.47670893171,34407.00372958566,891481.7861193292,342294.4284876245,150419.0641780297,137194.34439019495,1.2893437237666991,60,PIF,0.08599176621648175,0,0.0
2392,2015-04-01,417125.00989697257,417125.00989697257,202844.3817600232,127067.28317285888,91959.49120819327,87208.33132728124,59218.576438999735,3.816669889517688,30,CHGOFF,0.19890779024911145,1,0.8570712310156569
2393,2005-07-01,129407.063661188,129407.063661188,126321.23877668098,341902.66028904205,58307.44683955346,38212.35378157438,68528.0081476932,2.175748949582745,0,PIF,0.014517979558510172,0,0.0
2394,2011-10-01,73312.30203794305,73312.30203794305,69710.76404426698,343565.60947101156,90575.4975317775,53700.07153161263,75548.37533836445,3.432932895720211,0,PIF,0.031624200948190614,0,0.0
2395,2016-04-01,390144.9788716464,390144.9788716464,384350.0004920305,391096.4551648653,272323.62812793686,160974.36574726485,113493.27530415905,2.5668064517553706,0,PIF,0.08217535896372766,0,0.0
2396,2023-07-01,207519.45006784046,207519.45006784046,227435.09318674606,641520.3531227232,159580.67888869593,128421.07011102373,67775.91783182675,2.334096634004014,0,PIF,0.10699188991762741,0,0.0
2397,2007-01-01,225200.3025162425,225200.3025162425,156226.45189503604,283149.914920031,53411.553987580366,154576.4667876347,104956.69158833126,4.57299449837949,0,CHGOFF,0.06775785873984613,1,0.5210118805922973
2398,2006-04-01,161180.41427632354,161180.41427632354,197700.891788829,457420.8621915633,108578.96513741004,28576.91540772716,21342.373371750546,1.5681738344477276,0,PIF,0.022147936599153328,0,0.0
2399,2018-04-01,436630.3154136037,436630.3154136037,462777.5506997351,608788.1248190083,427697.5967165019,97039.81374144538,53907.548495749026,1.7559426175745965,0,PIF,0.05111440952041386,0,0.0
2400,2000-01-01,183798.28674793942,183798.28674793942,206632.9686204929,344304.0878294427,90021.818255165,161450.1876484531,116488.23471302139,3.6713634114803226,0,PIF,0.13799292656159415,0,0.0
2401,2014-01-01,144586.6563879607,144586.6563879607,151652.02034012432,857993.5160126688,229121.58197748184,60500.622665001894,34091.59187430928,4.13040405106052,90,DELQ,0.010356772150154875,0,0.0
2402,2018-07-01,189162.37685127024,189162.37685127024,136690.64043770972,883331.5606529986,295244.87987547606,42145.90399144543,39146.143196704805,4.328857967939686,15,PIF,0.0741911702582424,0,0.0
2403,2013-10-01,141417.30882532863,141417.30882532863,92590.04702489077,178132.32550375914,133729.02481291743,82538.93982526651,89197.63366603582,1.9245988653690076,0,PIF,0.13494344420829354,0,0.0
2404,2009-07-01,192944.84936234338,192944.84936234338,150548.18285358482,361932.30520866433,112301.1988931492,73342.19502936833,76085.11696590576,4.5284536731578156,0,PIF,0.037756888362815794,0,0.0
2405,2020-07-01,87321.30029067787,87321.30029067787,42554.05564077267,250537.09724130976,44670.84395343055,45239.827987618686,70614.58039584599,3.438202625698221,0,CHGOFF,0.12943928160558404,1,0.5535907389272909
2406,2009-04-01,121338.51310375625,121338.51310375625,97817.33978895894,233167.46835683443,203949.41249102034,191249.53581768912,144506.9139579631,4.292873675656173,0,PIF,0.07780257694851375,0,0.0
2407,2017-10-01,237673.79752826656,237673.79752826656,104297.65216452019,482603.4674373892,410721.9682292632,101788.69686553364,167130.05280969458,1.2740877608128787,30,PIF,0.08064111578251877,0,0.0
2408,2011-07-01,445760.0850154444,445760.0850154444,179887.09033564854,542338.2286706007,161538.2619572805,125534.50766088568,209814.8543518349,2.427577343941686,120,DELQ,0.036622643779104,0,0.0
2409,2000-07-01,75780.83602502864,75780.83602502864,93843.12596084924,429034.6732900313,155428.1380442127,33010.312662423064,57560.72908613069,3.0994559379626754,0,PIF,0.09118801962460256,0,0.0
2410,2013-04-01,145703.61804201378,145703.61804201378,148676.43439044684,303494.9959398358,91305.27289474585,125906.66674498744,82264.46069923902,3.3078281303291437,0,PIF,0.019736892246134476,0,0.0
2411,2001-01-01,458755.55399371835,458755.55399371835,415477.58831232245,308469.69088798447,223834.13108660025,115511.31170960811,85946.37684194569,1.3962862162948246,0,PIF,0.06844770646457972,0,0.0
2412,2023-04-01,450506.6033719647,450506.6033719647,318504.4904141445,893545.0881993993,312747.1316087105,187066.5722768762,238204.06103204924,3.154632978408702,0,PIF,0.062165498474887226,0,0.0
2413,2015-01-01,355752.87498317356,355752.87498317356,324974.63510353595,837415.4466720055,749620.6487029203,88340.1922036883,52761.02842159607,3.6619457323720983,0,PIF,0.03260576365663764,0,0.0
2414,2009-04-01,158213.09934285708,158213.09934285708,190238.30992329412,142237.04961127287,115512.53139814724,158591.79909048125,82447.09678219605,2.446380343058691,0,PIF,0.033748135745147546,0,0.0
2415,2012-01-01,238914.75247510357,238914.75247510357,235842.81538882744,618371.534636823,383836.1367853601,67794.38590780318,34112.51448902611,3.002956977122523,0,PIF,0.06012860114160373,0,0.0
2416,2015-04-01,145049.44749708427,145049.44749708427,136670.4918359194,454639.6381375723,71446.88272018374,119998.6677022973,149831.47510437667,2.1702656865762395,0,PIF,0.07045526302155863,0,0.0
2417,2006-07-01,107864.82910634147,107864.82910634147,87821.82370284457,644827.5597033128,552575.6434948042,186124.3754763976,284128.0534881225,4.482001087487942,0,PIF,0.07969170404080791,0,0.0
2418,2007-01-01,220999.27753125117,220999.27753125117,157158.62562918503,569507.7785432539,416998.9016820766,128763.5490441903,98174.47102659193,3.3968264267601054,0,PIF,0.10126298143187606,0,0.0
2419,2010-04-01,309119.7222816576,309119.7222816576,317989.1097831828,809186.9680675823,631429.5630701687,145120.1499156366,247712.46867768458,3.205095584543583,0,CHGOFF,0.1482101351520105,1,0.37946307765951587
2420,2006-04-01,211969.70395916235,211969.70395916235,271932.29727469734,134930.4177168365,27992.68654192226,176437.0597884922,266192.3054935375,4.77742970351084,0,CHGOFF,0.08874450427519234,1,0.2899000933668517
2421,2018-10-01,324871.0477096864,324871.0477096864,254140.74830898017,366670.2878873185,262846.912462714,185830.62902867192,94484.57380679871,3.659726094640437,0,PIF,0.06287293596254379,0,0.0
2422,2002-07-01,183314.63092068746,183314.63092068746,138033.10936540752,888105.1831359795,704863.842928198,49572.226288582744,48096.182512824846,2.1192937661577123,0,PIF,0.05537601710087247,0,0.0
2423,2020-07-01,205632.73749235563,205632.73749235563,161483.82574874573,229473.98617230574,210039.44071842407,47209.22600954519,23378.991259486444,3.567012324775797,15,PIF,0.07112800010814878,0,0.0
2424,2008-07-01,405803.11624007433,405803.11624007433,317739.60799459904,184413.42039545072,113299.24931881626,114590.4641126693,192657.71825773182,4.846493826612885,0,PIF,0.11612885402192685,0,0.0
2425,2014-01-01,445241.6289022361,445241.6289022361,575057.300513842,677757.0449204718,377126.71218363073,199148.11149820863,286757.94660324906,1.0942330237091942,30,PIF,0.07506095190478239,0,0.0
2426,2003-10-01,194915.33668897342,194915.33668897342,201951.86449978055,717496.83121432,351801.2037387602,103128.9414290482,140375.3181230691,3.506364028043977,0,PIF,0.13848961894535305,0,0.0
2427,2009-07-01,307182.1106053743,307182.1106053743,222174.3777267743,631264.3090932213,448847.9530837698,72871.94298965117,98798.51125941968,1.6273398435457973,0,PIF,0.23594345524964436,0,0.0
2428,2018-10-01,175173.02775152063,175173.02775152063,128638.68717670211,716480.5795831388,635272.5526130137,112079.64223728681,89580.27079364775,4.265838044265557,0,PIF,0.061833380728586906,0,0.0
2429,2006-10-01,74000.5887683424,74000.5887683424,58291.53897092323,648851.6891164012,408649.4144998516,22235.19708198335,37954.476772283735,3.562738118565028,0,PIF,0.13417162456862086,0,0.0
2430,2003-04-01,382035.7316121836,382035.7316121836,165437.1233421162,191331.95947712497,63489.09351107839,43669.28635888367,73883.51192992166,4.747957971878266,0,PIF,0.04300217415004933,0,0.0
2431,2013-01-01,126951.56745626764,126951.56745626764,111087.03459165973,578741.9559323757,94947.91929016942,38294.879295836894,54964.04029218638,3.6783114483897195,0,PIF,0.014468989699112164,0,0.0
2432,2004-01-01,241570.6356861127,241570.6356861127,273033.48529310664,717038.8796988166,462698.37333833356,15303.953563499856,16168.661984368673,1.0688755726305788,0,PIF,0.06206574921751381,0,0.0
2433,2007-10-01,269170.4720206206,269170.4720206206,267692.999037605,789723.6171860636,664693.2398081794,147220.33757860394,68599.08634062199,3.0414153776033372,0,PIF,0.0468413432876121,0,0.0
2434,2011-04-01,133012.21288059768,133012.21288059768,76958.04147069424,281912.89900064026,57166.36026056945,71840.16371374647,31583.51432582117,4.614672254464621,0,PIF,0.019671230113006682,0,0.0
2435,2014-01-01,92549.90779852832,92549.90779852832,97661.51484177701,184493.22396960162,86353.33887445695,42021.89913599706,24935.293461881836,1.9292120166853164,0,PIF,0.0560678489311425,0,0.0
2436,2015-10-01,206605.85660198177,206605.85660198177,216422.2681266001,720494.1637377153,649912.7836653532,107326.31639986845,132448.24858118792,1.3315856167195395,0,PIF,0.08887800675798632,0,0.0
2437,2016-10-01,478528.6583976433,478528.6583976433,304480.74813621305,290369.6429292456,160092.86256159254,71454.43713469231,108420.6135399432,3.879551476887367,15,PIF,0.057984841471954464,0,0.0
2438,2021-01-01,326811.01549478964,326811.01549478964,313930.4754179611,106182.1722231276,34671.30195975942,84673.37645163502,146303.06830024213,3.0100342677564798,0,PIF,0.026938461944246973,0,0.0
2439,2001-07-01,221634.60278130614,221634.60278130614,210520.5427605655,756675.1221924295,327583.67520032806,69951.04524174411,45153.88313428253,1.1903810455788064,0,PIF,0.03757514421174979,0,0.0
2440,2009-01-01,67509.86934839672,67509.86934839672,78028.50522959689,494912.7297249052,235831.68291010393,10756.86772817811,8452.090848080545,2.1196609297576963,30,PIF,0.012617840131143684,0,0.0
2441,2000-01-01,320122.9766259868,320122.9766259868,167253.07680084536,347839.168591306,84814.18503206788,140782.48423959577,66975.91562927242,2.306994590572381,0,PIF,0.06917034401161207,0,0.0
2442,2000-01-01,91515.93842091766,91515.93842091766,52654.12109117725,89371.86628987032,60650.76879356341,31031.19095947134,55380.3124885551,3.671445911950008,0,CHGOFF,0.21068477592308166,1,0.6326426838276298
2443,2005-04-01,294144.83197138686,294144.83197138686,246308.80901465417,108968.5046605171,67967.08486268195,51637.0554419642,77108.63951374893,2.8864008828430645,0,PIF,0.017080206338223814,0,0.0
2444,2014-10-01,388377.7287222843,388377.7287222843,170781.58488372486,729951.0818594416,487737.4746333876,46160.23827712799,49529.925556082446,2.9487613062443407,0,PIF,0.08308408779417326,0,0.0
2445,2022-04-01,240613.40673265385,240613.40673265385,186243.14482600486,481558.8256711888,307539.4802854739,72959.78614475441,87974.28978717618,4.226414798378309,0,PIF,0.11554710040067054,0,0.0
2446,2019-04-01,184735.17266743598,184735.17266743598,204944.6718081963,202772.08042309733,33120.31604089066,40437.55910430766,48001.16902101883,2.1136683940058525,0,PIF,0.032151814885826406,0,0.0
2447,2016-01-01,71322.90521791937,71322.90521791937,38075.230451162664,373974.6143441949,108291.93365879217,75920.90359571128,57404.17894336359,3.690290966301236,0,PIF,0.03237517541382932,0,0.0
2448,2019-04-01,61150.04382271856,61150.04382271856,49773.31440697272,215550.2209807688,60883.79843324213,56220.22570346949,37079.87962848634,2.4702292193149,0,PIF,0.07171476820738047,0,0.0
2449,2004-04-01,243511.95634048455,243511.95634048455,314323.3606481165,172562.87360791702,39406.6630009856,21630.87150275809,17645.72959307321,2.6734801901864174,0,PIF,0.0756970936979775,0,0.0
2450,2020-10-01,447505.37181633554,447505.37181633554,382763.88007185166,306572.4129527977,226367.1279090958,175406.96566226755,130856.22217626814,3.2236096526830433,0,PIF,0.12269561460577362,0,0.0
2451,2022-04-01,159828.25045693567,159828.25045693567,135612.90265617336,530597.0089191659,130585.1086676093,68060.41034875518,80347.99094747855,3.7825872192091685,0,PIF,0.02014053020165329,0,0.0
2452,2002-04-01,308324.97760181956,308324.97760181956,278391.008307943,252205.41840602606,172648.54545768068,28103.607811512305,23367.69821902834,4.780781043597498,0,PIF,0.030385334818819967,0,0.0
2453,2011-07-01,357937.6188558928,357937.6188558928,203095.21281467908,361810.286653509,105906.30225563,109090.01200090336,154964.83929185147,2.076044650233092,0,PIF,0.06897736303810442,0,0.0
2454,2020-10-01,77373.44037561264,77373.44037561264,41197.29446244516,471903.3248442969,115450.27190913881,33422.34849007262,39943.570938098266,1.4149808785683016,30,PIF,0.025731641352435233,0,0.0
2455,2011-10-01,118895.16911151969,118895.16911151969,120038.84150400826,424424.3861301846,118849.03080879849,156887.7082768009,179662.98260714725,2.7151676906904147,0,PIF,0.13970416323731094,0,0.0
2456,2021-01-01,199074.5570388052,199074.5570388052,150538.21495090908,185474.7952794575,103258.04090852488,21699.809215569516,37579.97424154371,3.1868639952706914,0,PIF,0.016178672649632138,0,0.0
2457,2023-04-01,351541.9283668567,351541.9283668567,232339.6729630243,111869.8211394283,74548.48351204736,98280.83048940395,83673.67984859475,1.9120144161568926,0,PIF,0.06547471880195545,0,0.0
2458,2011-10-01,247565.8005026436,247565.8005026436,106020.6625641472,109076.15609812993,87210.73763519876,189327.00272199788,244114.0358663598,4.5619830958590075,0,PIF,0.04240311667549155,0,0.0
2459,2001-04-01,380387.7806982104,380387.7806982104,441799.65616159065,367146.7947828512,92832.98055067046,40204.12019509857,16084.497659173636,4.195388063518228,0,CHGOFF,0.010755507114539911,1,0.4037140132488835
2460,2008-07-01,440419.0395079366,440419.0395079366,188982.03904256062,669417.7044006047,430401.70999376883,48260.048612044615,69093.57890217057,2.9746556537687754,0,PIF,0.1409554168887817,0,0.0
2461,2005-04-01,391267.5244693443,391267.5244693443,420606.6461062166,187629.34495800195,144300.41545577627,124088.333165091,136939.1071575324,2.8002557321423547,0,PIF,0.184893201522714,0,0.0
2462,2011-10-01,496511.2432909621,496511.2432909621,369299.95023256243,725323.695418829,290074.45308566577,196172.2736031145,135700.0006384983,1.16296502681845,0,PIF,0.06775392473421257,0,0.0
2463,2014-07-01,389462.48092924233,389462.48092924233,365634.7883548104,666852.9336373461,142554.79441182312,83308.79217426281,33499.69655391596,3.1475589311051055,0,PIF,0.03391020076691987,0,0.0
2464,2011-07-01,433480.63775335276,433480.63775335276,270019.5110283233,83233.66252620118,22869.012308691494,133242.56762766925,185170.06755690754,3.382988381695549,0,PIF,0.06158714674142106,0,0.0
2465,2004-10-01,424564.8613092504,424564.8613092504,229205.4584908917,101933.25584511299,22756.285214057,38940.24192851045,51704.11278283898,4.566527125809799,0,PIF,0.169313002933236,0,0.0
2466,2007-07-01,378619.593026021,378619.593026021,333203.87023139006,239927.23674120236,206282.1311224582,131865.4553202174,175588.07947113444,3.0043922629859288,0,CHGOFF,0.2094336735229449,1,0.6579428703709937
2467,2016-10-01,410810.8174951508,410810.8174951508,421514.873533444,126019.14706147973,56880.17041393649,58005.792341429704,58727.19601672715,1.629509690712517,0,PIF,0.02845417398375026,0,0.0
2468,2000-07-01,470607.4525403346,470607.4525403346,271043.5223867004,515701.34632165084,293268.4661595139,126524.64542335282,163851.47261773775,1.7202276048933958,0,PIF,0.055332654863493015,0,0.0
2469,2005-04-01,263843.3203368316,263843.3203368316,209154.6823290961,112494.35439590094,86052.61505458887,26845.629535885793,32211.23077696482,1.6394696740937236,0,PIF,0.12082050898798852,0,0.0
2470,2022-04-01,337229.1607606446,337229.1607606446,269847.22451773286,738169.587156226,330108.50758226914,109744.11412401253,80601.9007048772,4.754139496222244,0,PIF,0.04892815835216016,0,0.0
2471,2002-04-01,281722.8747077477,281722.8747077477,167450.7899631386,484228.8965355646,324085.7442312424,55106.948987915675,62065.59319203253,4.173557029441628,0,PIF,0.03739729869964535,0,0.0
2472,2010-04-01,432966.64423643285,432966.64423643285,393369.464008869,676922.5806714316,143063.4464016199,139524.65363258854,156327.59545647338,4.2990645052802146,0,PIF,0.04073442502296242,0,0.0
2473,2005-01-01,244111.8212921783,244111.8212921783,129706.89217949656,695576.0917673898,371941.5904408147,152057.25954297994,236155.8788114892,4.3617340752418166,60,PIF,0.022065405753935518,0,0.0
2474,2002-07-01,418877.0470151298,418877.0470151298,359720.82440033334,495546.4305295908,112595.66791072044,171147.0808062855,172325.36543084684,1.382538570359701,0,PIF,0.03865952265019533,0,0.0
2475,2010-07-01,409709.55877571244,409709.55877571244,205710.40053600824,838797.5585278423,292427.73859818326,198555.12009462557,200643.84253597658,3.8087074247264483,0,CHGOFF,0.13755070120745602,1,0.734250144138513
2476,2013-01-01,482848.74561586574,482848.74561586574,404138.68699945434,891997.4345613526,343127.02771801245,97277.40813411408,172975.40498339155,3.8173468500881005,0,CHGOFF,0.05820639458392794,1,0.4996657700247914
2477,2004-04-01,162014.31466583844,162014.31466583844,110240.88245990308,374556.04253192764,271203.68619491044,137412.93926939162,227040.44948351776,1.8992868317229799,0,PIF,0.1183508112907909,0,0.0
2478,2001-10-01,369328.7794486605,369328.7794486605,298056.32573765435,183208.59500437148,126282.63393595116,13500.50608790312,9979.579312200087,2.9626630809569496,0,PIF,0.0730512691456697,0,0.0
2479,2003-04-01,390613.7739413688,390613.7739413688,308731.1363896221,377855.30649125087,282508.8367549347,181966.5363281801,304686.6486037166,3.649723536473939,0,PIF,0.030556486449487837,0,0.0
2480,2016-04-01,471325.3217620996,471325.3217620996,573668.8128306869,263150.1955517015,52473.21153820267,126991.19765043001,75325.25035546321,4.589345747650523,0,PIF,0.03223163813641918,0,0.0
2481,2021-07-01,458106.088124989,458106.088124989,385240.66826629784,515424.6469906351,487144.00260720955,90055.54606191505,143615.8553436272,1.4417020437199342,0,CHGOFF,0.23978185223407775,1,0.47974218806884994
2482,2004-07-01,308086.63776880177,308086.63776880177,350186.372889109,390277.83302696917,75532.81965653662,92519.42112452364,60753.13022092528,4.56877261602654,0,PIF,0.02725707171602999,0,0.0
2483,2008-01-01,310618.9336387909,310618.9336387909,187330.28854886699,473968.5197151685,384198.0446504637,154019.17280847518,153379.1751619701,4.689659866375357,0,CHGOFF,0.2683951240000366,1,0.5523392636384141
2484,2008-07-01,125281.05278190323,125281.05278190323,89810.79397311842,705813.8123823212,523865.7023598216,168359.30067181986,299257.0211274273,4.694439339296189,0,CHGOFF,0.27718530184913664,1,0.4847995577019767
2485,2009-01-01,488733.21609069704,488733.21609069704,228522.09347828495,304697.1991243188,189951.10795796735,163501.69849982185,87615.41174937629,1.0193395684207132,0,PIF,0.06189309924746787,0,0.0
2486,2006-01-01,164757.85821654208,164757.85821654208,128292.49825832699,520729.2742045749,260930.00959902737,107011.08407893451,168617.68064705966,1.8839950910192753,0,PIF,0.040943297443392083,0,0.0
2487,2001-04-01,376131.2983030814,376131.2983030814,376819.5803517886,354832.2244495245,268148.79935827834,80517.86113792603,87976.03168277052,3.764980944101485,0,PIF,0.04149698265239713,0,0.0
2488,2013-01-01,408107.7521623906,408107.7521623906,471099.3186692594,723667.9085789423,536879.2655967424,189652.47866895175,105330.69414972344,2.2869591239531104,0,PIF,0.22380658116516577,0,0.0
2489,2008-10-01,248546.97707512145,248546.97707512145,226009.58737852122,604420.038574311,156993.67364879255,130497.90970633988,226216.55146365246,1.2443331660634511,60,PIF,0.08223197762730931,0,0.0
2490,2008-07-01,145037.17401307612,145037.17401307612,141565.76764993742,86973.8790187008,68196.73850047901,113294.1477089002,132432.2387312176,4.051768322197083,0,PIF,0.07551280345958301,0,0.0
2491,2006-07-01,135032.17289885902,135032.17289885902,75555.9519661861,621242.099706279,132228.64618243673,123680.5970853756,201957.72920741825,1.1143687698603473,0,PIF,0.04334792252313393,0,0.0
2492,2023-01-01,435423.20040571626,435423.20040571626,188749.61518010596,219532.8466145975,120838.98254693534,129674.6365553937,209651.43218401962,2.7840853117285755,0,PIF,0.1000294021593954,0,0.0
2493,2015-04-01,279840.4190368317,279840.4190368317,311327.87567835365,674068.5079664922,448973.7516753324,145483.84798031175,61174.272807844354,4.790304363021956,0,PIF,0.058406416043887216,0,0.0
2494,2010-04-01,90561.64191722003,90561.64191722003,49839.1856628009,545217.7068132756,440182.1076477052,115105.09205782152,88720.35581357386,2.760931305456339,0,PIF,0.13030524515987404,0,0.0
2495,2005-01-01,372658.7627432999,372658.7627432999,179641.1187776851,409215.79573300324,212991.9824871774,176317.51734692094,153694.25397996002,4.647549141611226,0,PIF,0.04042097763320208,0,0.0
2496,2020-01-01,162576.9737622633,162576.9737622633,202214.22986677173,649134.471949952,220372.3652783578,173345.70071200607,199141.21614887318,2.636016983716882,90,DELQ,0.028737155879294395,0,0.0
2497,2022-01-01,444377.63783789566,444377.63783789566,563101.6681254258,782406.4944123997,424477.18990517163,94028.97148403911,47072.07037964176,2.386744436407838,0,CHGOFF,0.09107979739621697,1,0.3538447373206503
2498,2000-10-01,189307.30371348886,189307.30371348886,180718.72712573654,718569.8453669,251619.07938611147,42021.86130385194,39691.90279630037,1.4295312103960938,0,PIF,0.07589036127642362,0,0.0
2499,2023-01-01,140121.8735405644,140121.8735405644,103798.57705333558,527211.0067889642,302081.5235562447,119564.58561650915,184188.45179637222,2.432363636108797,0,PIF,0.11889953427720718,0,0.0
